file_name,emiten_code,year,status,error_message,total_pages,text_pages,image_pages,ocr_pages,direct_extract_pages,total_extracted_chars,ocr_input_tokens,ocr_output_tokens,ocr_estimated_cost_usd,processing_time_seconds,timestamp_processed,note,ocr_error_pages,ocr_model
ARSA.L_2023.pdf,ARSA.L,2023,success,,74,74,0,0,74,175612,0,0,0.0,2.35,2026-03-17T01:52:19.033682,,,
INDX_2022.pdf,INDX,2022,success,,110,102,8,8,102,379786,9032,5524,0.010544,72.65,2026-03-17T01:53:29.336096,,,
INET_2023.pdf,INET,2023,success,,280,259,21,21,259,715765,23719,1581,0.00830125,112.85,2026-03-17T01:54:09.531857,,,
IPCM_2023.pdf,IPCM,2023,success,,484,464,20,20,464,1630171,22580,2305,0.0091025,115.06,2026-03-17T01:54:14.302704,,,
IRSX_2022.pdf,IRSX,2022,success,,165,159,6,6,159,778501,6774,6028,0.0107355,48.03,2026-03-17T01:54:17.372148,,,
IPCC_2023.pdf,IPCC,2023,success,,714,695,19,19,695,2172036,21451,1801,0.00806425,122.35,2026-03-17T01:54:19.066276,,,
JAYA_2024.pdf,JAYA,2024,success,,256,244,12,12,244,727871,13548,359,0.0039255,47.31,2026-03-17T01:54:56.846939,,,
KIJA_2023.pdf,KIJA,2023,success,,432,418,14,14,418,1238623,15806,9831,0.018698,98.22,2026-03-17T01:55:55.589115,,,
KMTR_2023.pdf,KMTR,2023,success,,298,290,8,8,290,1017561,9032,6174,0.011519,61.03,2026-03-17T01:55:57.880635,,,
JRPT_2022.pdf,JRPT,2022,success,,271,250,21,21,250,995804,23709,6316,0.01540125,126.91,2026-03-17T01:56:21.214250,,,
KIOS_2023.pdf,KIOS,2023,success,,205,179,26,26,179,618833,29354,10262,0.0227315,135.36,2026-03-17T01:56:34.590948,,,
KOKA_2023.pdf,KOKA,2023,success,,157,147,10,10,147,431091,11290,840,0.0040825,56.26,2026-03-17T01:56:54.344137,,,
KONI_2022.pdf,KONI,2022,success,,136,125,11,11,125,357724,12383,6335,0.01259825,75.47,2026-03-17T01:57:36.687790,,,
KOCI_2023.pdf,KOCI,2023,success,,223,204,19,19,204,706810,21451,7532,0.01666075,102.25,2026-03-17T01:57:37.843899,,,
MLIA_2022.pdf,MLIA,2022,success,,269,260,9,9,260,801114,10161,1419,0.00466875,50.49,2026-03-17T01:58:28.504936,,,
LAJU_2023.pdf,LAJU,2023,success,,247,226,21,21,226,579202,23709,5434,0.01407825,100.51,2026-03-17T01:58:34.856906,,,
KRYA_2023.pdf,KRYA,2023,success,,288,264,24,24,264,600492,27096,6925,0.0171615,140.71,2026-03-17T01:58:55.299442,,,
MPOW_2023.pdf,MPOW,2023,success,,86,79,7,7,79,268178,7903,5065,0.00957325,47.74,2026-03-17T01:59:22.601777,,,
MPOW_2022.pdf,MPOW,2022,success,,131,115,16,16,115,473178,18064,5074,0.012127,78.02,2026-03-17T01:59:46.523755,,,
LOPI_2024.pdf,LOPI,2024,success,,267,246,21,21,246,783802,23709,6504,0.01568325,136.27,2026-03-17T01:59:52.961273,,,
NINE_2023.pdf,NINE,2023,success,,139,138,1,1,138,401379,1129,785,0.00145975,7.9,2026-03-17T01:59:54.422992,,,
MUTU_2023.pdf,MUTU,2023,success,,221,210,11,11,210,773859,12407,1523,0.00538625,57.7,2026-03-17T02:00:20.307347,,,
PLIN_2022.pdf,PLIN,2022,success,,330,322,8,8,322,1065311,9032,2121,0.0054395,47.55,2026-03-17T02:00:42.080135,,,
PAMG_2022.pdf,PAMG,2022,success,,220,212,8,8,212,735353,9032,5327,0.0102485,53.14,2026-03-17T02:00:46.098528,,,
MTMH_2023.pdf,MTMH,2023,success,,294,277,17,17,277,1024918,19193,14075,0.02591075,112.82,2026-03-17T02:00:48.116098,,,
PORT_2023.pdf,PORT,2023,success,,99,96,3,3,96,604190,3387,4880,0.00816675,35.59,2026-03-17T02:00:55.895589,,,
PPGL_2022.pdf,PPGL,2022,success,,256,243,13,13,243,718965,14677,1174,0.00543025,67.78,2026-03-17T02:01:49.862762,,,
PPGL_2024.pdf,PPGL,2024,success,,276,262,14,14,262,765575,15806,284,0.0043775,65.62,2026-03-17T02:01:53.741933,,,
PPRO_2024.pdf,PPRO,2024,success,,478,467,11,11,467,1746033,12419,5964,0.01205075,78.37,2026-03-17T02:02:14.269015,,,
PPGL_2023.pdf,PPGL,2023,success,,269,249,20,20,249,753041,22580,7840,0.017405,107.59,2026-03-17T02:02:33.689103,,,
PRDA_2023.pdf,PRDA,2023,success,,382,370,12,12,370,1259168,13548,2099,0.0065355,60.09,2026-03-17T02:03:33.981135,,,
PRAY_2022.pdf,PRAY,2022,success,,328,309,19,19,309,1059511,21451,7192,0.01615075,114.78,2026-03-17T02:03:44.644145,,,
PRDA_2022.pdf,PRDA,2022,success,,390,366,24,24,366,1208061,27096,8196,0.019068,128.23,2026-03-17T02:04:22.500405,,,
PRAY_2023.pdf,PRAY,2023,success,,396,365,31,31,365,1225995,34999,7734,0.02035075,167.28,2026-03-17T02:04:41.025579,,,
PRIM_2022.pdf,PRIM,2022,success,,160,146,14,14,146,617157,15806,5215,0.011774,79.67,2026-03-17T02:05:04.313795,,,
PRDA_2024.pdf,PRDA,2024,success,,416,397,19,19,397,1374248,21451,1746,0.00798175,104.25,2026-03-17T02:05:18.230559,,,
PRIM_2024.pdf,PRIM,2024,success,,271,260,11,11,260,677365,12419,654,0.00408575,45.08,2026-03-17T02:05:26.111871,,,
PTDU_2022.pdf,PTDU,2022,success,,248,242,6,6,242,791359,6774,1698,0.0042405,31.59,2026-03-17T02:05:35.903819,,,
PTMP_2022.pdf,PTMP,2022,success,,171,162,9,9,162,525525,10161,719,0.00361875,42.85,2026-03-17T02:06:08.961228,,,
PRIM_2023.pdf,PRIM,2023,success,,264,239,25,25,239,643148,28225,6023,0.01609075,124.35,2026-03-17T02:06:26.849278,,,
PTPP_2024.pdf,PTPP,2024,success,,442,442,0,0,442,1635236,0,0,0.0,3.56,2026-03-17T02:06:30.414559,,,
PTDU_2023.pdf,PTDU,2023,success,,252,239,13,13,239,779376,14649,1148,0.00538425,74.09,2026-03-17T02:06:32.320922,,,
PTPW_2022.pdf,PTPW,2022,success,,255,246,9,9,246,808782,10161,5457,0.01072575,75.35,2026-03-17T02:07:45.762558,,,
PTMP_2024.pdf,PTMP,2024,success,,236,217,19,19,217,804670,21451,327,0.00585325,97.94,2026-03-17T02:07:46.898756,,,
PTPW_2023.pdf,PTPW,2023,success,,256,245,11,11,245,799056,12419,6044,0.01217075,81.28,2026-03-17T02:07:53.831518,,,
PTSN_2024.pdf,PTSN,2024,success,,268,264,4,4,264,782181,4516,1393,0.0032185,28.36,2026-03-17T02:08:22.196409,,,
PTMP_2023.pdf,PTMP,2023,success,,236,212,24,24,212,855160,27096,8758,0.019911,167.42,2026-03-17T02:08:23.326023,,,
PTSN_2023.pdf,PTSN,2023,success,,268,256,12,12,256,773473,13548,6242,0.01275,65.74,2026-03-17T02:08:52.775699,,,
PTSN_2022.pdf,PTSN,2022,success,,264,248,16,16,248,714938,18045,6924,0.01489725,85.09,2026-03-17T02:09:10.855062,,,
PUDP_2022.pdf,PUDP,2022,success,,246,228,18,18,228,628472,20322,1638,0.0075375,80.79,2026-03-17T02:09:42.992300,,,
PURA_2023.pdf,PURA,2023,success,,276,263,13,13,263,637024,14677,6926,0.01405825,87.78,2026-03-17T02:11:11.903227,,,
PUDP_2023.pdf,PUDP,2023,success,,262,243,19,19,243,662076,21451,7199,0.01616125,105.46,2026-03-17T02:11:28.673304,,,
PUDP_2024.pdf,PUDP,2024,success,,262,241,21,21,241,717794,23709,1590,0.00831225,110.61,2026-03-17T02:11:33.831393,,,
PURA_2022.pdf,PURA,2022,success,,230,207,23,23,207,558548,25967,782,0.00766475,125.43,2026-03-17T02:11:48.651524,,,
PURA_2024.pdf,PURA,2024,success,,287,271,16,16,271,669672,18052,3503,0.0097675,85.08,2026-03-17T02:12:36.987638,,,
PWON_2022.pdf,PWON,2022,success,,360,349,11,11,349,1251953,12419,1381,0.00517625,69.17,2026-03-17T02:13:46.162967,,,
PURI_2024.pdf,PURI,2024,success,,435,410,25,25,410,1307793,28375,8281,0.01951525,137.76,2026-03-17T02:14:06.411563,,,
PURI_2023.pdf,PURI,2023,success,,403,372,31,31,372,1217793,34999,15587,0.03213025,203.07,2026-03-17T02:14:56.905894,,,
PWON_2023.pdf,PWON,2023,success,,398,383,15,15,383,1350908,16935,5527,0.01252425,81.27,2026-03-17T02:15:07.432753,,,
PWON_2024.pdf,PWON,2024,success,,335,323,12,12,323,1089025,13608,5580,0.011772,61.91,2026-03-17T02:15:08.325851,,,
PURI_2022.pdf,PURI,2022,success,,344,306,38,38,306,939574,42902,27782,0.0523985,238.69,2026-03-17T02:15:27.361652,,,
RBMS_2022.pdf,RBMS,2022,success,,200,196,4,4,196,622138,4526,1270,0.0030365,23.19,2026-03-17T02:15:50.552417,,,
PYFA_2024.pdf,PYFA,2024,success,,356,344,12,12,344,1226880,13548,1674,0.005898,55.8,2026-03-17T02:16:04.334170,,,
RBMS_2023.pdf,RBMS,2023,success,,189,186,3,3,186,602693,3397,1195,0.00264175,20.32,2026-03-17T02:16:10.874972,,,
RBMS_2024.pdf,RBMS,2024,success,,200,198,2,2,198,639437,2268,721,0.0016485,18.78,2026-03-17T02:16:23.119177,,,
PYFA_2022.pdf,PYFA,2022,success,,368,338,30,30,338,957720,33870,7187,0.019248,154.79,2026-03-17T02:17:31.699252,,,
RCCC_2022.pdf,RCCC,2022,success,,163,144,19,19,144,436274,21451,4301,0.01181425,106.7,2026-03-17T02:17:57.572410,,,
PYFA_2023.pdf,PYFA,2023,success,,301,270,31,31,270,963957,34999,8414,0.02137075,182.79,2026-03-17T02:18:10.225586,,,
RCCC_2023.pdf,RCCC,2023,success,,179,154,25,25,154,505148,28225,5759,0.01569475,142.9,2026-03-17T02:18:46.015841,,,
REAL_2022.pdf,REAL,2022,success,,107,103,4,4,103,640604,4516,4048,0.007201,46.62,2026-03-17T02:18:56.843116,,,
RDTX_2024.pdf,RDTX,2024,success,,253,232,21,21,232,717075,23709,6325,0.01541475,116.06,2026-03-17T02:19:53.633410,,,
REAL_2024.pdf,REAL,2024,success,,264,250,14,14,250,702465,15806,1099,0.0056,75.81,2026-03-17T02:20:12.654386,,,
RDTX_2023.pdf,RDTX,2023,success,,238,208,30,30,208,686921,33870,7318,0.0194445,175.4,2026-03-17T02:20:27.100140,,,
RISE_2022.pdf,RISE,2022,success,,236,222,14,14,222,798476,15806,1272,0.0058595,74.36,2026-03-17T02:21:41.457939,,,
RELF_2023.pdf,RELF,2023,success,,182,161,21,21,161,552711,23719,5951,0.01485625,130.99,2026-03-17T02:22:04.626218,,,
RELF_2024.pdf,RELF,2024,success,,101,88,13,13,88,576616,14687,8666,0.01667075,129.67,2026-03-17T02:22:22.322357,,,
RISE_2024.pdf,RISE,2024,success,,275,256,19,19,256,993998,21451,1484,0.00758875,112.4,2026-03-17T02:23:57.024209,,,
RISE_2023.pdf,RISE,2023,success,,257,235,22,22,235,853824,24838,1613,0.008629,138.82,2026-03-17T02:24:00.282289,,,
ROCK_2022.pdf,ROCK,2022,success,,273,245,28,28,245,743624,31612,8328,0.020395,172.29,2026-03-17T02:25:14.612690,,,
REAL_2023.pdf,REAL,2023,success,,200,138,62,62,138,601647,69998,39183,0.076274,442.95,2026-03-17T02:26:08.964131,,,
RODA_2023.pdf,RODA,2023,success,,181,163,18,18,163,643308,20350,6655,0.01507,116.1,2026-03-17T02:28:05.064899,,,
ROCK_2023.pdf,ROCK,2023,success,,295,257,38,38,257,797880,42902,7498,0.0219725,250.0,2026-03-17T02:28:07.022867,,,
RODA_2022.pdf,RODA,2022,success,,205,181,24,24,181,691539,27096,6379,0.0163425,189.88,2026-03-17T02:28:24.493770,,,
ROCK_2024.pdf,ROCK,2024,success,,315,274,41,41,274,798702,46289,8585,0.02444975,306.89,2026-03-17T02:29:07.648399,,,
RODA_2024.pdf,RODA,2024,success,,181,163,18,18,163,643466,20350,6697,0.015133,110.34,2026-03-17T02:29:55.410015,,,
RSCH_2023.pdf,RSCH,2023,success,,200,191,9,9,191,591616,10161,6223,0.01187475,61.47,2026-03-17T02:30:56.884581,,,
RSGK_2022.pdf,RSGK,2022,success,,199,185,14,14,185,880416,15806,8031,0.015998,91.79,2026-03-17T02:32:28.679012,,,
RSGK_2023.pdf,RSGK,2023,success,,188,185,3,3,185,817324,3387,1399,0.00294525,15.69,2026-03-17T02:32:44.374238,,,
RSGK_2024.pdf,RSGK,2024,success,,272,268,4,4,268,905177,4516,957,0.0025645,21.41,2026-03-17T02:33:05.788208,,,
RONY_2022.pdf,RONY,2022,success,,278,145,133,133,145,254501,149758,3078,0.0420565,603.62,2026-03-17T02:38:10.932999,,,
RUNS_2022.pdf,RUNS,2022,success,,239,184,55,55,184,536109,62095,22823,0.04975825,331.31,2026-03-17T02:38:37.096619,,,
RUNS_2023.pdf,RUNS,2023,success,,246,228,18,18,228,498804,20322,265,0.005478,91.27,2026-03-17T02:39:42.203745,,,
RUNS_2024.pdf,RUNS,2024,success,,245,227,18,18,227,545847,20322,5965,0.014028,109.27,2026-03-17T02:40:26.369211,,,
SAFE_2022.pdf,SAFE,2022,success,,150,133,17,17,133,434550,19193,5413,0.01291775,89.19,2026-03-17T02:41:11.394960,,,
SAFE_2023.pdf,SAFE,2023,success,,138,129,9,9,129,430399,10161,925,0.00392775,50.96,2026-03-17T02:41:17.330843,,,
RONY_2023.pdf,RONY,2023,success,,266,134,132,132,134,247676,149028,79500,0.156507,799.97,2026-03-17T02:41:44.467096,,,
SAFE_2024.pdf,SAFE,2024,success,,140,125,15,15,125,438695,16935,4987,0.01171425,89.11,2026-03-17T02:42:40.507596,,,
RONY_2024.pdf,RONY,2024,success,,349,207,142,142,207,449989,160318,81468,0.1622815,904.39,2026-03-17T02:44:12.044267,,,
SAGE_2023.pdf,SAGE,2023,success,,251,220,31,31,220,586859,34999,5843,0.01751425,153.11,2026-03-17T02:44:17.575667,,,
SAGE_2022.pdf,SAGE,2022,success,,229,56,173,173,56,582515,195317,95955,0.19276175,971.37,2026-03-17T02:57:28.703770,,,
SAME_2024.pdf,SAME,2024,success,,231,229,2,2,229,1141939,2258,962,0.0020075,19.29,2026-03-17T03:02:34.720694,,,
SAPX_2022.pdf,SAPX,2022,success,,165,160,5,5,160,767887,5645,4284,0.00783725,41.3,2026-03-17T03:03:16.025868,,,
SAME_2022.pdf,SAME,2022,success,,224,211,13,13,211,1017498,14677,7617,0.01509475,90.48,2026-03-17T03:03:45.897527,,,
SAME_2023.pdf,SAME,2023,success,,215,203,12,12,203,984889,13548,7939,0.0152955,95.35,2026-03-17T03:03:50.767281,,,
SAGE_2024.pdf,SAGE,2024,success,,243,225,18,18,225,575297,20322,151,0.005307,98.45,2026-03-17T03:03:53.871185,,,
SAPX_2023.pdf,SAPX,2023,success,,268,254,14,14,254,819003,15806,5467,0.012152,102.97,2026-03-17T03:04:58.998246,,,
SAPX_2024.pdf,SAPX,2024,success,,286,273,13,13,273,848996,14677,5422,0.01180225,102.22,2026-03-17T03:05:28.123444,,,
SATU_2023.pdf,SATU,2023,success,,363,341,22,22,341,844469,24838,2029,0.009253,130.51,2026-03-17T03:06:04.385520,,,
SATU_2022.pdf,SATU,2022,success,,308,280,28,28,280,772547,31600,7257,0.0187855,143.29,2026-03-17T03:06:14.055994,,,
SATU_2024.pdf,SATU,2024,success,,335,321,14,14,321,854224,15816,2350,0.007479,77.05,2026-03-17T03:06:16.047937,,,
SCCO_2022.pdf,SCCO,2022,success,,179,165,14,14,165,623814,15806,6976,0.0144155,82.99,2026-03-17T03:06:51.119292,,,
SCCO_2023.pdf,SCCO,2023,success,,177,162,15,15,162,607698,16935,6848,0.01450575,100.68,2026-03-17T03:07:45.070326,,,
SCCO_2024.pdf,SCCO,2024,success,,181,164,17,17,164,637697,19193,8026,0.01683725,100.73,2026-03-17T03:07:54.790537,,,
SCPI_2024.pdf,SCPI,2024,success,,287,274,13,13,274,840554,14677,4947,0.01108975,75.77,2026-03-17T03:09:00.837151,,,
SDMU_2023.pdf,SDMU,2023,success,,284,265,19,19,265,839015,21451,1459,0.00755125,88.05,2026-03-17T03:10:28.891573,,,
SDMU_2022.pdf,SDMU,2022,success,,226,196,30,30,196,610591,33870,7913,0.020337,156.11,2026-03-17T03:10:30.903847,,,
SIDO_2022.pdf,SIDO,2022,success,,326,318,8,8,318,1052475,9032,1266,0.004157,51.04,2026-03-17T03:11:22.268184,,,
SDMU_2024.pdf,SDMU,2024,success,,277,268,9,9,268,864504,10171,902,0.00389575,80.24,2026-03-17T03:11:49.130383,,,
SIDO_2024.pdf,SIDO,2024,success,,377,360,17,17,360,1224692,19193,1741,0.00740975,74.48,2026-03-17T03:13:03.611340,,,
SILO_2022.pdf,SILO,2022,success,,390,381,9,9,381,1279387,10161,6596,0.01243425,70.16,2026-03-17T03:14:13.769774,,,
SCPI_2023.pdf,SCPI,2023,success,,306,236,70,70,236,770857,79030,60421,0.110389,492.35,2026-03-17T03:15:03.466880,,,
SILO_2023.pdf,SILO,2023,success,,360,338,22,22,338,1274690,24838,6274,0.0156205,126.29,2026-03-17T03:16:20.442503,,,
SILO_2024.pdf,SILO,2024,success,,414,393,21,21,393,1405894,23709,6823,0.01616175,104.34,2026-03-17T03:16:47.803712,,,
SINI_2022.pdf,SINI,2022,success,,130,122,8,8,122,540582,9032,5169,0.0100115,57.83,2026-03-17T03:17:18.276804,,,
SINI_2023.pdf,SINI,2023,success,,244,219,25,25,219,714634,28225,8452,0.01973425,146.1,2026-03-17T03:19:13.906878,,,
SINI_2024.pdf,SINI,2024,success,,290,264,26,26,264,875881,29354,7573,0.018698,136.26,2026-03-17T03:19:34.540096,,,
SKRN_2022.pdf,SKRN,2022,success,,108,95,13,13,95,187392,14677,732,0.00476725,59.16,2026-03-17T03:20:13.070306,,,
SKRN_2023.pdf,SKRN,2023,success,,275,262,13,13,262,831731,14677,1857,0.00645475,66.27,2026-03-17T03:20:40.812555,,,
SKRN_2024.pdf,SKRN,2024,success,,284,276,8,8,276,877344,9032,926,0.003647,35.29,2026-03-17T03:20:48.364783,,,
SMDM_2023.pdf,SMDM,2023,success,,223,205,18,18,205,693881,20322,5755,0.013713,95.46,2026-03-17T03:22:23.823727,,,
SMDM_2024.pdf,SMDM,2024,success,,230,223,7,7,223,717583,7903,5374,0.01003675,63.57,2026-03-17T03:23:27.395596,,,
SMDR_2022.pdf,SMDR,2022,success,,64,58,6,6,58,248224,6774,224,0.0020295,34.9,2026-03-17T03:24:02.298272,,,
SCPI_2022.pdf,SCPI,2022,success,,196,3,193,193,3,524610,212493,132422,0.25175625,1168.11,2026-03-17T03:25:44.160432,,,
SMDR_2023.pdf,SMDR,2023,success,,198,163,35,35,163,334259,39515,1184,0.01165475,139.33,2026-03-17T03:26:21.631261,,,
SIDO_2023.pdf,SIDO,2023,success,,354,233,121,121,233,1144309,136609,164090,0.28028725,926.54,2026-03-17T03:26:48.810342,,,
SMIL_2022.pdf,SMIL,2022,success,,183,167,16,16,167,440994,18064,1048,0.006088,66.17,2026-03-17T03:27:27.801881,,,
SMIL_2023.pdf,SMIL,2023,success,,254,246,8,8,246,759344,9032,6188,0.01154,59.32,2026-03-17T03:27:48.132869,,,
SMDR_2024.pdf,SMDR,2024,success,,356,303,53,53,303,801448,59837,1758,0.01759625,215.89,2026-03-17T03:29:20.048977,,,
SMIL_2024.pdf,SMIL,2024,success,,256,234,22,22,234,800533,24838,5675,0.014722,147.88,2026-03-17T03:29:55.679867,,,
SMKM_2023.pdf,SMKM,2023,success,,116,96,20,20,96,241238,22400,3340,0.01061,105.86,2026-03-17T03:31:05.910769,,,
SMKM_2024.pdf,SMKM,2024,success,,126,104,22,22,104,308224,24658,5534,0.0144655,103.7,2026-03-17T03:31:39.382513,,,
SMRA_2023.pdf,SMRA,2023,success,,322,318,4,4,318,1080198,4516,1287,0.0030595,25.36,2026-03-17T03:32:04.741297,,,
SMRA_2024.pdf,SMRA,2024,success,,333,331,2,2,331,1143947,2258,885,0.001892,15.16,2026-03-17T03:32:19.906548,,,
SMRA_2022.pdf,SMRA,2022,success,,325,312,13,13,312,1064901,14677,7520,0.01494925,97.47,2026-03-17T03:32:43.386121,,,
SMKM_2022.pdf,SMKM,2022,success,,123,67,56,56,67,249356,62552,35208,0.06845,337.58,2026-03-17T03:33:25.719124,,,
SOHO_2022.pdf,SOHO,2022,success,,392,364,28,28,364,1619828,31612,4423,0.0145375,171.58,2026-03-17T03:35:11.486277,,,
SOHO_2023.pdf,SOHO,2023,success,,420,394,26,26,394,1268482,29354,3133,0.012038,158.55,2026-03-17T03:35:21.939213,,,
SOHO_2024.pdf,SOHO,2024,success,,446,422,24,24,422,1354744,27096,2016,0.009798,140.91,2026-03-17T03:35:46.628228,,,
SMDM_2022.pdf,SMDM,2022,success,,224,98,126,126,98,697470,142158,129863,0.230334,917.96,2026-03-17T03:35:58.777339,,,
SOSS_2022.pdf,SOSS,2022,success,,304,284,20,20,284,953148,22580,6323,0.0151295,123.77,2026-03-17T03:37:15.261055,,,
SOSS_2023.pdf,SOSS,2023,success,,288,272,16,16,272,874425,18064,6059,0.0136045,115.08,2026-03-17T03:39:10.401016,,,
SPTO_2022.pdf,SPTO,2022,success,,330,307,23,23,307,963957,25967,6281,0.01591325,135.31,2026-03-17T03:39:30.624305,,,
SOSS_2024.pdf,SOSS,2024,success,,269,246,23,23,246,852759,25967,6100,0.01564175,141.68,2026-03-17T03:39:36.993948,,,
SPTO_2023.pdf,SPTO,2023,success,,348,324,24,24,324,995650,27096,6359,0.0163125,147.6,2026-03-17T03:39:42.998941,,,
SRAJ_2022.pdf,SRAJ,2022,success,,287,272,15,15,272,820597,16935,6660,0.01422375,110.5,2026-03-17T03:41:21.125660,,,
SPTO_2024.pdf,SPTO,2024,success,,363,339,24,24,339,1035959,27106,6227,0.016117,153.62,2026-03-17T03:41:44.022982,,,
SRAJ_2023.pdf,SRAJ,2023,success,,302,282,20,20,282,789708,22580,6750,0.01577,135.9,2026-03-17T03:41:53.264363,,,
SRAJ_2024.pdf,SRAJ,2024,success,,308,284,24,24,284,803775,27096,6651,0.0167505,165.15,2026-03-17T03:42:28.151790,,,
SSIA_2023.pdf,SSIA,2023,success,,223,219,4,4,219,1489410,4516,5574,0.00949,73.0,2026-03-17T03:42:57.020282,,,
SSIA_2022.pdf,SSIA,2022,success,,475,462,13,13,462,1499735,14677,6050,0.01274425,107.28,2026-03-17T03:43:08.403210,,,
SSIA_2024.pdf,SSIA,2024,success,,301,294,7,7,294,2025071,7903,6516,0.01174975,83.57,2026-03-17T03:43:17.035054,,,
SUPR_2023.pdf,SUPR,2023,success,,230,226,4,4,226,1319807,4516,4434,0.00778,38.95,2026-03-17T03:43:35.967948,,,
SUPR_2024.pdf,SUPR,2024,success,,207,204,3,3,204,1221476,3387,4377,0.00741225,35.79,2026-03-17T03:43:44.192137,,,
SUPR_2022.pdf,SUPR,2022,success,,292,280,12,12,280,922347,13548,6991,0.0138735,86.5,2026-03-17T03:43:54.650047,,,
TARA_2024.pdf,TARA,2024,success,,216,208,8,8,208,630619,9032,1274,0.004169,38.79,2026-03-17T03:44:33.438175,,,
SURI_2023.pdf,SURI,2023,success,,223,207,16,16,207,665725,18064,6924,0.014902,100.55,2026-03-17T03:44:57.585423,,,
TAXI_2022.pdf,TAXI,2022,success,,247,240,7,7,240,859490,7903,965,0.00342325,37.89,2026-03-17T03:45:11.328725,,,
SURI_2024.pdf,SURI,2024,success,,222,203,19,19,203,699402,21461,1518,0.00764225,102.71,2026-03-17T03:45:18.679491,,,
TARA_2023.pdf,TARA,2023,success,,209,191,18,18,191,607472,20322,9193,0.01887,108.7,2026-03-17T03:45:32.895061,,,
TAXI_2024.pdf,TAXI,2024,success,,214,204,10,10,204,746600,11290,1124,0.0045085,58.09,2026-03-17T03:46:09.414810,,,
TAXI_2023.pdf,TAXI,2023,success,,262,247,15,15,247,812400,16935,6249,0.01360725,101.65,2026-03-17T03:46:39.243627,,,
TBIG_2024.pdf,TBIG,2024,success,,391,378,13,13,378,1185011,14677,991,0.00515575,79.24,2026-03-17T03:47:28.657718,,,
TBIG_2022.pdf,TBIG,2022,success,,356,330,26,26,330,1229515,29354,1335,0.009341,134.62,2026-03-17T03:47:33.301605,,,
TBIG_2023.pdf,TBIG,2023,success,,364,340,24,24,340,1273339,27096,1814,0.009495,136.54,2026-03-17T03:47:49.438411,,,
TFAS_2022.pdf,TFAS,2022,success,,280,263,17,17,263,950342,19193,1074,0.00640925,81.7,2026-03-17T03:48:50.361228,,,
TFAS_2024.pdf,TFAS,2024,success,,87,73,14,14,73,342904,15806,14559,0.02579,102.55,2026-03-17T03:49:31.985284,,,
TFAS_2023.pdf,TFAS,2023,success,,249,225,24,24,225,788138,27096,7250,0.017649,128.01,2026-03-17T03:49:41.316796,,,
TECH_2022.pdf,TECH,2022,success,,185,172,13,13,172,446360,14653,67134,0.10436425,200.85,2026-03-17T03:50:00.096917,,,
TGRA_2022.pdf,TGRA,2022,success,,173,161,12,12,161,554154,13558,6124,0.0125755,88.48,2026-03-17T03:50:18.838049,,,
TIRA_2023.pdf,TIRA,2023,success,,286,276,10,10,276,974894,11290,1536,0.0051265,51.4,2026-03-17T03:50:51.499639,,,
TGRA_2023.pdf,TGRA,2023,success,,248,231,17,17,231,664432,19193,6566,0.01464725,88.17,2026-03-17T03:51:00.157379,,,
TIRA_2024.pdf,TIRA,2024,success,,300,291,9,9,291,1062543,10077,1430,0.00466425,49.83,2026-03-17T03:51:08.669194,,,
TIRA_2022.pdf,TIRA,2022,success,,232,208,24,24,208,670310,26928,7217,0.0175575,147.72,2026-03-17T03:52:09.041665,,,
TLKM_2022.pdf,TLKM,2022,success,,487,473,14,14,473,1235570,15806,5901,0.012803,92.36,2026-03-17T03:52:23.862172,,,
TLKM_2023.pdf,TLKM,2023,success,,521,505,16,16,505,1286007,18064,2711,0.0085825,100.76,2026-03-17T03:52:40.919019,,,
TLKM_2024.pdf,TLKM,2024,success,,588,569,19,19,569,1443965,21451,1829,0.00810625,95.49,2026-03-17T03:52:44.158781,,,
TNCA_2022.pdf,TNCA,2022,success,,206,197,9,9,197,630244,10161,5945,0.01145775,66.31,2026-03-17T03:53:50.594760,,,
TMAS_2022.pdf,TMAS,2022,success,,182,159,23,23,159,406079,25967,859,0.00778025,128.9,2026-03-17T03:54:17.943985,,,
TMAS_2024.pdf,TMAS,2024,success,,306,277,29,29,277,822524,32741,1585,0.01056275,169.68,2026-03-17T03:55:30.659018,,,
TMAS_2023.pdf,TMAS,2023,success,,307,277,30,30,277,809990,33870,2560,0.0123075,199.68,2026-03-17T03:55:43.544976,,,
TOPS_2022.pdf,TOPS,2022,success,,438,432,6,6,432,1216149,6774,209,0.002007,31.28,2026-03-17T03:56:01.944279,,,
TNCA_2023.pdf,TNCA,2023,success,,233,209,24,24,209,706139,27072,6437,0.0164235,142.92,2026-03-17T03:56:13.518264,,,
TOPS_2023.pdf,TOPS,2023,success,,426,413,13,13,413,995259,14677,2179,0.00693775,76.63,2026-03-17T03:57:00.172959,,,
TNCA_2024.pdf,TNCA,2024,success,,239,202,37,37,202,760934,41761,8257,0.02282575,187.11,2026-03-17T03:57:25.055645,,,
TOTL_2022.pdf,TOTL,2022,success,,444,428,16,16,428,1631580,18064,6575,0.0143785,118.38,2026-03-17T03:58:11.897476,,,
TOTL_2023.pdf,TOTL,2023,success,,461,445,16,16,445,1578770,18064,6810,0.014731,99.35,2026-03-17T03:58:39.521032,,,
TOSK_2024.pdf,TOSK,2024,success,,345,314,31,31,314,1104527,34795,8716,0.02177275,174.75,2026-03-17T03:58:56.698128,,,
TOTO_2023.pdf,TOTO,2023,success,,362,358,4,4,358,933390,4516,2342,0.004642,33.41,2026-03-17T03:59:12.936562,,,
TOTL_2024.pdf,TOTL,2024,success,,480,459,21,21,459,1578376,23709,6640,0.01588725,138.64,2026-03-17T03:59:43.693875,,,
TOTO_2022.pdf,TOTO,2022,success,,400,378,22,22,378,933207,24838,7838,0.0179665,152.72,2026-03-17T04:00:44.622087,,,
TOWR_2023.pdf,TOWR,2023,success,,318,317,1,1,317,1840042,1129,35,0.00033475,13.32,2026-03-17T04:00:57.964647,,,
TOTO_2024.pdf,TOTO,2024,success,,373,364,9,9,364,953645,10161,1462,0.00473325,52.16,2026-03-17T04:01:36.809133,,,
TOWR_2024.pdf,TOWR,2024,success,,583,574,9,9,574,1953792,10161,1516,0.00481425,57.7,2026-03-17T04:01:42.352638,,,
TRIN_2023.pdf,TRIN,2023,success,,372,364,8,8,364,1104534,9032,1442,0.004421,51.51,2026-03-17T04:02:28.320125,,,
TOWR_2022.pdf,TOWR,2022,success,,478,461,17,17,461,1518988,19193,1815,0.00752075,108.33,2026-03-17T04:02:32.980808,,,
TRIN_2022.pdf,TRIN,2022,success,,431,404,27,27,404,1159413,30483,1404,0.00972675,155.64,2026-03-17T04:03:33.606222,,,
TRJA_2023.pdf,TRJA,2023,success,,426,407,19,19,407,1432076,21451,8078,0.01747975,124.68,2026-03-17T04:04:37.836363,,,
TRIN_2024.pdf,TRIN,2024,success,,384,355,29,29,355,1075744,32729,1713,0.01075175,178.16,2026-03-17T04:04:40.511574,,,
TRJA_2024.pdf,TRJA,2024,success,,225,211,14,14,211,684998,15806,5160,0.0116915,81.44,2026-03-17T04:04:55.043249,,,
TRJA_2022.pdf,TRJA,2022,success,,484,456,28,28,456,1405129,31612,2581,0.0117745,149.81,2026-03-17T04:04:58.128172,,,
TRON_2024.pdf,TRON,2024,success,,287,270,17,17,270,815886,19193,3303,0.00975275,89.95,2026-03-17T04:06:24.993690,,,
TRON_2022.pdf,TRON,2022,success,,280,254,26,26,254,984034,29354,7509,0.018602,163.32,2026-03-17T04:07:21.161829,,,
TRON_2023.pdf,TRON,2023,success,,289,261,28,28,261,908391,31612,6706,0.017962,167.36,2026-03-17T04:07:27.946462,,,
TRUE_2022.pdf,TRUE,2022,success,,269,240,29,29,240,665156,32741,5707,0.01674575,208.74,2026-03-17T04:08:26.868909,,,
TRUK_2022.pdf,TRUK,2022,success,,197,178,19,19,178,575589,21451,6444,0.01502875,109.59,2026-03-17T04:09:17.541825,,,
TRUE_2024.pdf,TRUE,2024,success,,274,246,28,28,246,704692,31600,611,0.0088165,149.92,2026-03-17T04:09:51.263170,,,
TRUK_2024.pdf,TRUK,2024,success,,217,207,10,10,207,684597,11290,1005,0.00433,49.71,2026-03-17T04:10:07.252043,,,
TRUE_2023.pdf,TRUE,2023,success,,259,221,38,38,221,657630,42902,8552,0.0235535,228.72,2026-03-17T04:10:13.716634,,,
TRUK_2023.pdf,TRUK,2023,success,,219,200,19,19,200,636302,21501,7172,0.01613325,117.36,2026-03-17T04:10:24.231054,,,
TSPC_2022.pdf,TSPC,2022,success,,121,118,3,3,118,783402,3387,3279,0.00576525,37.45,2026-03-17T04:10:28.713238,,,
TSPC_2024.pdf,TSPC,2024,success,,124,121,3,3,121,829584,3387,3353,0.00587625,27.28,2026-03-17T04:10:41.002127,,,
TSPC_2023.pdf,TSPC,2023,success,,120,116,4,4,116,802822,4516,5106,0.008788,46.75,2026-03-17T04:10:53.999107,,,
UANG_2023.pdf,UANG,2023,success,,180,165,15,15,165,589468,16935,294,0.00467475,72.22,2026-03-17T04:11:40.933993,,,
UANG_2022.pdf,UANG,2022,success,,196,180,16,16,180,639790,18064,1301,0.0064675,86.77,2026-03-17T04:11:51.000750,,,
UNTR_2022.pdf,UNTR,2022,success,,484,466,18,18,466,1430499,20322,7164,0.0158265,102.86,2026-03-17T04:12:36.978415,,,
UANG_2024.pdf,UANG,2024,success,,198,176,22,22,176,660072,24838,6127,0.0154,134.34,2026-03-17T04:12:55.342557,,,
UNTR_2024.pdf,UNTR,2024,success,,491,474,17,17,474,1506755,19193,7044,0.01536425,101.89,2026-03-17T04:13:32.896796,,,
UNTR_2023.pdf,UNTR,2023,success,,528,506,22,22,506,1540986,24838,7697,0.017755,129.49,2026-03-17T04:13:50.421286,,,
UVCR_2023.pdf,UVCR,2023,success,,419,419,0,0,419,1106761,0,0,0.0,5.45,2026-03-17T04:13:55.867730,,,
URBN_2022.pdf,URBN,2022,success,,222,202,20,20,202,686083,22580,6710,0.01571,143.58,2026-03-17T04:15:00.562394,,,
UVCR_2022.pdf,UVCR,2022,success,,363,346,17,17,346,1080180,19193,1693,0.00733775,89.1,2026-03-17T04:15:01.996564,,,
VAST_2023.pdf,VAST,2023,success,,248,245,3,3,245,818485,3387,251,0.00122325,15.21,2026-03-17T04:15:17.555173,,,
VAST_2024.pdf,VAST,2024,success,,308,306,2,2,306,904764,2258,116,0.0007385,16.64,2026-03-17T04:15:34.193425,,,
UVCR_2024.pdf,UVCR,2024,success,,320,305,15,15,305,955935,16935,5442,0.01239675,98.64,2026-03-17T04:15:34.506215,,,
URBN_2023.pdf,URBN,2023,success,,222,194,28,28,194,671163,31612,6651,0.0178795,171.69,2026-03-17T04:15:47.032374,,,
VAST_2022.pdf,VAST,2022,success,,172,164,8,8,164,789918,9042,5425,0.010398,68.51,2026-03-17T04:16:09.069984,,,
VOKS_2022.pdf,VOKS,2022,success,,323,311,12,12,311,1004815,13548,9031,0.0169335,96.72,2026-03-17T04:17:11.389693,,,
VOKS_2024.pdf,VOKS,2024,success,,357,339,18,18,339,1162764,20322,10339,0.020589,100.76,2026-03-17T04:17:49.835283,,,
VOKS_2023.pdf,VOKS,2023,success,,329,297,32,32,297,1084844,36104,12291,0.0274625,181.94,2026-03-17T04:18:48.972863,,,
VISI_2024.pdf,VISI,2024,success,,216,169,47,47,169,568498,53063,10989,0.02974925,235.84,2026-03-17T04:19:30.060761,,,
AALI_2022.pdf,AALI,2022,success,,234,214,20,0,234,768626,0,0,0.0,8.09,2026-03-18T15:33:40.099778,large_doc_pymupdf_only,,
AALI_2023.pdf,AALI,2023,success,,256,233,23,0,256,807393,0,0,0.0,11.28,2026-03-18T15:33:43.283215,large_doc_pymupdf_only,,
AALI_2024.pdf,AALI,2024,success,,258,258,0,0,258,879779,0,0,0.0,15.28,2026-03-18T15:33:47.287595,large_doc_pymupdf_only,,
AADI_2024.pdf,AADI,2024,success,,502,472,30,0,502,1631301,0,0,0.0,25.77,2026-03-18T15:33:57.775455,large_doc_pymupdf_only,,
ABBA_2023.pdf,ABBA,2023,success,,299,263,36,0,299,975109,0,0,0.0,21.42,2026-03-18T15:34:05.104493,large_doc_pymupdf_only,,
ABBA_2024.pdf,ABBA,2024,success,,338,318,20,0,338,1089556,0,0,0.0,19.23,2026-03-18T15:34:06.775293,large_doc_pymupdf_only,,
ABBA_2022.pdf,ABBA,2022,success,,305,271,34,0,305,1041988,0,0,0.0,27.89,2026-03-18T15:34:08.275520,large_doc_pymupdf_only,,
ABDA_2022.pdf,ABDA,2022,success,,317,308,9,0,317,1107376,0,0,0.0,12.54,2026-03-18T15:34:10.451137,large_doc_pymupdf_only,,
ABDA_2023.pdf,ABDA,2023,success,,350,345,5,0,350,1094748,0,0,0.0,12.2,2026-03-18T15:34:17.541143,large_doc_pymupdf_only,,
ABDA_2024.pdf,ABDA,2024,success,,327,322,5,0,327,1008035,0,0,0.0,10.65,2026-03-18T15:34:17.673474,large_doc_pymupdf_only,,
ACES_2022.pdf,ACES,2022,success,,258,233,25,0,258,627415,0,0,0.0,12.88,2026-03-18T15:34:30.854642,large_doc_pymupdf_only,,
ABMM_2022.pdf,ABMM,2022,success,,551,541,10,0,551,1933173,0,0,0.0,22.78,2026-03-18T15:34:31.265249,large_doc_pymupdf_only,,
ABMM_2023.pdf,ABMM,2023,success,,628,603,25,0,628,2109949,0,0,0.0,27.99,2026-03-18T15:34:38.576788,large_doc_pymupdf_only,,
ACES_2024.pdf,ACES,2024,success,,298,274,24,0,298,888610,0,0,0.0,14.44,2026-03-18T15:34:45.851683,large_doc_pymupdf_only,,
ACRO_2023.pdf,ACRO,2023,success,,273,258,15,0,273,785303,0,0,0.0,10.98,2026-03-18T15:34:49.669824,large_doc_pymupdf_only,,
ACES_2023.pdf,ACES,2023,success,,288,258,30,0,288,849423,0,0,0.0,18.97,2026-03-18T15:34:50.155243,large_doc_pymupdf_only,,
ABMM_2024.pdf,ABMM,2024,success,,619,594,25,0,619,1878323,0,0,0.0,40.71,2026-03-18T15:34:58.469791,large_doc_pymupdf_only,,
ACRO_2024.pdf,ACRO,2024,success,,321,305,16,0,321,878566,0,0,0.0,13.51,2026-03-18T15:34:59.510781,large_doc_pymupdf_only,,
ACST_2022.pdf,ACST,2022,success,,318,302,16,0,318,942311,0,0,0.0,12.74,2026-03-18T15:35:02.578034,large_doc_pymupdf_only,,
ACST_2023.pdf,ACST,2023,success,,370,349,21,0,370,1098987,0,0,0.0,21.44,2026-03-18T15:35:11.747259,large_doc_pymupdf_only,,
ADES_2023.pdf,ADES,2023,success,,185,171,14,0,185,602494,0,0,0.0,9.76,2026-03-18T15:35:12.647508,large_doc_pymupdf_only,,
ADES_2022.pdf,ADES,2022,success,,181,172,9,0,181,596351,0,0,0.0,13.14,2026-03-18T15:35:13.035309,large_doc_pymupdf_only,,
ADCP_2023.pdf,ADCP,2023,success,,443,416,27,0,443,1314214,0,0,0.0,20.24,2026-03-18T15:35:18.813941,large_doc_pymupdf_only,,
ADES_2024.pdf,ADES,2024,success,,186,171,15,0,186,602391,0,0,0.0,8.29,2026-03-18T15:35:20.193154,large_doc_pymupdf_only,,
ADHI_2022.pdf,ADHI,2022,success,,850,822,28,0,850,2785564,0,0,0.0,31.72,2026-03-18T15:35:44.582933,large_doc_pymupdf_only,,
ADMF_2022.pdf,ADMF,2022,success,,711,596,115,0,711,1817098,0,0,0.0,25.23,2026-03-18T15:35:45.482588,large_doc_pymupdf_only,,
ADHI_2023.pdf,ADHI,2023,success,,902,877,25,0,902,3167645,0,0,0.0,34.0,2026-03-18T15:35:47.389206,large_doc_pymupdf_only,,
ADHI_2024.pdf,ADHI,2024,success,,774,752,22,0,774,2881543,0,0,0.0,33.16,2026-03-18T15:35:52.254224,large_doc_pymupdf_only,,
ADMG_2022.pdf,ADMG,2022,success,,262,247,15,0,262,922330,0,0,0.0,15.31,2026-03-18T15:36:02.971655,large_doc_pymupdf_only,,
ADMF_2024.pdf,ADMF,2024,success,,604,584,20,0,604,1831961,0,0,0.0,22.94,2026-03-18T15:36:08.548445,large_doc_pymupdf_only,,
ADMG_2023.pdf,ADMG,2023,success,,266,248,18,0,266,908409,0,0,0.0,16.53,2026-03-18T15:36:08.902421,large_doc_pymupdf_only,,
ADMF_2023.pdf,ADMF,2023,success,,670,653,17,0,670,1968419,0,0,0.0,25.65,2026-03-18T15:36:10.314908,large_doc_pymupdf_only,,
ADMG_2024.pdf,ADMG,2024,success,,267,246,21,0,267,919548,0,0,0.0,13.54,2026-03-18T15:36:16.931342,large_doc_pymupdf_only,,
ADMR_2022.pdf,ADMR,2022,success,,370,344,26,0,370,1175189,0,0,0.0,16.14,2026-03-18T15:36:24.969028,large_doc_pymupdf_only,,
ADMR_2023.pdf,ADMR,2023,success,,399,396,3,0,399,1360587,0,0,0.0,16.86,2026-03-18T15:36:26.227261,large_doc_pymupdf_only,,
ADMR_2024.pdf,ADMR,2024,success,,430,422,8,0,430,1429532,0,0,0.0,21.93,2026-03-18T15:36:32.517962,large_doc_pymupdf_only,,
ADRO_2022.pdf,ADRO,2022,success,,504,487,17,0,504,1755622,0,0,0.0,21.78,2026-03-18T15:36:39.097964,large_doc_pymupdf_only,,
AGAR_2024.pdf,AGAR,2024,success,,157,149,8,0,157,386238,0,0,0.0,6.78,2026-03-18T15:36:39.515216,large_doc_pymupdf_only,,
ADRO_2024.pdf,ADRO,2024,success,,582,561,21,0,582,1867715,0,0,0.0,25.95,2026-03-18T15:36:52.308574,large_doc_pymupdf_only,,
ADRO_2023.pdf,ADRO,2023,success,,536,519,17,0,536,1861254,0,0,0.0,32.08,2026-03-18T15:36:57.134706,large_doc_pymupdf_only,,
AGII_2022.pdf,AGII,2022,success,,436,411,25,0,436,1437229,0,0,0.0,20.09,2026-03-18T15:36:59.288498,large_doc_pymupdf_only,,
AGII_2023.pdf,AGII,2023,success,,446,426,20,0,446,1413187,0,0,0.0,24.44,2026-03-18T15:37:04.244018,large_doc_pymupdf_only,,
AGII_2024.pdf,AGII,2024,success,,460,438,22,0,460,1625720,0,0,0.0,20.48,2026-03-18T15:37:13.015123,large_doc_pymupdf_only,,
AGRS_2022.pdf,AGRS,2022,success,,368,359,9,0,368,1345946,0,0,0.0,18.49,2026-03-18T15:37:23.174963,large_doc_pymupdf_only,,
AGRO_2022.pdf,AGRO,2022,success,,890,884,6,0,890,2627221,0,0,0.0,32.1,2026-03-18T15:37:29.364004,large_doc_pymupdf_only,,
AGRS_2023.pdf,AGRS,2023,success,,404,382,22,0,404,1395606,0,0,0.0,20.14,2026-03-18T15:37:33.503750,large_doc_pymupdf_only,,
AHAP_2022.pdf,AHAP,2022,success,,110,105,5,0,110,625913,0,0,0.0,10.05,2026-03-18T15:37:39.569839,large_doc_pymupdf_only,,
AGRO_2023.pdf,AGRO,2023,success,,856,843,13,0,856,2924484,0,0,0.0,40.29,2026-03-18T15:37:39.843995,large_doc_pymupdf_only,,
AHAP_2023.pdf,AHAP,2023,success,,226,208,18,0,226,612808,0,0,0.0,8.23,2026-03-18T15:37:41.986746,large_doc_pymupdf_only,,
AGRS_2024.pdf,AGRS,2024,success,,459,441,18,0,459,1629181,0,0,0.0,18.74,2026-03-18T15:37:42.126345,large_doc_pymupdf_only,,
AHAP_2024.pdf,AHAP,2024,success,,238,225,13,0,238,627855,0,0,0.0,8.72,2026-03-18T15:37:50.885955,large_doc_pymupdf_only,,
AIMS_2023.pdf,AIMS,2023,success,,254,227,27,0,254,684028,0,0,0.0,10.57,2026-03-18T15:37:52.739953,large_doc_pymupdf_only,,
AISA_2022.pdf,AISA,2022,success,,352,348,4,0,352,1069737,0,0,0.0,15.37,2026-03-18T15:37:57.543045,large_doc_pymupdf_only,,
AISA_2023.pdf,AISA,2023,success,,358,355,3,0,358,985530,0,0,0.0,15.9,2026-03-18T15:37:58.067791,large_doc_pymupdf_only,,
AKKU_2022.pdf,AKKU,2022,success,,200,183,17,0,200,568636,0,0,0.0,13.62,2026-03-18T15:38:06.592905,large_doc_pymupdf_only,,
AISA_2024.pdf,AISA,2024,success,,306,294,12,0,306,877164,0,0,0.0,15.75,2026-03-18T15:38:06.860009,large_doc_pymupdf_only,,
AKKU_2023.pdf,AKKU,2023,success,,140,124,16,0,140,478395,0,0,0.0,9.62,2026-03-18T15:38:07.571205,large_doc_pymupdf_only,,
AKKU_2024.pdf,AKKU,2024,success,,140,124,16,0,140,478395,0,0,0.0,9.51,2026-03-18T15:38:08.180234,large_doc_pymupdf_only,,
AKPI_2022.pdf,AKPI,2022,success,,256,233,23,0,256,780420,0,0,0.0,11.59,2026-03-18T15:38:18.446548,large_doc_pymupdf_only,,
AKPI_2023.pdf,AKPI,2023,success,,255,224,31,0,255,701019,0,0,0.0,12.32,2026-03-18T15:38:19.315079,large_doc_pymupdf_only,,
AKRA_2022.pdf,AKRA,2022,success,,534,515,19,0,534,1767735,0,0,0.0,20.16,2026-03-18T15:38:28.483003,large_doc_pymupdf_only,,
AKPI_2024.pdf,AKPI,2024,success,,3,3,0,3,0,8636,3387,1976,0.00381075,25.97,2026-03-18T15:38:33.888456,,,
AKRA_2023.pdf,AKRA,2023,success,,451,427,24,0,451,1248582,0,0,0.0,15.61,2026-03-18T15:38:34.130144,large_doc_pymupdf_only,,
AKRA_2024.pdf,AKRA,2024,success,,446,417,29,0,446,1239381,0,0,0.0,19.27,2026-03-18T15:38:38.686234,large_doc_pymupdf_only,,
AKSI_2022.pdf,AKSI,2022,success,,159,150,9,0,159,576164,0,0,0.0,12.48,2026-03-18T15:38:41.164839,large_doc_pymupdf_only,,
AKSI_2023.pdf,AKSI,2023,success,,183,174,9,0,183,595022,0,0,0.0,16.08,2026-03-18T15:38:50.162084,large_doc_pymupdf_only,,
ALDO_2022.pdf,ALDO,2022,success,,284,268,16,0,284,977982,0,0,0.0,15.12,2026-03-18T15:38:54.029428,large_doc_pymupdf_only,,
AKSI_2024.pdf,AKSI,2024,success,,214,212,2,0,214,786011,0,0,0.0,20.28,2026-03-18T15:38:54.838774,large_doc_pymupdf_only,,
ALDO_2023.pdf,ALDO,2023,success,,282,272,10,0,282,1010977,0,0,0.0,13.87,2026-03-18T15:38:55.138995,large_doc_pymupdf_only,,
ALDO_2024.pdf,ALDO,2024,success,,332,318,14,0,332,1178932,0,0,0.0,17.81,2026-03-18T15:39:08.252375,large_doc_pymupdf_only,,
ALII_2023.pdf,ALII,2023,success,,284,267,17,0,284,878403,0,0,0.0,14.69,2026-03-18T15:39:09.011683,large_doc_pymupdf_only,,
ALKA_2022.pdf,ALKA,2022,success,,227,216,11,0,227,581821,0,0,0.0,18.33,2026-03-18T15:39:13.795367,large_doc_pymupdf_only,,
ALII_2024.pdf,ALII,2024,success,,323,302,21,0,323,1088665,0,0,0.0,23.43,2026-03-18T15:39:18.477150,large_doc_pymupdf_only,,
ALKA_2023.pdf,ALKA,2023,success,,221,212,9,0,221,578656,0,0,0.0,19.73,2026-03-18T15:39:28.126556,large_doc_pymupdf_only,,
ALKA_2024.pdf,ALKA,2024,success,,237,227,10,0,237,615703,0,0,0.0,19.38,2026-03-18T15:39:28.566316,large_doc_pymupdf_only,,
ALMI_2023.pdf,ALMI,2023,success,,114,95,19,0,114,308631,0,0,0.0,10.28,2026-03-18T15:39:29.129386,large_doc_pymupdf_only,,
ALMI_2022.pdf,ALMI,2022,success,,141,102,39,0,141,341134,0,0,0.0,22.38,2026-03-18T15:39:36.595492,large_doc_pymupdf_only,,
ALTO_2023.pdf,ALTO,2023,success,,120,109,11,0,120,345016,0,0,0.0,7.78,2026-03-18T15:39:37.228153,large_doc_pymupdf_only,,
ALTO_2022.pdf,ALTO,2022,success,,123,108,15,0,123,353704,0,0,0.0,9.09,2026-03-18T15:39:37.902323,large_doc_pymupdf_only,,
ALMI_2024.pdf,ALMI,2024,success,,163,95,68,0,163,316519,0,0,0.0,18.37,2026-03-18T15:39:46.627723,large_doc_pymupdf_only,,
AMAG_2022.pdf,AMAG,2022,success,,286,261,25,0,286,897068,0,0,0.0,21.24,2026-03-18T15:39:58.113496,large_doc_pymupdf_only,,
AMAG_2024.pdf,AMAG,2024,success,,308,293,15,0,308,1012767,0,0,0.0,20.46,2026-03-18T15:39:58.683982,large_doc_pymupdf_only,,
AMAN_2022.pdf,AMAN,2022,success,,239,223,16,0,239,826959,0,0,0.0,32.95,2026-03-18T15:40:20.276580,large_doc_pymupdf_only,,
AMAG_2023.pdf,AMAG,2023,success,,288,169,119,0,288,569270,0,0,0.0,43.15,2026-03-18T15:40:20.516282,large_doc_pymupdf_only,,
AMAN_2023.pdf,AMAN,2023,success,,247,229,18,0,247,905993,0,0,0.0,28.65,2026-03-18T15:40:27.066722,large_doc_pymupdf_only,,
AMAN_2024.pdf,AMAN,2024,success,,292,282,10,0,292,968885,0,0,0.0,30.44,2026-03-18T15:40:29.606067,large_doc_pymupdf_only,,
AMAR_2023.pdf,AMAR,2023,success,,589,578,11,0,589,1656148,0,0,0.0,20.03,2026-03-18T15:40:40.658786,large_doc_pymupdf_only,,
AMFG_2022.pdf,AMFG,2022,success,,194,178,16,0,194,587742,0,0,0.0,12.24,2026-03-18T15:40:41.907620,large_doc_pymupdf_only,,
AMAR_2022.pdf,AMAR,2022,success,,556,549,7,0,556,1654139,0,0,0.0,24.2,2026-03-18T15:40:44.631147,large_doc_pymupdf_only,,
AMAR_2024.pdf,AMAR,2024,success,,624,603,21,0,624,1740683,0,0,0.0,19.51,2026-03-18T15:40:46.802402,large_doc_pymupdf_only,,
AMFG_2024.pdf,AMFG,2024,success,,214,194,20,0,214,636952,0,0,0.0,14.45,2026-03-18T15:40:56.591554,large_doc_pymupdf_only,,
AMFG_2023.pdf,AMFG,2023,success,,201,192,9,0,201,661322,0,0,0.0,16.76,2026-03-18T15:40:57.580443,large_doc_pymupdf_only,,
AMIN_2022.pdf,AMIN,2022,success,,334,316,18,0,334,1039874,0,0,0.0,16.99,2026-03-18T15:41:01.930274,large_doc_pymupdf_only,,
AMIN_2023.pdf,AMIN,2023,success,,340,332,8,0,340,1071555,0,0,0.0,18.79,2026-03-18T15:41:05.923347,large_doc_pymupdf_only,,
AMMN_2024.pdf,AMMN,2024,success,,315,308,7,0,315,1134312,0,0,0.0,14.94,2026-03-18T15:41:12.800509,large_doc_pymupdf_only,,
AMMN_2023.pdf,AMMN,2023,success,,322,305,17,0,322,1056679,0,0,0.0,16.3,2026-03-18T15:41:12.979807,large_doc_pymupdf_only,,
AMMS_2023.pdf,AMMS,2023,success,,166,154,12,0,166,397961,0,0,0.0,11.32,2026-03-18T15:41:17.323430,large_doc_pymupdf_only,,
AMOR_2022.pdf,AMOR,2022,success,,271,258,13,0,271,887077,0,0,0.0,12.12,2026-03-18T15:41:25.345836,large_doc_pymupdf_only,,
AMMS_2024.pdf,AMMS,2024,success,,200,181,19,0,200,541580,0,0,0.0,12.5,2026-03-18T15:41:25.569279,large_doc_pymupdf_only,,
AMMS_2022.pdf,AMMS,2022,success,,126,102,24,0,126,353337,0,0,0.0,23.83,2026-03-18T15:41:26.007184,large_doc_pymupdf_only,,
AMOR_2023.pdf,AMOR,2023,success,,204,196,8,0,204,667485,0,0,0.0,9.59,2026-03-18T16:02:47.371554,large_doc_pymupdf_only,,
AMOR_2024.pdf,AMOR,2024,success,,271,258,13,0,271,887077,0,0,0.0,10.91,2026-03-18T16:02:48.693415,large_doc_pymupdf_only,,
AMRT_2022.pdf,AMRT,2022,success,,576,575,1,0,576,1693907,0,0,0.0,21.89,2026-03-18T16:02:59.676718,large_doc_pymupdf_only,,
AMRT_2023.pdf,AMRT,2023,success,,490,485,5,0,490,1688012,0,0,0.0,24.25,2026-03-18T16:03:02.039225,large_doc_pymupdf_only,,
ANDI_2022.pdf,ANDI,2022,success,,306,296,10,0,306,1051134,0,0,0.0,18.06,2026-03-18T16:03:06.977732,large_doc_pymupdf_only,,
ANDI_2023.pdf,ANDI,2023,success,,312,290,22,0,312,1058631,0,0,0.0,12.36,2026-03-18T16:03:12.556224,large_doc_pymupdf_only,,
AMRT_2024.pdf,AMRT,2024,success,,510,502,8,0,510,1722446,0,0,0.0,25.77,2026-03-18T16:03:13.439522,large_doc_pymupdf_only,,
ANDI_2024.pdf,ANDI,2024,success,,314,290,24,0,314,1076166,0,0,0.0,15.38,2026-03-18T16:03:17.672088,large_doc_pymupdf_only,,
APEX_2022.pdf,APEX,2022,success,,250,243,7,0,250,808837,0,0,0.0,12.56,2026-03-18T16:03:30.323816,large_doc_pymupdf_only,,
ANTM_2022.pdf,ANTM,2022,success,,856,839,17,0,856,3159221,0,0,0.0,31.95,2026-03-18T16:03:39.115628,large_doc_pymupdf_only,,
APEX_2023.pdf,APEX,2023,success,,250,239,11,0,250,790092,0,0,0.0,10.39,2026-03-18T16:03:40.956887,large_doc_pymupdf_only,,
ANTM_2023.pdf,ANTM,2023,success,,844,838,6,0,844,3035045,0,0,0.0,29.13,2026-03-18T16:03:41.945023,large_doc_pymupdf_only,,
ANTM_2024.pdf,ANTM,2024,success,,976,959,17,0,976,3497953,0,0,0.0,35.43,2026-03-18T16:03:49.206631,large_doc_pymupdf_only,,
APIC_2022.pdf,APIC,2022,success,,243,230,13,0,243,784252,0,0,0.0,12.49,2026-03-18T16:03:53.674689,large_doc_pymupdf_only,,
APIC_2023.pdf,APIC,2023,success,,238,221,17,0,238,772586,0,0,0.0,14.53,2026-03-18T16:03:56.767018,large_doc_pymupdf_only,,
APEX_2024.pdf,APEX,2024,success,,246,243,3,0,246,828651,0,0,0.0,17.92,2026-03-18T16:03:57.306743,large_doc_pymupdf_only,,
APII_2022.pdf,APII,2022,success,,155,144,11,0,155,486939,0,0,0.0,7.78,2026-03-18T16:04:01.608788,large_doc_pymupdf_only,,
APIC_2024.pdf,APIC,2024,success,,246,233,13,0,246,815396,0,0,0.0,12.82,2026-03-18T16:04:02.326283,large_doc_pymupdf_only,,
APII_2023.pdf,APII,2023,success,,248,232,16,0,248,789009,0,0,0.0,13.1,2026-03-18T16:04:10.197992,large_doc_pymupdf_only,,
APII_2024.pdf,APII,2024,success,,272,249,23,0,272,733175,0,0,0.0,16.66,2026-03-18T16:04:14.558538,large_doc_pymupdf_only,,
APLI_2023.pdf,APLI,2023,success,,218,186,32,0,218,625030,0,0,0.0,12.11,2026-03-18T16:04:14.946211,large_doc_pymupdf_only,,
APLI_2024.pdf,APLI,2024,success,,216,93,123,0,216,317053,0,0,0.0,13.09,2026-03-18T16:04:23.628326,large_doc_pymupdf_only,,
APLI_2022.pdf,APLI,2022,success,,221,189,32,0,221,625058,0,0,0.0,25.31,2026-03-18T16:04:27.328993,large_doc_pymupdf_only,,
ARCI_2022.pdf,ARCI,2022,success,,382,380,2,0,382,1199271,0,0,0.0,17.53,2026-03-18T16:04:32.764075,large_doc_pymupdf_only,,
APLN_2023.pdf,APLN,2023,success,,444,429,15,0,444,1568824,0,0,0.0,21.53,2026-03-18T16:04:36.527475,large_doc_pymupdf_only,,
ARCI_2023.pdf,ARCI,2023,success,,300,281,19,0,300,976568,0,0,0.0,13.39,2026-03-18T16:04:37.185552,large_doc_pymupdf_only,,
ARCI_2024.pdf,ARCI,2024,success,,290,267,23,0,290,887827,0,0,0.0,13.26,2026-03-18T16:04:40.855673,large_doc_pymupdf_only,,
ARGO_2022.pdf,ARGO,2022,success,,184,161,23,0,184,589119,0,0,0.0,16.45,2026-03-18T16:04:53.927546,large_doc_pymupdf_only,,
ARGO_2023.pdf,ARGO,2023,success,,233,225,8,0,233,686385,0,0,0.0,22.11,2026-03-18T16:05:03.265965,large_doc_pymupdf_only,,
AREA_2024.pdf,AREA,2024,success,,176,83,93,0,176,255660,0,0,0.0,28.06,2026-03-18T16:05:04.827923,large_doc_pymupdf_only,,
ARGO_2024.pdf,ARGO,2024,success,,248,229,19,0,248,775756,0,0,0.0,21.04,2026-03-18T16:05:15.081494,large_doc_pymupdf_only,,
ARII_2022.pdf,ARII,2022,success,,282,260,22,0,282,783255,0,0,0.0,16.79,2026-03-18T16:05:20.257929,large_doc_pymupdf_only,,
ARII_2023.pdf,ARII,2023,success,,272,248,24,0,272,773035,0,0,0.0,16.05,2026-03-18T16:05:20.988122,large_doc_pymupdf_only,,
ARII_2024.pdf,ARII,2024,success,,280,256,24,0,280,876153,0,0,0.0,14.95,2026-03-18T16:05:30.442742,large_doc_pymupdf_only,,
ARKA_2024.pdf,ARKA,2024,success,,180,178,2,0,180,513910,0,0,0.0,11.22,2026-03-18T16:05:32.520019,large_doc_pymupdf_only,,
ARKA_2023.pdf,ARKA,2023,success,,182,175,7,0,182,497250,0,0,0.0,12.11,2026-03-18T16:05:32.655829,large_doc_pymupdf_only,,
ARKO_2022.pdf,ARKO,2022,success,,262,257,5,0,262,899405,0,0,0.0,17.26,2026-03-18T16:05:47.965257,large_doc_pymupdf_only,,
ARKO_2024.pdf,ARKO,2024,success,,326,296,30,0,326,895948,0,0,0.0,21.05,2026-03-18T16:05:54.042379,large_doc_pymupdf_only,,
ARNA_2022.pdf,ARNA,2022,success,,272,257,15,0,272,929187,0,0,0.0,25.06,2026-03-18T16:06:13.165400,large_doc_pymupdf_only,,
ARNA_2023.pdf,ARNA,2023,success,,276,259,17,0,276,887526,0,0,0.0,19.22,2026-03-18T16:06:13.413789,large_doc_pymupdf_only,,
ARSA.L_2022.pdf,ARSA.L,2022,success,,73,73,0,0,73,180859,0,0,0.0,4.6,2026-03-18T16:06:18.225176,large_doc_pymupdf_only,,
ARKO_2023.pdf,ARKO,2023,success,,797,771,26,0,797,2009054,0,0,0.0,49.47,2026-03-18T16:06:22.230729,large_doc_pymupdf_only,,
ARTA_2022.pdf,ARTA,2022,success,,196,184,12,0,196,595926,0,0,0.0,13.56,2026-03-18T16:06:31.910103,large_doc_pymupdf_only,,
ARNA_2024.pdf,ARNA,2024,success,,296,184,112,0,296,621216,0,0,0.0,22.1,2026-03-18T16:06:35.549509,large_doc_pymupdf_only,,
ARTA_2023.pdf,ARTA,2023,success,,194,185,9,0,194,621280,0,0,0.0,13.45,2026-03-18T16:06:35.854587,large_doc_pymupdf_only,,
ARTA_2024.pdf,ARTA,2024,success,,215,197,18,0,215,673262,0,0,0.0,11.71,2026-03-18T16:06:43.718355,large_doc_pymupdf_only,,
ARTI_2024.pdf,ARTI,2024,success,,174,171,3,0,174,551461,0,0,0.0,11.75,2026-03-18T16:06:47.813609,large_doc_pymupdf_only,,
ARTI_2023.pdf,ARTI,2023,success,,176,171,5,0,176,537191,0,0,0.0,13.35,2026-03-18T16:06:49.242782,large_doc_pymupdf_only,,
ARTO_2022.pdf,ARTO,2022,success,,317,309,8,0,317,1649320,0,0,0.0,15.74,2026-03-18T16:06:59.606726,large_doc_pymupdf_only,,
AREA_2023.pdf,AREA,2023,success,,184,0,184,0,184,0,0,0,0.0,552.38,2026-03-18T16:13:45.521059,large_doc_pymupdf_only,,
ASBI_2024.pdf,ASBI,2024,success,,388,364,24,0,388,1190997,0,0,0.0,16.16,2026-03-18T16:14:01.742738,large_doc_pymupdf_only,,
ASBI_2023.pdf,ASBI,2023,success,,372,348,24,0,372,1125524,0,0,0.0,17.31,2026-03-18T16:14:02.883204,large_doc_pymupdf_only,,
ARTO_2023.pdf,ARTO,2023,success,,532,510,22,0,532,1562835,0,0,0.0,20.2,2026-03-18T16:14:05.761738,large_doc_pymupdf_only,,
ARTO_2024.pdf,ARTO,2024,success,,584,564,20,0,584,1745096,0,0,0.0,21.39,2026-03-18T16:14:06.958023,large_doc_pymupdf_only,,
ASDM_2023.pdf,ASDM,2023,success,,386,375,11,0,386,1189760,0,0,0.0,14.29,2026-03-18T16:14:17.363317,large_doc_pymupdf_only,,
ASGR_2022.pdf,ASGR,2022,success,,327,307,20,0,327,1012384,0,0,0.0,11.65,2026-03-18T16:14:18.723067,large_doc_pymupdf_only,,
ASDM_2022.pdf,ASDM,2022,success,,372,351,21,0,372,1153810,0,0,0.0,18.03,2026-03-18T16:14:20.009412,large_doc_pymupdf_only,,
ASDM_2024.pdf,ASDM,2024,success,,396,384,12,0,396,1223747,0,0,0.0,14.56,2026-03-18T16:14:20.442669,large_doc_pymupdf_only,,
ASGR_2023.pdf,ASGR,2023,success,,334,314,20,0,334,1001572,0,0,0.0,12.76,2026-03-18T16:14:30.270925,large_doc_pymupdf_only,,
ASGR_2024.pdf,ASGR,2024,success,,308,291,17,0,308,885075,0,0,0.0,13.62,2026-03-18T16:14:32.677356,large_doc_pymupdf_only,,
ASHA_2023.pdf,ASHA,2023,success,,263,234,29,0,263,663370,0,0,0.0,18.65,2026-03-18T16:14:39.211403,large_doc_pymupdf_only,,
ASHA_2022.pdf,ASHA,2022,success,,263,242,21,0,263,683169,0,0,0.0,19.37,2026-03-18T16:14:39.771403,large_doc_pymupdf_only,,
ASHA_2024.pdf,ASHA,2024,success,,258,80,178,0,258,322667,0,0,0.0,12.42,2026-03-18T16:14:42.969712,large_doc_pymupdf_only,,
ASII_2022.pdf,ASII,2022,success,,555,541,14,0,555,1663926,0,0,0.0,23.63,2026-03-18T16:14:56.426062,large_doc_pymupdf_only,,
ASII_2024.pdf,ASII,2024,success,,532,498,34,0,532,1489174,0,0,0.0,23.87,2026-03-18T16:15:03.801621,large_doc_pymupdf_only,,
ASJT_2022.pdf,ASJT,2022,success,,283,268,15,0,283,768112,0,0,0.0,21.19,2026-03-18T16:15:04.369888,large_doc_pymupdf_only,,
ASII_2023.pdf,ASII,2023,success,,612,601,11,0,612,1820321,0,0,0.0,28.09,2026-03-18T16:15:07.845730,large_doc_pymupdf_only,,
ASJT_2023.pdf,ASJT,2023,success,,269,268,1,0,269,804502,0,0,0.0,14.17,2026-03-18T16:15:11.127543,large_doc_pymupdf_only,,
ASLC_2022.pdf,ASLC,2022,success,,312,288,24,0,312,792405,0,0,0.0,12.66,2026-03-18T16:15:17.375659,large_doc_pymupdf_only,,
ASJT_2024.pdf,ASJT,2024,success,,272,256,16,0,272,787407,0,0,0.0,17.02,2026-03-18T16:15:21.149164,large_doc_pymupdf_only,,
ASLC_2023.pdf,ASLC,2023,success,,304,291,13,0,304,954614,0,0,0.0,16.45,2026-03-18T16:15:24.662439,large_doc_pymupdf_only,,
ASLI_2023.pdf,ASLI,2023,success,,164,155,9,0,164,624422,0,0,0.0,8.69,2026-03-18T16:15:26.361555,large_doc_pymupdf_only,,
ASLC_2024.pdf,ASLC,2024,success,,341,328,13,0,341,1082942,0,0,0.0,18.38,2026-03-18T16:15:29.861167,large_doc_pymupdf_only,,
ASPI_2022.pdf,ASPI,2022,success,,144,124,20,0,144,310350,0,0,0.0,10.52,2026-03-18T16:15:40.498359,large_doc_pymupdf_only,,
ASMI_2024.pdf,ASMI,2024,success,,348,330,18,0,348,1104816,0,0,0.0,16.53,2026-03-18T16:15:43.281203,large_doc_pymupdf_only,,
ASMI_2022.pdf,ASMI,2022,success,,334,313,21,0,334,1032512,0,0,0.0,22.77,2026-03-18T16:15:44.297082,large_doc_pymupdf_only,,
ASPI_2023.pdf,ASPI,2023,success,,157,145,12,0,157,384268,0,0,0.0,6.54,2026-03-18T16:15:47.162831,large_doc_pymupdf_only,,
ASMI_2023.pdf,ASMI,2023,success,,354,348,6,0,354,1121501,0,0,0.0,23.29,2026-03-18T16:15:48.368683,large_doc_pymupdf_only,,
ASPI_2024.pdf,ASPI,2024,success,,162,158,4,0,162,446726,0,0,0.0,9.94,2026-03-18T16:15:53.313700,large_doc_pymupdf_only,,
ASRI_2022.pdf,ASRI,2022,success,,298,284,14,0,298,985518,0,0,0.0,14.34,2026-03-18T16:15:59.026489,large_doc_pymupdf_only,,
ASRI_2023.pdf,ASRI,2023,success,,306,282,24,0,306,869917,0,0,0.0,12.03,2026-03-18T16:15:59.413018,large_doc_pymupdf_only,,
ASRI_2024.pdf,ASRI,2024,success,,331,303,28,0,331,1017440,0,0,0.0,10.83,2026-03-18T16:15:59.691800,large_doc_pymupdf_only,,
ASRM_2022.pdf,ASRM,2022,success,,258,245,13,0,258,728709,0,0,0.0,13.37,2026-03-18T16:16:06.790809,large_doc_pymupdf_only,,
ASRM_2023.pdf,ASRM,2023,success,,274,255,19,0,274,792620,0,0,0.0,13.8,2026-03-18T16:16:13.073601,large_doc_pymupdf_only,,
ASSA_2023.pdf,ASSA,2023,success,,485,468,17,0,485,1631415,0,0,0.0,18.49,2026-03-18T16:16:18.323158,large_doc_pymupdf_only,,
ASSA_2022.pdf,ASSA,2022,success,,576,553,23,0,576,1871495,0,0,0.0,24.07,2026-03-18T16:16:23.756005,large_doc_pymupdf_only,,
ATIC_2024.pdf,ATIC,2024,success,,80,73,7,0,80,167346,0,0,0.0,4.17,2026-03-18T16:16:28.289537,large_doc_pymupdf_only,,
ATIC_2022.pdf,ATIC,2022,success,,441,426,15,0,441,1167432,0,0,0.0,15.39,2026-03-18T16:16:28.791637,large_doc_pymupdf_only,,
ASSA_2024.pdf,ASSA,2024,success,,555,531,24,0,555,1836231,0,0,0.0,22.55,2026-03-18T16:16:29.495749,large_doc_pymupdf_only,,
ATIC_2023.pdf,ATIC,2023,success,,425,417,8,0,425,1300635,0,0,0.0,15.77,2026-03-18T16:16:34.412294,large_doc_pymupdf_only,,
ATLA_2023.pdf,ATLA,2023,success,,233,225,8,0,233,653544,0,0,0.0,8.91,2026-03-18T16:16:37.489085,large_doc_pymupdf_only,,
ATLA_2024.pdf,ATLA,2024,success,,273,264,9,0,273,809037,0,0,0.0,11.54,2026-03-18T16:16:40.628606,large_doc_pymupdf_only,,
AUTO_2022.pdf,AUTO,2022,success,,364,337,27,0,364,1005649,0,0,0.0,13.37,2026-03-18T16:16:42.981833,large_doc_pymupdf_only,,
AUTO_2023.pdf,AUTO,2023,success,,360,339,21,0,360,1061926,0,0,0.0,15.99,2026-03-18T16:16:50.796202,large_doc_pymupdf_only,,
AVIA_2022.pdf,AVIA,2022,success,,258,234,24,0,258,701834,0,0,0.0,12.97,2026-03-18T16:16:53.830227,large_doc_pymupdf_only,,
AUTO_2024.pdf,AUTO,2024,success,,356,355,1,0,356,1125313,0,0,0.0,16.74,2026-03-18T16:16:54.476355,large_doc_pymupdf_only,,
AWAN_2024.pdf,AWAN,2024,success,,260,244,16,0,260,622197,0,0,0.0,10.07,2026-03-18T16:17:04.138247,large_doc_pymupdf_only,,
AVIA_2023.pdf,AVIA,2023,success,,266,243,23,0,266,733174,0,0,0.0,21.11,2026-03-18T16:17:04.387781,large_doc_pymupdf_only,,
AVIA_2024.pdf,AVIA,2024,success,,304,288,16,0,304,984502,0,0,0.0,15.02,2026-03-18T16:17:06.104339,large_doc_pymupdf_only,,
AXIO_2022.pdf,AXIO,2022,success,,333,302,31,0,333,870983,0,0,0.0,11.88,2026-03-18T16:17:06.727290,large_doc_pymupdf_only,,
AYAM_2024.pdf,AYAM,2024,success,,264,242,22,0,264,781191,0,0,0.0,14.34,2026-03-18T16:17:21.101036,large_doc_pymupdf_only,,
AYAM_2023.pdf,AYAM,2023,success,,248,240,8,0,248,765286,0,0,0.0,15.06,2026-03-18T16:17:21.819558,large_doc_pymupdf_only,,
AXIO_2023.pdf,AXIO,2023,success,,351,318,33,0,351,935601,0,0,0.0,17.37,2026-03-18T16:17:24.128234,large_doc_pymupdf_only,,
AYLS_2022.pdf,AYLS,2022,success,,132,125,7,0,132,362325,0,0,0.0,11.06,2026-03-18T16:17:32.617863,large_doc_pymupdf_only,,
AYLS_2024.pdf,AYLS,2024,success,,184,166,18,0,184,520311,0,0,0.0,11.81,2026-03-18T16:17:36.519869,large_doc_pymupdf_only,,
AXIO_2024.pdf,AXIO,2024,success,,448,397,51,0,448,1139487,0,0,0.0,30.09,2026-03-18T16:17:36.850152,large_doc_pymupdf_only,,
AYLS_2023.pdf,AYLS,2023,success,,149,100,49,0,149,267746,0,0,0.0,17.65,2026-03-18T16:17:40.091839,large_doc_pymupdf_only,,
BABY_2023.pdf,BABY,2023,success,,308,291,17,0,308,926427,0,0,0.0,17.93,2026-03-18T16:17:55.271958,large_doc_pymupdf_only,,
BABY_2024.pdf,BABY,2024,success,,272,248,24,0,272,881291,0,0,0.0,17.47,2026-03-18T16:17:58.115008,large_doc_pymupdf_only,,
BABP_2022.pdf,BABP,2022,success,,586,549,37,0,586,2068842,0,0,0.0,29.85,2026-03-18T16:18:02.657415,large_doc_pymupdf_only,,
BABP_2024.pdf,BABP,2024,success,,606,587,19,0,606,2128372,0,0,0.0,27.85,2026-03-18T16:18:04.632722,large_doc_pymupdf_only,,
BACA_2023.pdf,BACA,2023,success,,418,398,20,0,418,1365391,0,0,0.0,17.78,2026-03-18T16:18:16.071456,large_doc_pymupdf_only,,
BACA_2022.pdf,BACA,2022,success,,434,417,17,0,434,1483488,0,0,0.0,21.5,2026-03-18T16:18:16.901787,large_doc_pymupdf_only,,
BAIK_2023.pdf,BAIK,2023,success,,168,156,12,0,168,649270,0,0,0.0,12.91,2026-03-18T16:18:17.867883,large_doc_pymupdf_only,,
BACA_2024.pdf,BACA,2024,success,,449,421,28,0,449,1424533,0,0,0.0,23.1,2026-03-18T16:18:26.106482,large_doc_pymupdf_only,,
BAJA_2022.pdf,BAJA,2022,success,,194,173,21,0,194,707107,0,0,0.0,10.94,2026-03-18T16:18:27.412014,large_doc_pymupdf_only,,
BAJA_2023.pdf,BAJA,2023,success,,203,180,23,0,203,722526,0,0,0.0,13.08,2026-03-18T16:18:30.528931,large_doc_pymupdf_only,,
BAJA_2024.pdf,BAJA,2024,success,,220,210,10,0,220,744744,0,0,0.0,13.33,2026-03-18T16:18:31.393186,large_doc_pymupdf_only,,
BALI_2023.pdf,BALI,2023,success,,292,277,15,0,292,953586,0,0,0.0,20.47,2026-03-18T16:18:46.812358,large_doc_pymupdf_only,,
BANK_2022.pdf,BANK,2022,success,,496,493,3,0,496,1693364,0,0,0.0,24.28,2026-03-18T16:18:55.351849,large_doc_pymupdf_only,,
BANK_2023.pdf,BANK,2023,success,,506,491,15,0,506,1874108,0,0,0.0,29.58,2026-03-18T16:19:02.007729,large_doc_pymupdf_only,,
BAPA_2024.pdf,BAPA,2024,success,,146,145,1,0,146,411974,0,0,0.0,8.09,2026-03-18T16:19:03.794745,large_doc_pymupdf_only,,
BALI_2024.pdf,BALI,2024,success,,305,291,14,0,305,1065745,0,0,0.0,39.21,2026-03-18T16:19:06.993279,large_doc_pymupdf_only,,
BAPI_2022.pdf,BAPI,2022,success,,166,158,8,0,166,173901,0,0,0.0,9.64,2026-03-18T16:19:11.940279,large_doc_pymupdf_only,,
BANK_2024.pdf,BANK,2024,success,,607,592,15,0,607,2194326,0,0,0.0,30.36,2026-03-18T16:19:17.964780,large_doc_pymupdf_only,,
BAPI_2023.pdf,BAPI,2023,success,,170,151,19,0,170,354780,0,0,0.0,16.07,2026-03-18T16:19:20.191587,large_doc_pymupdf_only,,
BAPI_2024.pdf,BAPI,2024,success,,147,0,147,0,147,0,0,0,0.0,22.28,2026-03-18T16:19:29.385017,large_doc_pymupdf_only,,
BATA_2022.pdf,BATA,2022,success,,225,199,26,0,225,615360,0,0,0.0,18.79,2026-03-18T16:19:31.284530,large_doc_pymupdf_only,,
BATA_2023.pdf,BATA,2023,success,,253,234,19,0,253,732502,0,0,0.0,15.93,2026-03-18T16:19:34.420732,large_doc_pymupdf_only,,
BAUT_2022.pdf,BAUT,2022,success,,338,319,19,0,338,880624,0,0,0.0,18.73,2026-03-18T16:19:48.479404,large_doc_pymupdf_only,,
BAUT_2024.pdf,BAUT,2024,success,,337,326,11,0,337,954714,0,0,0.0,15.32,2026-03-18T16:19:50.002212,large_doc_pymupdf_only,,
BAUT_2023.pdf,BAUT,2023,success,,359,321,38,0,359,838899,0,0,0.0,21.63,2026-03-18T16:19:53.146167,large_doc_pymupdf_only,,
BATR_2024.pdf,BATR,2024,success,,317,304,13,0,317,934171,0,0,0.0,33.57,2026-03-18T16:19:54.118239,large_doc_pymupdf_only,,
BAYU_2022.pdf,BAYU,2022,success,,171,152,19,0,171,521852,0,0,0.0,10.01,2026-03-18T16:19:58.641234,large_doc_pymupdf_only,,
BAYU_2023.pdf,BAYU,2023,success,,172,146,26,0,172,534278,0,0,0.0,13.02,2026-03-18T16:20:03.264033,large_doc_pymupdf_only,,
BAYU_2024.pdf,BAYU,2024,success,,137,120,17,0,137,608029,0,0,0.0,9.83,2026-03-18T16:20:03.300570,large_doc_pymupdf_only,,
BBCA_2024.pdf,BBCA,2024,success,,708,692,16,0,708,2133898,0,0,0.0,26.08,2026-03-18T16:20:20.327251,large_doc_pymupdf_only,,
BBHI_2022.pdf,BBHI,2022,success,,533,510,23,0,533,1849384,0,0,0.0,21.94,2026-03-18T16:20:20.846640,large_doc_pymupdf_only,,
BBHI_2024.pdf,BBHI,2024,success,,666,648,18,0,666,2165696,0,0,0.0,29.61,2026-03-18T16:20:33.258272,large_doc_pymupdf_only,,
BBHI_2023.pdf,BBHI,2023,success,,648,633,15,0,648,2041475,0,0,0.0,29.85,2026-03-18T16:20:33.316184,large_doc_pymupdf_only,,
BBLD_2022.pdf,BBLD,2022,success,,370,355,15,0,370,1219366,0,0,0.0,17.96,2026-03-18T16:20:51.766331,large_doc_pymupdf_only,,
BBKP_2022.pdf,BBKP,2022,success,,839,816,23,0,839,2398430,0,0,0.0,40.79,2026-03-18T16:21:01.433952,large_doc_pymupdf_only,,
BBLD_2023.pdf,BBLD,2023,success,,372,349,23,0,372,1232436,0,0,0.0,15.33,2026-03-18T16:21:07.350139,large_doc_pymupdf_only,,
BBKP_2023.pdf,BBKP,2023,success,,724,693,31,0,724,2301693,0,0,0.0,48.97,2026-03-18T16:21:10.100309,large_doc_pymupdf_only,,
BBKP_2024.pdf,BBKP,2024,success,,724,692,32,0,724,2234014,0,0,0.0,36.92,2026-03-18T16:21:10.357243,large_doc_pymupdf_only,,
BBLD_2024.pdf,BBLD,2024,success,,380,349,31,0,380,1221240,0,0,0.0,16.64,2026-03-18T16:21:18.381211,large_doc_pymupdf_only,,
BBMD_2022.pdf,BBMD,2022,success,,622,602,20,0,622,2092379,0,0,0.0,26.13,2026-03-18T16:21:33.993862,large_doc_pymupdf_only,,
BBNI_2022.pdf,BBNI,2022,success,,722,721,1,0,722,4592038,0,0,0.0,43.99,2026-03-18T16:21:54.284338,large_doc_pymupdf_only,,
BBRI_2023.pdf,BBRI,2023,success,,1176,1161,15,0,1176,3728221,0,0,0.0,40.66,2026-03-18T16:21:59.321486,large_doc_pymupdf_only,,
BBNI_2024.pdf,BBNI,2024,success,,1540,1515,25,0,1540,5186218,0,0,0.0,49.99,2026-03-18T16:22:00.793991,large_doc_pymupdf_only,,
BBRM_2024.pdf,BBRM,2024,success,,199,181,18,0,199,670387,0,0,0.0,12.35,2026-03-18T16:22:13.185436,large_doc_pymupdf_only,,
BBRM_2023.pdf,BBRM,2023,success,,197,183,14,0,197,682057,0,0,0.0,13.21,2026-03-18T16:22:14.045614,large_doc_pymupdf_only,,
BBRM_2022.pdf,BBRM,2022,success,,183,170,13,0,183,572813,0,0,0.0,18.94,2026-03-18T16:22:19.775904,large_doc_pymupdf_only,,
BBSI_2024.pdf,BBSI,2024,success,,381,378,3,0,381,1356974,0,0,0.0,18.14,2026-03-18T16:22:38.183824,large_doc_pymupdf_only,,
BBSI_2023.pdf,BBSI,2023,success,,408,390,18,0,408,1059636,0,0,0.0,26.13,2026-03-18T16:22:40.447316,large_doc_pymupdf_only,,
BBSI_2022.pdf,BBSI,2022,success,,506,495,11,0,506,1151627,0,0,0.0,28.58,2026-03-18T16:22:42.045400,large_doc_pymupdf_only,,
BBSS_2024.pdf,BBSS,2024,success,,173,55,118,0,173,181163,0,0,0.0,7.74,2026-03-18T16:22:48.539315,large_doc_pymupdf_only,,
BBRI_2024.pdf,BBRI,2024,success,,1257,1241,16,0,1257,4157149,0,0,0.0,51.64,2026-03-18T16:22:52.459396,large_doc_pymupdf_only,,
BBTN_2022.pdf,BBTN,2022,success,,1006,980,26,0,1006,3130956,0,0,0.0,50.77,2026-03-18T16:23:32.895759,large_doc_pymupdf_only,,
BBTN_2023.pdf,BBTN,2023,success,,1076,1048,28,0,1076,3219823,0,0,0.0,54.12,2026-03-18T16:23:43.000603,large_doc_pymupdf_only,,
BBTN_2024.pdf,BBTN,2024,success,,1244,1230,14,0,1244,3653387,0,0,0.0,55.19,2026-03-18T16:23:47.928361,large_doc_pymupdf_only,,
BBYB_2022.pdf,BBYB,2022,success,,654,624,30,0,654,1965926,0,0,0.0,27.18,2026-03-18T16:24:00.400972,large_doc_pymupdf_only,,
BBYB_2023.pdf,BBYB,2023,success,,674,655,19,0,674,2047147,0,0,0.0,28.92,2026-03-18T16:24:12.292969,large_doc_pymupdf_only,,
BBYB_2024.pdf,BBYB,2024,success,,692,692,0,0,692,2214810,0,0,0.0,34.34,2026-03-18T16:24:22.634659,large_doc_pymupdf_only,,
BCAP_2022.pdf,BCAP,2022,success,,394,392,2,0,394,1350682,0,0,0.0,24.96,2026-03-18T16:24:25.533190,large_doc_pymupdf_only,,
BCAP_2023.pdf,BCAP,2023,success,,379,366,13,0,379,1391490,0,0,0.0,25.0,2026-03-18T16:24:37.471183,large_doc_pymupdf_only,,
BCAP_2024.pdf,BCAP,2024,success,,383,369,14,0,383,1412670,0,0,0.0,24.26,2026-03-18T16:24:46.997156,large_doc_pymupdf_only,,
BCIP_2022.pdf,BCIP,2022,success,,241,219,22,0,241,589984,0,0,0.0,12.92,2026-03-18T16:25:00.371213,large_doc_pymupdf_only,,
BCIC_2022.pdf,BCIC,2022,success,,994,977,17,0,994,3338534,0,0,0.0,43.67,2026-03-18T16:25:09.477158,large_doc_pymupdf_only,,
BCIP_2023.pdf,BCIP,2023,success,,257,233,24,0,257,624354,0,0,0.0,15.41,2026-03-18T16:25:15.962022,large_doc_pymupdf_only,,
BCIP_2024.pdf,BCIP,2024,success,,260,246,14,0,260,666651,0,0,0.0,11.46,2026-03-18T16:25:21.255266,large_doc_pymupdf_only,,
BCIC_2023.pdf,BCIC,2023,success,,916,903,13,0,916,3296324,0,0,0.0,50.86,2026-03-18T16:25:28.722823,large_doc_pymupdf_only,,
BDKR_2024.pdf,BDKR,2024,success,,267,251,16,0,267,954269,0,0,0.0,15.31,2026-03-18T16:25:36.721754,large_doc_pymupdf_only,,
BDKR_2023.pdf,BDKR,2023,success,,321,286,35,0,321,855809,0,0,0.0,23.29,2026-03-18T16:25:39.496824,large_doc_pymupdf_only,,
BDMN_2022.pdf,BDMN,2022,success,,766,737,29,0,766,2256037,0,0,0.0,30.88,2026-03-18T16:25:59.798713,large_doc_pymupdf_only,,
BDMN_2023.pdf,BDMN,2023,success,,772,740,32,0,772,2211857,0,0,0.0,34.2,2026-03-18T16:26:11.012687,large_doc_pymupdf_only,,
BEBS_2022.pdf,BEBS,2022,success,,190,171,19,0,190,524855,0,0,0.0,13.14,2026-03-18T16:26:13.043680,large_doc_pymupdf_only,,
BDMN_2024.pdf,BDMN,2024,success,,776,750,26,0,776,2286975,0,0,0.0,40.27,2026-03-18T16:26:20.059471,large_doc_pymupdf_only,,
BEEF_2022.pdf,BEEF,2022,success,,166,59,107,0,166,272550,0,0,0.0,11.75,2026-03-18T16:26:25.189988,large_doc_pymupdf_only,,
BEBS_2023.pdf,BEBS,2023,success,,223,196,27,0,223,582933,0,0,0.0,15.71,2026-03-18T16:26:26.958177,large_doc_pymupdf_only,,
BEEF_2023.pdf,BEEF,2023,success,,290,64,226,0,290,284825,0,0,0.0,12.9,2026-03-18T16:26:33.352941,large_doc_pymupdf_only,,
BEER_2022.pdf,BEER,2022,success,,211,197,14,0,211,659814,0,0,0.0,12.96,2026-03-18T16:26:40.194771,large_doc_pymupdf_only,,
BEER_2023.pdf,BEER,2023,success,,204,180,24,0,204,679381,0,0,0.0,11.52,2026-03-18T16:26:45.307912,large_doc_pymupdf_only,,
BEEF_2024.pdf,BEEF,2024,success,,306,264,42,0,306,829188,0,0,0.0,21.84,2026-03-18T16:26:47.230358,large_doc_pymupdf_only,,
BEER_2024.pdf,BEER,2024,success,,236,222,14,0,236,738563,0,0,0.0,14.33,2026-03-18T16:26:54.834506,large_doc_pymupdf_only,,
BEKS_2022.pdf,BEKS,2022,success,,562,548,14,0,562,1730465,0,0,0.0,22.23,2026-03-18T16:27:07.922517,large_doc_pymupdf_only,,
BEKS_2023.pdf,BEKS,2023,success,,509,502,7,0,509,1724718,0,0,0.0,23.62,2026-03-18T16:27:11.037481,large_doc_pymupdf_only,,
BEKS_2024.pdf,BEKS,2024,success,,528,508,20,0,528,1828718,0,0,0.0,25.69,2026-03-18T16:27:20.860044,large_doc_pymupdf_only,,
BELI_2022.pdf,BELI,2022,success,,416,388,28,0,416,1319422,0,0,0.0,15.23,2026-03-18T16:27:23.907951,large_doc_pymupdf_only,,
BELI_2024.pdf,BELI,2024,success,,375,374,1,0,375,1585462,0,0,0.0,16.39,2026-03-18T16:27:37.470256,large_doc_pymupdf_only,,
BELI_2023.pdf,BELI,2023,success,,3,0,3,3,0,9901,3387,2225,0.00418425,27.05,2026-03-18T16:27:38.420708,,,
BELL_2022.pdf,BELL,2022,success,,360,342,18,0,360,1187828,0,0,0.0,15.3,2026-03-18T16:27:39.413975,large_doc_pymupdf_only,,
BELL_2023.pdf,BELL,2023,success,,1,0,1,1,0,3588,1129,751,0.00140875,7.05,2026-03-18T16:27:44.672255,,,
BELL_2024.pdf,BELL,2024,success,,348,333,15,0,348,1167813,0,0,0.0,31.22,2026-03-18T16:28:09.880459,large_doc_pymupdf_only,,
BESS_2022.pdf,BESS,2022,success,,213,211,2,0,213,803278,0,0,0.0,31.65,2026-03-18T16:28:11.403180,large_doc_pymupdf_only,,
BESS_2023.pdf,BESS,2023,success,,211,202,9,0,211,740364,0,0,0.0,28.67,2026-03-18T16:28:13.568439,large_doc_pymupdf_only,,
BEST_2022.pdf,BEST,2022,success,,157,152,5,0,157,888461,0,0,0.0,17.2,2026-03-18T16:28:29.016448,large_doc_pymupdf_only,,
BESS_2024.pdf,BESS,2024,success,,239,237,2,0,239,874746,0,0,0.0,21.87,2026-03-18T16:28:31.972512,large_doc_pymupdf_only,,
BEST_2023.pdf,BEST,2023,success,,161,152,9,0,161,896152,0,0,0.0,22.44,2026-03-18T16:28:36.242281,large_doc_pymupdf_only,,
BBSS_2023.pdf,BBSS,2023,success,,191,60,131,0,191,198160,0,0,0.0,466.34,2026-03-18T16:30:24.734787,large_doc_pymupdf_only,,
BEST_2024.pdf,BEST,2024,success,,166,117,49,0,166,609802,0,0,0.0,13.49,2026-03-18T16:30:38.259240,large_doc_pymupdf_only,,
BFIN_2024.pdf,BFIN,2024,success,,386,372,14,0,386,1175233,0,0,0.0,15.3,2026-03-18T16:30:40.072788,large_doc_pymupdf_only,,
BFIN_2022.pdf,BFIN,2022,success,,444,413,31,0,444,1134337,0,0,0.0,15.58,2026-03-18T16:30:40.348889,large_doc_pymupdf_only,,
BFIN_2023.pdf,BFIN,2023,success,,438,420,18,0,438,1175996,0,0,0.0,19.34,2026-03-18T16:30:44.108170,large_doc_pymupdf_only,,
BHAT_2022.pdf,BHAT,2022,success,,229,214,15,0,229,691201,0,0,0.0,10.16,2026-03-18T16:30:54.518555,large_doc_pymupdf_only,,
BGTG_2022.pdf,BGTG,2022,success,,538,527,11,0,538,1783708,0,0,0.0,19.97,2026-03-18T16:30:58.485924,large_doc_pymupdf_only,,
BGTG_2023.pdf,BGTG,2023,success,,557,554,3,0,557,1879238,0,0,0.0,19.78,2026-03-18T16:30:59.924449,large_doc_pymupdf_only,,
BGTG_2024.pdf,BGTG,2024,success,,571,559,12,0,571,1963808,0,0,0.0,20.26,2026-03-18T16:31:00.900848,large_doc_pymupdf_only,,
BHAT_2024.pdf,BHAT,2024,success,,230,211,19,0,230,710907,0,0,0.0,8.1,2026-03-18T16:31:06.669645,large_doc_pymupdf_only,,
BHAT_2023.pdf,BHAT,2023,success,,3,0,3,3,0,10520,3387,2230,0.00419175,22.8,2026-03-18T16:31:17.557157,,,
BHIT_2022.pdf,BHIT,2022,success,,429,429,0,0,429,1604731,0,0,0.0,18.4,2026-03-18T16:31:18.388272,large_doc_pymupdf_only,,
BHIT_2023.pdf,BHIT,2023,success,,420,419,1,0,420,1545448,0,0,0.0,19.49,2026-03-18T16:31:20.583229,large_doc_pymupdf_only,,
BHIT_2024.pdf,BHIT,2024,success,,413,412,1,0,413,1564342,0,0,0.0,21.94,2026-03-18T16:31:28.830594,large_doc_pymupdf_only,,
BIKE_2022.pdf,BIKE,2022,success,,226,199,27,0,226,599675,0,0,0.0,9.65,2026-03-18T16:31:30.511833,large_doc_pymupdf_only,,
BIKA_2022.pdf,BIKA,2022,success,,317,304,13,0,317,976298,0,0,0.0,17.22,2026-03-18T16:31:35.032874,large_doc_pymupdf_only,,
BIKA_2023.pdf,BIKA,2023,success,,330,318,12,0,330,1011589,0,0,0.0,17.79,2026-03-18T16:31:36.389109,large_doc_pymupdf_only,,
BIMA_2023.pdf,BIMA,2023,success,,136,113,23,0,136,383616,0,0,0.0,9.06,2026-03-18T16:31:44.560375,large_doc_pymupdf_only,,
BIKE_2023.pdf,BIKE,2023,success,,229,208,21,0,229,659113,0,0,0.0,21.28,2026-03-18T16:31:50.375036,large_doc_pymupdf_only,,
BINA_2022.pdf,BINA,2022,success,,563,540,23,0,563,1938538,0,0,0.0,27.95,2026-03-18T16:32:04.511689,large_doc_pymupdf_only,,
BIKE_2024.pdf,BIKE,2024,success,,261,159,102,0,261,430413,0,0,0.0,37.25,2026-03-18T16:32:08.097421,large_doc_pymupdf_only,,
BINA_2023.pdf,BINA,2023,success,,542,521,21,0,542,1828014,0,0,0.0,24.51,2026-03-18T16:32:09.405014,large_doc_pymupdf_only,,
BINA_2024.pdf,BINA,2024,success,,565,550,15,0,565,1956129,0,0,0.0,24.09,2026-03-18T16:32:14.786552,large_doc_pymupdf_only,,
BINO_2022.pdf,BINO,2022,success,,295,277,18,0,295,975013,0,0,0.0,16.04,2026-03-18T16:32:20.911595,large_doc_pymupdf_only,,
BIPI_2022.pdf,BIPI,2022,success,,298,284,14,0,298,904540,0,0,0.0,14.29,2026-03-18T16:32:23.970401,large_doc_pymupdf_only,,
BINO_2024.pdf,BINO,2024,success,,309,294,15,0,309,943656,0,0,0.0,16.57,2026-03-18T16:32:24.920116,large_doc_pymupdf_only,,
BIPI_2023.pdf,BIPI,2023,success,,332,307,25,0,332,971139,0,0,0.0,17.2,2026-03-18T16:32:32.352986,large_doc_pymupdf_only,,
BIPI_2024.pdf,BIPI,2024,success,,332,307,25,0,332,971139,0,0,0.0,15.82,2026-03-18T16:32:36.863905,large_doc_pymupdf_only,,
BIPP_2022.pdf,BIPP,2022,success,,270,260,10,0,270,956607,0,0,0.0,15.39,2026-03-18T16:32:39.744362,large_doc_pymupdf_only,,
BIPP_2023.pdf,BIPP,2023,success,,280,270,10,0,280,1028633,0,0,0.0,16.73,2026-03-18T16:32:41.903985,large_doc_pymupdf_only,,
BIPP_2024.pdf,BIPP,2024,success,,376,334,42,0,376,1032401,0,0,0.0,18.67,2026-03-18T16:32:51.290411,large_doc_pymupdf_only,,
BIRD_2023.pdf,BIRD,2023,success,,446,422,24,0,446,1227232,0,0,0.0,19.32,2026-03-18T16:32:56.292639,large_doc_pymupdf_only,,
BISI_2022.pdf,BISI,2022,success,,193,69,124,0,193,237180,0,0,0.0,16.24,2026-03-18T16:32:58.261390,large_doc_pymupdf_only,,
BISI_2023.pdf,BISI,2023,success,,182,68,114,0,182,232932,0,0,0.0,15.66,2026-03-18T16:33:07.307527,large_doc_pymupdf_only,,
BISI_2024.pdf,BISI,2024,success,,179,173,6,0,179,579532,0,0,0.0,10.63,2026-03-18T16:33:07.382884,large_doc_pymupdf_only,,
BIRD_2024.pdf,BIRD,2024,success,,430,399,31,0,430,1228380,0,0,0.0,36.25,2026-03-18T16:33:16.113440,large_doc_pymupdf_only,,
BJTM_2022.pdf,BJTM,2022,success,,687,675,12,0,687,2259416,0,0,0.0,27.99,2026-03-18T16:33:35.483732,large_doc_pymupdf_only,,
BJTM_2023.pdf,BJTM,2023,success,,749,726,23,0,749,2412679,0,0,0.0,38.17,2026-03-18T16:33:45.984408,large_doc_pymupdf_only,,
BJTM_2024.pdf,BJTM,2024,success,,753,707,46,0,753,2376464,0,0,0.0,33.99,2026-03-18T16:33:50.195525,large_doc_pymupdf_only,,
BKDP_2022.pdf,BKDP,2022,success,,142,129,13,0,142,561650,0,0,0.0,14.99,2026-03-18T16:33:50.751221,large_doc_pymupdf_only,,
BKDP_2023.pdf,BKDP,2023,success,,131,119,12,0,131,517781,0,0,0.0,11.57,2026-03-18T16:33:57.898022,large_doc_pymupdf_only,,
BKDP_2024.pdf,BKDP,2024,success,,138,134,4,0,138,572297,0,0,0.0,12.11,2026-03-18T16:34:02.949399,large_doc_pymupdf_only,,
BKSL_2022.pdf,BKSL,2022,success,,281,267,14,0,281,969497,0,0,0.0,13.36,2026-03-18T16:34:04.290459,large_doc_pymupdf_only,,
BKSL_2023.pdf,BKSL,2023,success,,320,309,11,0,320,1151807,0,0,0.0,11.02,2026-03-18T16:34:09.405053,large_doc_pymupdf_only,,
BKSL_2024.pdf,BKSL,2024,success,,1,1,0,1,0,4126,1129,882,0.00160525,7.65,2026-03-18T16:34:10.853319,,,
BJBR_2023.pdf,BJBR,2023,success,,1383,1355,28,0,1383,4868942,0,0,0.0,75.63,2026-03-18T16:34:14.343799,large_doc_pymupdf_only,,
BKSW_2022.pdf,BKSW,2022,success,,2,0,2,2,0,8360,2258,1650,0.0030395,16.77,2026-03-18T16:34:21.174666,,,
BKSW_2024.pdf,BKSW,2024,success,,321,310,11,0,321,964605,0,0,0.0,12.76,2026-03-18T16:34:23.813418,large_doc_pymupdf_only,,
BKSW_2023.pdf,BKSW,2023,success,,317,299,18,0,317,927340,0,0,0.0,16.4,2026-03-18T16:34:25.833753,large_doc_pymupdf_only,,
BLES_2024.pdf,BLES,2024,success,,326,305,21,0,326,1022550,0,0,0.0,11.89,2026-03-18T16:34:26.334046,large_doc_pymupdf_only,,
BLTA_2022.pdf,BLTA,2022,success,,3,0,3,3,0,13573,3387,2930,0.00524175,23.01,2026-03-18T16:34:44.462525,,,
BLTZ_2023.pdf,BLTZ,2023,success,,338,312,26,0,338,1042541,0,0,0.0,15.6,2026-03-18T16:35:00.103393,large_doc_pymupdf_only,,
BLTZ_2022.pdf,BLTZ,2022,success,,354,330,24,0,354,990209,0,0,0.0,17.63,2026-03-18T16:35:02.121943,large_doc_pymupdf_only,,
BLTA_2023.pdf,BLTA,2023,success,,259,239,20,0,259,799242,0,0,0.0,18.71,2026-03-18T16:35:03.205074,large_doc_pymupdf_only,,
BLTA_2024.pdf,BLTA,2024,success,,259,231,28,0,259,806737,0,0,0.0,19.38,2026-03-18T16:35:03.879974,large_doc_pymupdf_only,,
BLUE_2024.pdf,BLUE,2024,success,,200,183,17,0,200,523881,0,0,0.0,4.31,2026-03-18T16:35:08.310330,large_doc_pymupdf_only,,
BLTZ_2024.pdf,BLTZ,2024,success,,357,325,32,0,357,1027011,0,0,0.0,10.79,2026-03-18T16:35:11.205571,large_doc_pymupdf_only,,
BLUE_2023.pdf,BLUE,2023,success,,2,0,2,2,0,8054,2258,1607,0.002975,16.11,2026-03-18T16:35:19.526297,,,
BLUE_2022.pdf,BLUE,2022,success,,2,0,2,2,0,8669,2258,1816,0.0032885,18.11,2026-03-18T16:35:20.394195,,,
BMAS_2022.pdf,BMAS,2022,success,,576,531,45,0,576,1805285,0,0,0.0,15.29,2026-03-18T16:35:23.699587,large_doc_pymupdf_only,,
BMAS_2023.pdf,BMAS,2023,success,,578,558,20,0,578,1781646,0,0,0.0,16.89,2026-03-18T16:35:28.204806,large_doc_pymupdf_only,,
BMBL_2023.pdf,BMBL,2023,success,,1,1,0,1,0,3842,1129,985,0.00175975,8.34,2026-03-18T16:35:29.046648,,,
BMHS_2022.pdf,BMHS,2022,success,,1,0,1,1,0,4762,1129,934,0.00168325,9.33,2026-03-18T16:35:37.844819,,,
BMHS_2023.pdf,BMHS,2023,success,,1,0,1,1,0,4950,1129,962,0.00172525,9.12,2026-03-18T16:35:38.245273,,,
BMAS_2024.pdf,BMAS,2024,success,,624,589,35,0,624,1976470,0,0,0.0,24.01,2026-03-18T16:35:43.608054,large_doc_pymupdf_only,,
BMBL_2024.pdf,BMBL,2024,success,,219,212,7,0,219,624785,0,0,0.0,37.61,2026-03-18T16:36:01.514582,large_doc_pymupdf_only,,
BMHS_2024.pdf,BMHS,2024,success,,300,286,14,0,300,906423,0,0,0.0,34.24,2026-03-18T16:36:12.192829,large_doc_pymupdf_only,,
BMSR_2022.pdf,BMSR,2022,success,,262,247,15,0,262,741992,0,0,0.0,12.3,2026-03-18T16:36:14.139893,large_doc_pymupdf_only,,
BMSR_2024.pdf,BMSR,2024,success,,278,262,16,0,278,761191,0,0,0.0,12.92,2026-03-18T16:36:27.217492,large_doc_pymupdf_only,,
BMSR_2023.pdf,BMSR,2023,success,,273,251,22,0,273,768317,0,0,0.0,15.37,2026-03-18T16:36:27.716380,large_doc_pymupdf_only,,
BMTR_2022.pdf,BMTR,2022,success,,374,329,45,0,374,1138116,0,0,0.0,17.46,2026-03-18T16:36:44.992062,large_doc_pymupdf_only,,
BMTR_2023.pdf,BMTR,2023,success,,383,327,56,0,383,1189311,0,0,0.0,20.48,2026-03-18T16:36:48.568064,large_doc_pymupdf_only,,
BMRI_2023.pdf,BMRI,2023,success,,1514,1483,31,0,1514,4699781,0,0,0.0,69.28,2026-03-18T16:36:48.643503,large_doc_pymupdf_only,,
BMRI_2024.pdf,BMRI,2024,success,,1726,1696,30,0,1726,4565533,0,0,0.0,75.87,2026-03-18T16:36:59.822508,large_doc_pymupdf_only,,
BMTR_2024.pdf,BMTR,2024,success,,361,320,41,0,361,1225494,0,0,0.0,19.29,2026-03-18T16:37:04.498690,large_doc_pymupdf_only,,
BNBA_2022.pdf,BNBA,2022,success,,550,540,10,0,550,1926161,0,0,0.0,23.24,2026-03-18T16:37:11.896899,large_doc_pymupdf_only,,
BNBA_2023.pdf,BNBA,2023,success,,538,524,14,0,538,1913991,0,0,0.0,22.92,2026-03-18T16:37:11.956319,large_doc_pymupdf_only,,
BNBR_2022.pdf,BNBR,2022,success,,1,0,1,1,0,4582,1129,999,0.00178075,9.22,2026-03-18T16:37:13.983023,,,
BNBA_2024.pdf,BNBA,2024,success,,541,528,13,0,541,1861752,0,0,0.0,14.79,2026-03-18T16:37:15.027270,large_doc_pymupdf_only,,
BNBR_2024.pdf,BNBR,2024,success,,1,0,1,1,0,4667,1129,980,0.00175225,9.39,2026-03-18T16:37:21.698531,,,
BNBR_2023.pdf,BNBR,2023,success,,1,0,1,1,0,4709,1129,992,0.00177025,15.25,2026-03-18T16:37:27.285829,,,
BNII_2023.pdf,BNII,2023,success,,992,967,25,0,992,3162381,0,0,0.0,36.52,2026-03-18T16:37:58.575225,large_doc_pymupdf_only,,
BNII_2024.pdf,BNII,2024,success,,970,957,13,0,970,3376774,0,0,0.0,44.58,2026-03-18T16:38:12.062915,large_doc_pymupdf_only,,
BNGA_2022.pdf,BNGA,2022,success,,986,966,20,0,986,3581209,0,0,0.0,58.23,2026-03-18T16:38:12.256020,large_doc_pymupdf_only,,
BNGA_2024.pdf,BNGA,2024,success,,976,945,31,0,976,3554402,0,0,0.0,57.66,2026-03-18T16:38:12.851419,large_doc_pymupdf_only,,
BOAT_2024.pdf,BOAT,2024,success,,210,185,25,0,210,643010,0,0,0.0,11.67,2026-03-18T16:38:24.185970,large_doc_pymupdf_only,,
BOBA_2022.pdf,BOBA,2022,success,,240,213,27,0,240,752641,0,0,0.0,16.83,2026-03-18T16:38:29.858980,large_doc_pymupdf_only,,
BNLI_2023.pdf,BNLI,2023,success,,917,904,13,0,917,3458698,0,0,0.0,33.61,2026-03-18T16:38:32.367625,large_doc_pymupdf_only,,
BOGA_2022.pdf,BOGA,2022,success,,221,211,10,0,221,696514,0,0,0.0,7.58,2026-03-18T16:38:40.088338,large_doc_pymupdf_only,,
BOBA_2024.pdf,BOBA,2024,success,,300,276,24,0,300,1015224,0,0,0.0,11.47,2026-03-18T16:38:41.661130,large_doc_pymupdf_only,,
BNLI_2024.pdf,BNLI,2024,success,,962,946,16,0,962,3609900,0,0,0.0,35.03,2026-03-18T16:38:47.274477,large_doc_pymupdf_only,,
BOGA_2023.pdf,BOGA,2023,success,,198,181,17,0,198,643242,0,0,0.0,8.24,2026-03-18T16:38:48.508091,large_doc_pymupdf_only,,
BOGA_2024.pdf,BOGA,2024,success,,218,206,12,0,218,685793,0,0,0.0,10.46,2026-03-18T16:38:52.237046,large_doc_pymupdf_only,,
BOBA_2023.pdf,BOBA,2023,success,,3,0,3,3,0,12009,3387,2530,0.00464175,28.23,2026-03-18T16:38:52.522485,,,
BOLA_2022.pdf,BOLA,2022,success,,228,211,17,0,228,649028,0,0,0.0,26.77,2026-03-18T16:39:14.257886,large_doc_pymupdf_only,,
BOLA_2023.pdf,BOLA,2023,success,,225,203,22,0,225,707714,0,0,0.0,27.81,2026-03-18T16:39:16.508103,large_doc_pymupdf_only,,
BOLT_2022.pdf,BOLT,2022,success,,308,298,10,0,308,848231,0,0,0.0,23.81,2026-03-18T16:39:17.170310,large_doc_pymupdf_only,,
BOSS_2022.pdf,BOSS,2022,success,,187,165,22,0,187,661170,0,0,0.0,11.7,2026-03-18T16:39:29.302498,large_doc_pymupdf_only,,
BOLA_2024.pdf,BOLA,2024,success,,259,237,22,0,259,835552,0,0,0.0,38.35,2026-03-18T16:39:30.687686,large_doc_pymupdf_only,,
BOLT_2023.pdf,BOLT,2023,success,,424,410,14,0,424,1267604,0,0,0.0,19.68,2026-03-18T16:39:34.112021,large_doc_pymupdf_only,,
BOLT_2024.pdf,BOLT,2024,success,,428,393,35,0,428,1272263,0,0,0.0,18.05,2026-03-18T16:39:34.828713,large_doc_pymupdf_only,,
BPFI_2024.pdf,BPFI,2024,success,,235,209,26,0,235,801101,0,0,0.0,19.28,2026-03-18T16:39:54.136854,large_doc_pymupdf_only,,
BPFI_2022.pdf,BPFI,2022,success,,222,204,18,0,222,850531,0,0,0.0,21.28,2026-03-18T16:39:56.138275,large_doc_pymupdf_only,,
BPII_2023.pdf,BPII,2023,success,,430,414,16,0,430,1284876,0,0,0.0,18.14,2026-03-18T16:40:12.816013,large_doc_pymupdf_only,,
BPII_2024.pdf,BPII,2024,success,,420,412,8,0,420,1340488,0,0,0.0,17.3,2026-03-18T16:40:13.600668,large_doc_pymupdf_only,,
BPFI_2023.pdf,BPFI,2023,success,,244,232,12,0,244,861262,0,0,0.0,46.0,2026-03-18T16:40:20.859194,large_doc_pymupdf_only,,
BPTR_2022.pdf,BPTR,2022,success,,275,255,20,0,275,785766,0,0,0.0,12.6,2026-03-18T16:40:25.518249,large_doc_pymupdf_only,,
BPTR_2023.pdf,BPTR,2023,success,,307,288,19,0,307,922365,0,0,0.0,15.09,2026-03-18T16:40:28.875718,large_doc_pymupdf_only,,
BPTR_2024.pdf,BPTR,2024,success,,316,308,8,0,316,1000075,0,0,0.0,14.06,2026-03-18T16:40:35.065649,large_doc_pymupdf_only,,
BRAM_2022.pdf,BRAM,2022,success,,354,315,39,0,354,890930,0,0,0.0,15.25,2026-03-18T16:40:41.021016,large_doc_pymupdf_only,,
BRAM_2023.pdf,BRAM,2023,success,,386,349,37,0,386,965303,0,0,0.0,13.66,2026-03-18T16:40:42.852559,large_doc_pymupdf_only,,
BRAM_2024.pdf,BRAM,2024,success,,348,315,33,0,348,884397,0,0,0.0,9.68,2026-03-18T16:40:45.101848,large_doc_pymupdf_only,,
BPII_2022.pdf,BPII,2022,success,,372,363,9,0,372,1305033,0,0,0.0,81.52,2026-03-18T16:40:56.380542,large_doc_pymupdf_only,,
BRIS_2022.pdf,BRIS,2022,success,,665,640,25,0,665,1823694,0,0,0.0,12.55,2026-03-18T16:40:57.762802,large_doc_pymupdf_only,,
BREN_2024.pdf,BREN,2024,success,,2,0,2,2,0,9183,2258,1893,0.003404,14.88,2026-03-18T16:40:57.775325,,,
BREN_2023.pdf,BREN,2023,success,,3,3,0,3,0,12301,3387,2695,0.00488925,17.73,2026-03-18T16:40:58.951409,,,
BRMS_2022.pdf,BRMS,2022,success,,322,309,13,0,322,991406,0,0,0.0,19.99,2026-03-18T16:41:17.980945,large_doc_pymupdf_only,,
BRIS_2023.pdf,BRIS,2023,success,,718,689,29,0,718,1967172,0,0,0.0,23.91,2026-03-18T16:41:20.350495,large_doc_pymupdf_only,,
BRMS_2023.pdf,BRMS,2023,success,,340,322,18,0,340,971655,0,0,0.0,26.96,2026-03-18T16:41:26.187128,large_doc_pymupdf_only,,
BRIS_2024.pdf,BRIS,2024,success,,684,655,29,0,684,2039629,0,0,0.0,28.61,2026-03-18T16:41:26.490903,large_doc_pymupdf_only,,
BRNA_2022.pdf,BRNA,2022,success,,246,228,18,0,246,752092,0,0,0.0,13.25,2026-03-18T16:41:33.946247,large_doc_pymupdf_only,,
BRNA_2023.pdf,BRNA,2023,success,,271,246,25,0,271,724687,0,0,0.0,8.62,2026-03-18T16:41:35.024577,large_doc_pymupdf_only,,
BRMS_2024.pdf,BRMS,2024,success,,352,330,22,0,352,1072480,0,0,0.0,19.35,2026-03-18T16:41:37.471579,large_doc_pymupdf_only,,
BRNA_2024.pdf,BRNA,2024,success,,284,259,25,0,284,757790,0,0,0.0,11.51,2026-03-18T16:41:38.832216,large_doc_pymupdf_only,,
BRRC_2024.pdf,BRRC,2024,success,,248,237,11,0,248,768762,0,0,0.0,15.55,2026-03-18T16:41:54.713916,large_doc_pymupdf_only,,
BRPT_2022.pdf,BRPT,2022,success,,396,388,8,0,396,1517735,0,0,0.0,25.93,2026-03-18T16:42:00.085580,large_doc_pymupdf_only,,
BRPT_2023.pdf,BRPT,2023,success,,442,420,22,0,442,1641272,0,0,0.0,25.46,2026-03-18T16:42:00.713010,large_doc_pymupdf_only,,
BRPT_2024.pdf,BRPT,2024,success,,456,442,14,0,456,1777160,0,0,0.0,24.36,2026-03-18T16:42:02.063732,large_doc_pymupdf_only,,
BSBK_2022.pdf,BSBK,2022,success,,2,0,2,2,0,8579,2258,1887,0.003395,13.85,2026-03-18T16:42:08.953535,,,
BSBK_2023.pdf,BSBK,2023,success,,2,0,2,2,0,8799,2258,1954,0.0034955,18.42,2026-03-18T16:42:18.644666,,,
BSBK_2024.pdf,BSBK,2024,success,,2,0,2,2,0,8801,2258,1929,0.003458,18.32,2026-03-18T16:42:19.130182,,,
BSDE_2022.pdf,BSDE,2022,success,,3,0,3,3,0,14398,3387,3121,0.00552825,19.52,2026-03-18T16:42:21.588546,,,
BSDE_2023.pdf,BSDE,2023,success,,2,0,2,2,0,8935,2258,1829,0.003308,12.71,2026-03-18T16:42:21.660785,,,
BSIM_2022.pdf,BSIM,2022,success,,662,640,22,0,662,2300116,0,0,0.0,15.37,2026-03-18T16:42:34.504165,large_doc_pymupdf_only,,
BSDE_2024.pdf,BSDE,2024,success,,2,2,0,2,0,8945,2258,1830,0.0033095,16.47,2026-03-18T16:42:35.112351,,,
BSIM_2023.pdf,BSIM,2023,success,,687,669,18,0,687,2652219,0,0,0.0,24.72,2026-03-18T16:42:46.466271,large_doc_pymupdf_only,,
BSML_2022.pdf,BSML,2022,success,,226,210,16,0,226,718633,0,0,0.0,13.75,2026-03-18T16:42:48.495956,large_doc_pymupdf_only,,
BSML_2023.pdf,BSML,2023,success,,301,281,20,0,301,898173,0,0,0.0,13.16,2026-03-18T16:42:48.538858,large_doc_pymupdf_only,,
BSIM_2024.pdf,BSIM,2024,success,,770,745,25,0,770,2976501,0,0,0.0,28.37,2026-03-18T16:42:50.187807,large_doc_pymupdf_only,,
BSML_2024.pdf,BSML,2024,success,,327,318,9,0,327,958264,0,0,0.0,12.31,2026-03-18T16:42:58.956234,large_doc_pymupdf_only,,
BSSR_2022.pdf,BSSR,2022,success,,299,279,20,0,299,993611,0,0,0.0,16.13,2026-03-18T16:43:04.831152,large_doc_pymupdf_only,,
BSSR_2024.pdf,BSSR,2024,success,,324,283,41,0,324,978809,0,0,0.0,21.05,2026-03-18T16:43:09.961101,large_doc_pymupdf_only,,
BTEK_2022.pdf,BTEK,2022,success,,162,148,14,0,162,507638,0,0,0.0,11.59,2026-03-18T16:43:10.851028,large_doc_pymupdf_only,,
BSWD_2022.pdf,BSWD,2022,success,,263,244,19,0,263,1505743,0,0,0.0,23.25,2026-03-18T16:43:13.813356,large_doc_pymupdf_only,,
BTEK_2023.pdf,BTEK,2023,success,,175,156,19,0,175,557467,0,0,0.0,10.14,2026-03-18T16:43:15.613088,large_doc_pymupdf_only,,
BTON_2022.pdf,BTON,2022,success,,146,139,7,0,146,427622,0,0,0.0,6.04,2026-03-18T16:43:20.154554,large_doc_pymupdf_only,,
BTEK_2024.pdf,BTEK,2024,success,,292,269,23,0,292,738960,0,0,0.0,13.28,2026-03-18T16:43:23.558543,large_doc_pymupdf_only,,
BTON_2023.pdf,BTON,2023,success,,196,187,9,0,196,632267,0,0,0.0,10.01,2026-03-18T16:43:25.892851,large_doc_pymupdf_only,,
BTEL_2022.pdf,BTEL,2022,success,,2,0,2,2,0,7052,2258,1598,0.0029615,17.78,2026-03-18T16:43:28.910397,,,
BTON_2024.pdf,BTON,2024,success,,213,205,8,0,213,724000,0,0,0.0,11.26,2026-03-18T16:43:31.651232,large_doc_pymupdf_only,,
BTPN_2023.pdf,BTPN,2023,success,,632,615,17,0,632,1919365,0,0,0.0,16.27,2026-03-18T16:43:39.921830,large_doc_pymupdf_only,,
BTPS_2024.pdf,BTPS,2024,success,,655,622,33,0,655,1652417,0,0,0.0,20.18,2026-03-18T16:44:00.165006,large_doc_pymupdf_only,,
BTPN_2024.pdf,BTPN,2024,success,,669,641,28,0,669,2065511,0,0,0.0,22.72,2026-03-18T16:44:02.672895,large_doc_pymupdf_only,,
BTPS_2022.pdf,BTPS,2022,success,,650,621,29,0,650,1635448,0,0,0.0,22.75,2026-03-18T16:44:02.734608,large_doc_pymupdf_only,,
BTPS_2023.pdf,BTPS,2023,success,,610,569,41,0,610,1701356,0,0,0.0,30.78,2026-03-18T16:44:10.763169,large_doc_pymupdf_only,,
BUAH_2022.pdf,BUAH,2022,success,,230,221,9,0,230,719549,0,0,0.0,12.86,2026-03-18T16:44:13.305823,large_doc_pymupdf_only,,
BUAH_2023.pdf,BUAH,2023,success,,254,243,11,0,254,819955,0,0,0.0,10.85,2026-03-18T16:44:13.735214,large_doc_pymupdf_only,,
BUDI_2022.pdf,BUDI,2022,success,,208,174,34,0,208,618734,0,0,0.0,11.27,2026-03-18T16:44:22.140982,large_doc_pymupdf_only,,
BUAH_2024.pdf,BUAH,2024,success,,242,226,16,0,242,771796,0,0,0.0,20.31,2026-03-18T16:44:23.403282,large_doc_pymupdf_only,,
BUDI_2023.pdf,BUDI,2023,success,,218,204,14,0,218,629503,0,0,0.0,13.61,2026-03-18T16:44:27.038365,large_doc_pymupdf_only,,
BUDI_2024.pdf,BUDI,2024,success,,244,219,25,0,244,700412,0,0,0.0,13.3,2026-03-18T16:44:27.196534,large_doc_pymupdf_only,,
BUKA_2023.pdf,BUKA,2023,success,,474,459,15,0,474,1333791,0,0,0.0,10.35,2026-03-18T16:44:33.984279,large_doc_pymupdf_only,,
BUKA_2022.pdf,BUKA,2022,success,,458,446,12,0,458,1493076,0,0,0.0,13.06,2026-03-18T16:44:35.559202,large_doc_pymupdf_only,,
BUKK_2023.pdf,BUKK,2023,success,,1,0,1,1,0,3812,1129,732,0.00138025,5.6,2026-03-18T16:44:39.629684,,,
BUKA_2024.pdf,BUKA,2024,success,,2,2,0,2,0,7732,2258,1657,0.00305,15.82,2026-03-18T16:44:42.974441,,,
BUKK_2024.pdf,BUKK,2024,success,,1,1,0,1,0,3814,1129,732,0.00138025,8.99,2026-03-18T16:44:44.549190,,,
BULL_2022.pdf,BULL,2022,success,,282,273,9,0,282,963283,0,0,0.0,5.78,2026-03-18T16:44:45.415121,large_doc_pymupdf_only,,
BUKK_2022.pdf,BUKK,2022,success,,2,0,2,2,0,7267,2258,1468,0.0027665,18.25,2026-03-18T16:44:45.846330,,,
BUMI.SI_2022.pdf,BUMI.SI,2022,success,,142,139,3,0,142,378521,0,0,0.0,4.26,2026-03-18T16:44:49.799655,large_doc_pymupdf_only,,
BULL_2023.pdf,BULL,2023,success,,290,269,21,0,290,945077,0,0,0.0,9.89,2026-03-18T16:44:53.075484,large_doc_pymupdf_only,,
BUMI.SI_2023.pdf,BUMI.SI,2023,success,,144,141,3,0,144,423037,0,0,0.0,8.13,2026-03-18T16:44:54.149412,large_doc_pymupdf_only,,
BULL_2024.pdf,BULL,2024,success,,2,2,0,2,0,11927,2258,2218,0.0038915,13.83,2026-03-18T16:44:58.557308,,,
BUVA_2022.pdf,BUVA,2022,success,,294,276,18,0,294,988232,0,0,0.0,11.35,2026-03-18T16:45:05.666505,large_doc_pymupdf_only,,
BUMI_2023.pdf,BUMI,2023,success,,488,471,17,0,488,1587521,0,0,0.0,19.7,2026-03-18T16:45:09.592353,large_doc_pymupdf_only,,
BUVA_2023.pdf,BUVA,2023,success,,350,345,5,0,350,1089601,0,0,0.0,14.05,2026-03-18T16:45:13.064241,large_doc_pymupdf_only,,
BUMI_2024.pdf,BUMI,2024,success,,491,483,8,0,491,1659400,0,0,0.0,20.11,2026-03-18T16:45:13.384514,large_doc_pymupdf_only,,
BUVA_2024.pdf,BUVA,2024,success,,322,310,12,0,322,976035,0,0,0.0,20.65,2026-03-18T16:45:26.704541,large_doc_pymupdf_only,,
BWPT_2022.pdf,BWPT,2022,success,,198,186,12,0,198,622188,0,0,0.0,9.24,2026-03-18T16:45:36.212625,large_doc_pymupdf_only,,
BVIC_2023.pdf,BVIC,2023,success,,648,625,23,0,648,2266345,0,0,0.0,23.12,2026-03-18T16:45:36.319312,large_doc_pymupdf_only,,
BVIC_2022.pdf,BVIC,2022,success,,764,741,23,0,764,2678554,0,0,0.0,27.19,2026-03-18T16:45:37.108037,large_doc_pymupdf_only,,
BVIC_2024.pdf,BVIC,2024,success,,651,647,4,0,651,2442491,0,0,0.0,25.2,2026-03-18T16:45:38.823681,large_doc_pymupdf_only,,
BYAN_2022.pdf,BYAN,2022,success,,287,261,26,0,287,1016644,0,0,0.0,17.19,2026-03-18T16:45:54.703703,large_doc_pymupdf_only,,
BYAN_2023.pdf,BYAN,2023,success,,304,278,26,0,304,1070040,0,0,0.0,15.74,2026-03-18T16:45:54.881405,large_doc_pymupdf_only,,
BWPT_2024.pdf,BWPT,2024,success,,305,291,14,0,305,977711,0,0,0.0,19.25,2026-03-18T16:45:55.785393,large_doc_pymupdf_only,,
BWPT_2023.pdf,BWPT,2023,success,,284,168,116,0,284,517039,0,0,0.0,22.13,2026-03-18T16:45:58.554628,large_doc_pymupdf_only,,
BYAN_2024.pdf,BYAN,2024,success,,284,260,24,0,284,1009723,0,0,0.0,6.66,2026-03-18T16:46:01.660888,large_doc_pymupdf_only,,
CAKK_2022.pdf,CAKK,2022,success,,1,1,0,1,0,4812,1129,1013,0.00180175,7.5,2026-03-18T16:46:02.656818,,,
CAKK_2023.pdf,CAKK,2023,success,,340,336,4,0,340,1116543,0,0,0.0,7.5,2026-03-18T16:46:03.402654,large_doc_pymupdf_only,,
CAKK_2024.pdf,CAKK,2024,success,,1,1,0,1,0,4468,1129,1066,0.00188125,7.94,2026-03-18T16:46:06.645590,,,
CAMP_2023.pdf,CAMP,2023,success,,140,138,2,0,140,782020,0,0,0.0,11.34,2026-03-18T16:46:14.081292,large_doc_pymupdf_only,,
CAMP_2022.pdf,CAMP,2022,success,,234,209,25,0,234,620012,0,0,0.0,13.29,2026-03-18T16:46:15.073579,large_doc_pymupdf_only,,
CANI_2022.pdf,CANI,2022,success,,240,232,8,0,240,737741,0,0,0.0,10.96,2026-03-18T16:46:17.778102,large_doc_pymupdf_only,,
CAMP_2024.pdf,CAMP,2024,success,,240,223,17,0,240,769828,0,0,0.0,16.02,2026-03-18T16:46:19.624808,large_doc_pymupdf_only,,
CANI_2023.pdf,CANI,2023,success,,238,220,18,0,238,717462,0,0,0.0,11.29,2026-03-18T16:46:25.750675,large_doc_pymupdf_only,,
CARE_2022.pdf,CARE,2022,success,,272,257,15,0,272,841830,0,0,0.0,10.55,2026-03-18T16:46:25.756595,large_doc_pymupdf_only,,
CARE_2024.pdf,CARE,2024,success,,270,251,19,0,270,848558,0,0,0.0,10.89,2026-03-18T16:46:30.622387,large_doc_pymupdf_only,,
CARE_2023.pdf,CARE,2023,success,,2,0,2,2,0,10073,2246,2127,0.003752,24.06,2026-03-18T16:46:42.323132,,,
CARS_2022.pdf,CARS,2022,success,,462,451,11,0,462,1664501,0,0,0.0,17.09,2026-03-18T16:46:42.931890,large_doc_pymupdf_only,,
CARS_2023.pdf,CARS,2023,success,,464,442,22,0,464,1551068,0,0,0.0,18.19,2026-03-18T16:46:44.100676,large_doc_pymupdf_only,,
CARS_2024.pdf,CARS,2024,success,,435,424,11,0,435,1413018,0,0,0.0,16.08,2026-03-18T16:46:46.868929,large_doc_pymupdf_only,,
CASA_2022.pdf,CASA,2022,success,,398,355,43,0,398,1077199,0,0,0.0,7.17,2026-03-18T16:46:49.590812,large_doc_pymupdf_only,,
CASA_2023.pdf,CASA,2023,success,,338,326,12,0,338,1083962,0,0,0.0,14.03,2026-03-18T16:47:03.644390,large_doc_pymupdf_only,,
CASA_2024.pdf,CASA,2024,success,,386,366,20,0,386,1253338,0,0,0.0,18.99,2026-03-18T16:47:08.613354,large_doc_pymupdf_only,,
CASH_2024.pdf,CASH,2024,success,,416,390,26,0,416,1207573,0,0,0.0,14.96,2026-03-18T16:47:18.820118,large_doc_pymupdf_only,,
CASH_2022.pdf,CASH,2022,success,,265,260,5,0,265,1007692,0,0,0.0,37.21,2026-03-18T16:47:26.844151,large_doc_pymupdf_only,,
CASS_2022.pdf,CASS,2022,success,,2,2,0,2,0,6063,2258,1469,0.002768,18.58,2026-03-18T16:47:27.280443,,,
CASH_2023.pdf,CASH,2023,success,,297,273,24,0,297,948860,0,0,0.0,38.92,2026-03-18T16:47:28.576676,large_doc_pymupdf_only,,
CBDK_2024.pdf,CBDK,2024,success,,264,245,19,0,264,828662,0,0,0.0,5.86,2026-03-18T16:47:33.251243,large_doc_pymupdf_only,,
CASS_2023.pdf,CASS,2023,success,,2,2,0,2,0,5215,2258,1277,0.00248,16.0,2026-03-18T16:47:34.982055,,,
CBMF_2022.pdf,CBMF,2022,success,,223,0,223,0,223,0,0,0,0.0,8.13,2026-03-18T16:47:36.797955,large_doc_pymupdf_only,,
CASS_2024.pdf,CASS,2024,success,,2,2,0,2,0,6141,2258,1454,0.0027455,12.61,2026-03-18T16:47:39.593403,,,
CBPE_2023.pdf,CBPE,2023,success,,232,216,16,0,232,652078,0,0,0.0,6.24,2026-03-18T16:47:41.270112,large_doc_pymupdf_only,,
CBUT_2022.pdf,CBUT,2022,success,,302,281,21,0,302,813089,0,0,0.0,13.33,2026-03-18T16:47:50.230038,large_doc_pymupdf_only,,
CBUT_2023.pdf,CBUT,2023,success,,314,289,25,0,314,929646,0,0,0.0,13.19,2026-03-18T16:47:52.923804,large_doc_pymupdf_only,,
CBPE_2022.pdf,CBPE,2022,success,,2,0,2,2,0,9200,2258,2183,0.003839,19.68,2026-03-18T16:47:53.042953,,,
CBUT_2024.pdf,CBUT,2024,success,,332,318,14,0,332,1011447,0,0,0.0,23.16,2026-03-18T16:48:04.559403,large_doc_pymupdf_only,,
CCSI_2022.pdf,CCSI,2022,success,,302,282,20,0,302,1037935,0,0,0.0,23.02,2026-03-18T16:48:13.466592,large_doc_pymupdf_only,,
CDIA_2024.pdf,CDIA,2024,success,,1,0,1,1,0,4670,1129,1048,0.00185425,9.32,2026-03-18T16:48:14.128714,,,
CCSI_2023.pdf,CCSI,2023,success,,300,285,15,0,300,1016074,0,0,0.0,21.83,2026-03-18T16:48:14.935780,large_doc_pymupdf_only,,
CCSI_2024.pdf,CCSI,2024,success,,335,321,14,0,335,1108652,0,0,0.0,22.41,2026-03-18T16:48:15.758454,large_doc_pymupdf_only,,
CEKA_2022.pdf,CEKA,2022,success,,219,212,7,0,219,618322,0,0,0.0,10.42,2026-03-18T16:48:23.936586,large_doc_pymupdf_only,,
CEKA_2024.pdf,CEKA,2024,success,,207,203,4,0,207,643047,0,0,0.0,10.02,2026-03-18T16:48:25.238828,large_doc_pymupdf_only,,
CEKA_2023.pdf,CEKA,2023,success,,235,219,16,0,235,728250,0,0,0.0,15.0,2026-03-18T16:48:29.239809,large_doc_pymupdf_only,,
CENT_2022.pdf,CENT,2022,success,,264,261,3,0,264,802245,0,0,0.0,16.1,2026-03-18T16:48:32.324705,large_doc_pymupdf_only,,
CENT_2023.pdf,CENT,2023,success,,298,278,20,0,298,869485,0,0,0.0,17.3,2026-03-18T16:48:41.397502,large_doc_pymupdf_only,,
CENT_2024.pdf,CENT,2024,success,,221,212,9,0,221,891319,0,0,0.0,17.84,2026-03-18T16:48:43.283442,large_doc_pymupdf_only,,
CFIN_2022.pdf,CFIN,2022,success,,379,366,13,0,379,1218040,0,0,0.0,17.42,2026-03-18T16:48:47.004708,large_doc_pymupdf_only,,
CFIN_2023.pdf,CFIN,2023,success,,408,394,14,0,408,1312602,0,0,0.0,23.46,2026-03-18T16:48:56.261594,large_doc_pymupdf_only,,
CGAS_2023.pdf,CGAS,2023,success,,312,283,29,0,312,841411,0,0,0.0,18.97,2026-03-18T16:49:02.515358,large_doc_pymupdf_only,,
CGAS_2024.pdf,CGAS,2024,success,,304,287,17,0,304,909061,0,0,0.0,32.79,2026-03-18T16:49:19.907193,large_doc_pymupdf_only,,
CFIN_2024.pdf,CFIN,2024,success,,408,383,25,0,408,1267898,0,0,0.0,48.78,2026-03-18T16:49:30.479097,large_doc_pymupdf_only,,
CHEM_2022.pdf,CHEM,2022,success,,175,152,23,0,175,409463,0,0,0.0,40.35,2026-03-18T16:49:36.717127,large_doc_pymupdf_only,,
CHEM_2023.pdf,CHEM,2023,success,,166,139,27,0,166,357949,0,0,0.0,35.27,2026-03-18T16:49:38.174945,large_doc_pymupdf_only,,
CHEM_2024.pdf,CHEM,2024,success,,184,164,20,0,184,445832,0,0,0.0,20.95,2026-03-18T16:49:41.618478,large_doc_pymupdf_only,,
CHIP_2022.pdf,CHIP,2022,success,,169,167,2,0,169,554748,0,0,0.0,11.79,2026-03-18T16:49:45.349228,large_doc_pymupdf_only,,
CHIP_2023.pdf,CHIP,2023,success,,206,187,19,0,206,621914,0,0,0.0,8.83,2026-03-18T16:49:45.667662,large_doc_pymupdf_only,,
CHIP_2024.pdf,CHIP,2024,success,,222,204,18,0,222,720619,0,0,0.0,9.79,2026-03-18T16:49:48.135810,large_doc_pymupdf_only,,
CINT_2022.pdf,CINT,2022,success,,303,296,7,0,303,1037565,0,0,0.0,16.61,2026-03-18T16:49:58.577714,large_doc_pymupdf_only,,
CITA_2022.pdf,CITA,2022,success,,231,222,9,0,231,786868,0,0,0.0,12.19,2026-03-18T16:50:00.514789,large_doc_pymupdf_only,,
CINT_2023.pdf,CINT,2023,success,,345,336,9,0,345,1169435,0,0,0.0,17.07,2026-03-18T16:50:02.525706,large_doc_pymupdf_only,,
CINT_2024.pdf,CINT,2024,success,,369,351,18,0,369,1284674,0,0,0.0,18.92,2026-03-18T16:50:04.845331,large_doc_pymupdf_only,,
CITA_2023.pdf,CITA,2023,success,,248,230,18,0,248,842395,0,0,0.0,14.35,2026-03-18T16:50:13.205712,large_doc_pymupdf_only,,
CITA_2024.pdf,CITA,2024,success,,286,255,31,0,286,921840,0,0,0.0,19.29,2026-03-18T16:50:19.961224,large_doc_pymupdf_only,,
CITY_2023.pdf,CITY,2023,success,,209,205,4,0,209,749774,0,0,0.0,18.47,2026-03-18T16:50:23.605172,large_doc_pymupdf_only,,
CITY_2022.pdf,CITY,2022,success,,185,174,11,0,185,643612,0,0,0.0,22.56,2026-03-18T16:50:25.223364,large_doc_pymupdf_only,,
CITY_2024.pdf,CITY,2024,success,,218,210,8,0,218,783597,0,0,0.0,15.1,2026-03-18T16:50:28.430081,large_doc_pymupdf_only,,
CLAY_2022.pdf,CLAY,2022,success,,340,190,150,0,340,678990,0,0,0.0,12.49,2026-03-18T16:50:32.711728,large_doc_pymupdf_only,,
CLEO_2022.pdf,CLEO,2022,success,,205,195,10,0,205,707146,0,0,0.0,11.71,2026-03-18T16:50:37.548409,large_doc_pymupdf_only,,
CLAY_2024.pdf,CLAY,2024,success,,2,0,2,2,0,7837,2258,1601,0.002966,15.55,2026-03-18T16:50:39.243027,,,
CLEO_2023.pdf,CLEO,2023,success,,232,225,7,0,232,792547,0,0,0.0,11.86,2026-03-18T16:50:40.440513,large_doc_pymupdf_only,,
CLEO_2024.pdf,CLEO,2024,success,,267,259,8,0,267,916822,0,0,0.0,10.1,2026-03-18T16:50:43.009422,large_doc_pymupdf_only,,
CLPI_2022.pdf,CLPI,2022,success,,204,196,8,0,204,505600,0,0,0.0,10.15,2026-03-18T16:50:53.193301,large_doc_pymupdf_only,,
CLPI_2023.pdf,CLPI,2023,success,,309,307,2,0,309,774211,0,0,0.0,10.92,2026-03-18T16:50:53.959247,large_doc_pymupdf_only,,
CLPI_2024.pdf,CLPI,2024,success,,294,290,4,0,294,832650,0,0,0.0,12.08,2026-03-18T16:50:55.119704,large_doc_pymupdf_only,,
CMNP_2022.pdf,CMNP,2022,success,,1,0,1,1,0,3475,1129,704,0.00133825,12.1,2026-03-18T16:50:55.148875,,,
CMNP_2024.pdf,CMNP,2024,success,,1,1,0,1,0,4956,1129,961,0.00172375,9.03,2026-03-18T16:51:03.186713,,,
CMNP_2023.pdf,CMNP,2023,success,,419,400,19,0,419,1411460,0,0,0.0,16.73,2026-03-18T16:51:09.995873,large_doc_pymupdf_only,,
CMNT_2023.pdf,CMNT,2023,success,,443,419,24,0,443,1576256,0,0,0.0,18.36,2026-03-18T16:51:13.667243,large_doc_pymupdf_only,,
CMNT_2022.pdf,CMNT,2022,success,,419,399,20,0,419,1440298,0,0,0.0,18.76,2026-03-18T16:51:13.995832,large_doc_pymupdf_only,,
CMPP_2022.pdf,CMPP,2022,success,,324,297,27,0,324,999934,0,0,0.0,16.87,2026-03-18T16:51:27.187161,large_doc_pymupdf_only,,
CMNT_2024.pdf,CMNT,2024,success,,507,485,22,0,507,1723640,0,0,0.0,25.57,2026-03-18T16:51:28.874060,large_doc_pymupdf_only,,
CMPP_2023.pdf,CMPP,2023,success,,371,354,17,0,371,1088230,0,0,0.0,19.07,2026-03-18T16:51:32.933148,large_doc_pymupdf_only,,
CMRY_2022.pdf,CMRY,2022,success,,310,300,10,0,310,933104,0,0,0.0,13.71,2026-03-18T16:51:41.030418,large_doc_pymupdf_only,,
CMRY_2023.pdf,CMRY,2023,success,,336,318,18,0,336,945231,0,0,0.0,13.04,2026-03-18T16:51:42.205802,large_doc_pymupdf_only,,
CMRY_2024.pdf,CMRY,2024,success,,330,312,18,0,330,945373,0,0,0.0,17.36,2026-03-18T16:51:50.614928,large_doc_pymupdf_only,,
CMPP_2024.pdf,CMPP,2024,success,,415,394,21,0,415,1319118,0,0,0.0,40.66,2026-03-18T16:51:55.102976,large_doc_pymupdf_only,,
CNKO_2023.pdf,CNKO,2023,success,,192,171,21,0,192,631735,0,0,0.0,13.48,2026-03-18T16:51:55.873879,large_doc_pymupdf_only,,
CNKO_2022.pdf,CNKO,2022,success,,178,162,16,0,178,590234,0,0,0.0,15.31,2026-03-18T16:51:56.417115,large_doc_pymupdf_only,,
CNKO_2024.pdf,CNKO,2024,success,,218,203,15,0,218,738476,0,0,0.0,13.2,2026-03-18T16:52:04.171069,large_doc_pymupdf_only,,
CNTB_2023.pdf,CNTB,2023,success,,211,192,19,0,211,705678,0,0,0.0,11.35,2026-03-18T16:52:08.132836,large_doc_pymupdf_only,,
CNMA_2024.pdf,CNMA,2024,success,,335,324,11,0,335,996413,0,0,0.0,17.64,2026-03-18T16:52:13.650053,large_doc_pymupdf_only,,
CNMA_2023.pdf,CNMA,2023,success,,348,330,18,0,348,1014240,0,0,0.0,18.71,2026-03-18T16:52:13.929335,large_doc_pymupdf_only,,
CNTB_2024.pdf,CNTB,2024,success,,221,206,15,0,221,744666,0,0,0.0,12.13,2026-03-18T16:52:16.678057,large_doc_pymupdf_only,,
CNTX_2022.pdf,CNTX,2022,success,,217,150,67,0,217,519843,0,0,0.0,11.76,2026-03-18T16:52:20.541890,large_doc_pymupdf_only,,
CNTX_2023.pdf,CNTX,2023,success,,211,192,19,0,211,705678,0,0,0.0,11.93,2026-03-18T16:52:25.687349,large_doc_pymupdf_only,,
COAL_2022.pdf,COAL,2022,success,,283,257,26,0,283,822840,0,0,0.0,24.85,2026-03-18T16:52:39.154649,large_doc_pymupdf_only,,
COAL_2023.pdf,COAL,2023,success,,281,256,25,0,281,891926,0,0,0.0,23.05,2026-03-18T16:52:39.848600,large_doc_pymupdf_only,,
COCO_2022.pdf,COCO,2022,success,,302,274,28,0,302,734055,0,0,0.0,22.3,2026-03-18T16:52:48.270488,large_doc_pymupdf_only,,
COCO_2023.pdf,COCO,2023,success,,299,189,110,0,299,432131,0,0,0.0,27.28,2026-03-18T16:53:07.019631,large_doc_pymupdf_only,,
COAL_2024.pdf,COAL,2024,success,,352,319,33,0,352,870750,0,0,0.0,47.3,2026-03-18T16:53:08.307423,large_doc_pymupdf_only,,
CPRO_2022.pdf,CPRO,2022,success,,350,321,29,0,350,1013198,0,0,0.0,24.15,2026-03-18T16:53:12.633039,large_doc_pymupdf_only,,
CRAB_2022.pdf,CRAB,2022,success,,216,204,12,0,216,682469,0,0,0.0,9.65,2026-03-18T16:53:22.713083,large_doc_pymupdf_only,,
CPRO_2024.pdf,CPRO,2024,success,,324,315,9,0,324,940026,0,0,0.0,14.83,2026-03-18T16:53:23.285194,large_doc_pymupdf_only,,
CPRO_2023.pdf,CPRO,2023,success,,346,322,24,0,346,1022928,0,0,0.0,16.46,2026-03-18T16:53:23.701794,large_doc_pymupdf_only,,
COCO_2024.pdf,COCO,2024,success,,321,210,111,0,321,454343,0,0,0.0,51.4,2026-03-18T16:53:32.543015,large_doc_pymupdf_only,,
CRAB_2023.pdf,CRAB,2023,success,,223,203,20,0,223,678372,0,0,0.0,11.7,2026-03-18T16:53:34.599102,large_doc_pymupdf_only,,
CRAB_2024.pdf,CRAB,2024,success,,255,246,9,0,255,758800,0,0,0.0,12.29,2026-03-18T16:53:35.703428,large_doc_pymupdf_only,,
CRSN_2023.pdf,CRSN,2023,success,,346,320,26,0,346,1094441,0,0,0.0,16.36,2026-03-18T16:53:40.266631,large_doc_pymupdf_only,,
CSAP_2022.pdf,CSAP,2022,success,,317,296,21,0,317,845483,0,0,0.0,14.88,2026-03-18T16:53:49.735524,large_doc_pymupdf_only,,
CSAP_2023.pdf,CSAP,2023,success,,328,294,34,0,328,892797,0,0,0.0,17.75,2026-03-18T16:53:53.566238,large_doc_pymupdf_only,,
CRSN_2024.pdf,CRSN,2024,success,,497,476,21,0,497,1502374,0,0,0.0,20.87,2026-03-18T16:53:53.738524,large_doc_pymupdf_only,,
CSAP_2024.pdf,CSAP,2024,success,,317,290,27,0,317,871754,0,0,0.0,20.56,2026-03-18T16:54:01.062625,large_doc_pymupdf_only,,
CSIS_2022.pdf,CSIS,2022,success,,252,238,14,0,252,788433,0,0,0.0,13.89,2026-03-18T16:54:04.194365,large_doc_pymupdf_only,,
CSIS_2023.pdf,CSIS,2023,success,,290,275,15,0,290,889239,0,0,0.0,16.45,2026-03-18T16:54:10.442108,large_doc_pymupdf_only,,
CSMI_2023.pdf,CSMI,2023,success,,116,106,10,0,116,343145,0,0,0.0,6.23,2026-03-18T16:54:10.581119,large_doc_pymupdf_only,,
CSIS_2024.pdf,CSIS,2024,success,,332,317,15,0,332,1054606,0,0,0.0,19.83,2026-03-18T16:54:14.022861,large_doc_pymupdf_only,,
CSMI_2022.pdf,CSMI,2022,success,,1,0,1,1,0,4751,1129,938,0.00168925,12.87,2026-03-18T16:54:14.117680,,,
CSMI_2024.pdf,CSMI,2024,success,,108,100,8,0,108,322299,0,0,0.0,5.83,2026-03-18T16:54:16.366004,large_doc_pymupdf_only,,
CTBN_2022.pdf,CTBN,2022,success,,252,238,14,0,252,894292,0,0,0.0,10.63,2026-03-18T16:54:25.064376,large_doc_pymupdf_only,,
CSRA_2023.pdf,CSRA,2023,success,,388,361,27,0,388,1220339,0,0,0.0,14.19,2026-03-18T16:54:25.067242,large_doc_pymupdf_only,,
CSRA_2024.pdf,CSRA,2024,success,,408,380,28,0,408,1316434,0,0,0.0,13.94,2026-03-18T16:54:28.123235,large_doc_pymupdf_only,,
CTBN_2023.pdf,CTBN,2023,success,,266,254,12,0,266,876782,0,0,0.0,12.25,2026-03-18T16:54:40.405577,large_doc_pymupdf_only,,
CTBN_2024.pdf,CTBN,2024,success,,326,314,12,0,326,902358,0,0,0.0,12.51,2026-03-18T16:54:40.661043,large_doc_pymupdf_only,,
CTRA_2022.pdf,CTRA,2022,success,,392,364,28,0,392,1463923,0,0,0.0,16.41,2026-03-18T16:54:44.561448,large_doc_pymupdf_only,,
CTRA_2023.pdf,CTRA,2023,success,,364,338,26,0,364,1376950,0,0,0.0,19.75,2026-03-18T16:54:47.919627,large_doc_pymupdf_only,,
CTTH_2022.pdf,CTTH,2022,success,,217,196,21,0,217,650300,0,0,0.0,20.17,2026-03-18T16:55:00.929190,large_doc_pymupdf_only,,
CTRA_2024.pdf,CTRA,2024,success,,360,345,15,0,360,1384392,0,0,0.0,22.29,2026-03-18T16:55:02.936315,large_doc_pymupdf_only,,
CTTH_2023.pdf,CTTH,2023,success,,247,223,24,0,247,784709,0,0,0.0,20.04,2026-03-18T16:55:04.840424,large_doc_pymupdf_only,,
CTTH_2024.pdf,CTTH,2024,success,,244,220,24,0,244,795817,0,0,0.0,21.38,2026-03-18T16:55:09.472372,large_doc_pymupdf_only,,
CUAN_2022.pdf,CUAN,2022,success,,234,225,9,0,234,706215,0,0,0.0,10.48,2026-03-18T16:55:11.580255,large_doc_pymupdf_only,,
CUAN_2023.pdf,CUAN,2023,success,,246,229,17,0,246,757683,0,0,0.0,13.75,2026-03-18T16:55:17.114755,large_doc_pymupdf_only,,
CUAN_2024.pdf,CUAN,2024,success,,283,280,3,0,283,1182812,0,0,0.0,15.7,2026-03-18T16:55:20.659146,large_doc_pymupdf_only,,
CYBR_2023.pdf,CYBR,2023,success,,221,194,27,0,221,722283,0,0,0.0,19.33,2026-03-18T16:55:28.916260,large_doc_pymupdf_only,,
DAAZ_2024.pdf,DAAZ,2024,success,,277,238,39,0,277,719299,0,0,0.0,16.21,2026-03-18T16:55:33.503327,large_doc_pymupdf_only,,
DART_2022.pdf,DART,2022,success,,303,287,16,0,303,1099167,0,0,0.0,13.61,2026-03-18T16:55:34.731610,large_doc_pymupdf_only,,
DART_2023.pdf,DART,2023,success,,299,291,8,0,299,1064492,0,0,0.0,21.42,2026-03-18T16:55:50.736524,large_doc_pymupdf_only,,
DATA_2023.pdf,DATA,2023,success,,161,136,25,0,161,319743,0,0,0.0,18.6,2026-03-18T16:55:53.804174,large_doc_pymupdf_only,,
DART_2024.pdf,DART,2024,success,,267,246,21,0,267,971943,0,0,0.0,23.07,2026-03-18T16:55:56.876694,large_doc_pymupdf_only,,
DATA_2024.pdf,DATA,2024,success,,225,211,14,0,225,534657,0,0,0.0,7.52,2026-03-18T16:55:58.773938,large_doc_pymupdf_only,,
CYBR_2024.pdf,CYBR,2024,success,,245,214,31,0,245,805310,0,0,0.0,52.89,2026-03-18T16:56:04.751148,large_doc_pymupdf_only,,
DAYA_2022.pdf,DAYA,2022,success,,204,180,24,0,204,583168,0,0,0.0,12.34,2026-03-18T16:56:06.365305,large_doc_pymupdf_only,,
DAYA_2024.pdf,DAYA,2024,success,,281,260,21,0,281,795820,0,0,0.0,16.16,2026-03-18T16:56:15.164590,large_doc_pymupdf_only,,
DAYA_2023.pdf,DAYA,2023,success,,220,200,20,0,220,596344,0,0,0.0,18.73,2026-03-18T16:56:15.755298,large_doc_pymupdf_only,,
DCII_2022.pdf,DCII,2022,success,,270,253,17,0,270,800561,0,0,0.0,16.36,2026-03-18T16:56:21.390389,large_doc_pymupdf_only,,
DCII_2023.pdf,DCII,2023,success,,389,341,48,0,389,772951,0,0,0.0,16.9,2026-03-18T16:56:23.519477,large_doc_pymupdf_only,,
DEFI_2022.pdf,DEFI,2022,success,,256,239,17,0,256,673894,0,0,0.0,25.7,2026-03-18T16:56:41.734233,large_doc_pymupdf_only,,
DEPO_2022.pdf,DEPO,2022,success,,300,290,10,0,300,875663,0,0,0.0,18.69,2026-03-18T16:56:42.546609,large_doc_pymupdf_only,,
DCII_2024.pdf,DCII,2024,success,,418,338,80,0,418,791277,0,0,0.0,34.52,2026-03-18T16:56:49.936661,large_doc_pymupdf_only,,
DEFI_2024.pdf,DEFI,2024,success,,251,238,13,0,251,695535,0,0,0.0,31.2,2026-03-18T16:56:53.078386,large_doc_pymupdf_only,,
DEPO_2023.pdf,DEPO,2023,success,,266,256,10,0,266,880307,0,0,0.0,14.37,2026-03-18T16:56:56.433017,large_doc_pymupdf_only,,
DEPO_2024.pdf,DEPO,2024,success,,290,275,15,0,290,995854,0,0,0.0,16.56,2026-03-18T16:56:59.687589,large_doc_pymupdf_only,,
DEWI_2022.pdf,DEWI,2022,success,,200,187,13,0,200,637677,0,0,0.0,9.55,2026-03-18T16:57:09.531579,large_doc_pymupdf_only,,
DEWA_2024.pdf,DEWA,2024,success,,333,306,27,0,333,1045357,0,0,0.0,13.93,2026-03-18T16:57:10.600566,large_doc_pymupdf_only,,
DEWA_2023.pdf,DEWA,2023,success,,334,310,24,0,334,1022553,0,0,0.0,18.01,2026-03-18T16:57:11.582134,large_doc_pymupdf_only,,
DEWA_2022.pdf,DEWA,2022,success,,386,365,21,0,386,1173524,0,0,0.0,21.77,2026-03-18T16:57:12.071229,large_doc_pymupdf_only,,
DEWI_2023.pdf,DEWI,2023,success,,222,202,20,0,222,683949,0,0,0.0,10.61,2026-03-18T16:57:20.434713,large_doc_pymupdf_only,,
DEWI_2024.pdf,DEWI,2024,success,,215,198,17,0,215,703877,0,0,0.0,12.64,2026-03-18T16:57:23.517145,large_doc_pymupdf_only,,
DFAM_2022.pdf,DFAM,2022,success,,287,266,21,0,287,954135,0,0,0.0,27.68,2026-03-18T16:57:39.379930,large_doc_pymupdf_only,,
DGIK_2022.pdf,DGIK,2022,success,,471,452,19,0,471,1275302,0,0,0.0,18.84,2026-03-18T16:57:39.461994,large_doc_pymupdf_only,,
DFAM_2024.pdf,DFAM,2024,success,,379,347,32,0,379,1176408,0,0,0.0,28.15,2026-03-18T16:57:40.354306,large_doc_pymupdf_only,,
DGIK_2023.pdf,DGIK,2023,success,,460,426,34,0,460,1222967,0,0,0.0,24.3,2026-03-18T16:57:48.020667,large_doc_pymupdf_only,,
DGNS_2023.pdf,DGNS,2023,success,,336,312,24,0,336,977047,0,0,0.0,18.46,2026-03-18T16:57:58.933085,large_doc_pymupdf_only,,
DGNS_2022.pdf,DGNS,2022,success,,320,297,23,0,320,925882,0,0,0.0,19.71,2026-03-18T16:57:59.495036,large_doc_pymupdf_only,,
DIGI_2022.pdf,DIGI,2022,success,,250,223,27,0,250,387976,0,0,0.0,11.36,2026-03-18T16:58:11.113631,large_doc_pymupdf_only,,
DGIK_2024.pdf,DGIK,2024,success,,537,515,22,0,537,1494286,0,0,0.0,32.99,2026-03-18T16:58:12.575419,large_doc_pymupdf_only,,
DGNS_2024.pdf,DGNS,2024,success,,344,318,26,0,344,1001604,0,0,0.0,24.34,2026-03-18T16:58:12.718008,large_doc_pymupdf_only,,
DIGI_2023.pdf,DIGI,2023,success,,242,164,78,0,242,366384,0,0,0.0,17.8,2026-03-18T16:58:29.073737,large_doc_pymupdf_only,,
DIGI_2024.pdf,DIGI,2024,success,,254,175,79,0,254,377778,0,0,0.0,16.86,2026-03-18T16:58:29.773886,large_doc_pymupdf_only,,
DILD_2022.pdf,DILD,2022,success,,370,348,22,0,370,1243397,0,0,0.0,26.86,2026-03-18T16:58:39.941472,large_doc_pymupdf_only,,
DILD_2023.pdf,DILD,2023,success,,418,400,18,0,418,1366399,0,0,0.0,12.7,2026-03-18T16:58:41.893575,large_doc_pymupdf_only,,
DGWG_2024.pdf,DGWG,2024,success,,343,323,20,0,343,1065547,0,0,0.0,45.37,2026-03-18T16:58:44.608030,large_doc_pymupdf_only,,
DIVA_2022.pdf,DIVA,2022,success,,286,271,15,0,286,937969,0,0,0.0,15.37,2026-03-18T16:59:00.001005,large_doc_pymupdf_only,,
DIVA_2023.pdf,DIVA,2023,success,,304,287,17,0,304,1040363,0,0,0.0,16.38,2026-03-18T16:59:01.014740,large_doc_pymupdf_only,,
DILD_2024.pdf,DILD,2024,success,,443,426,17,0,443,1493010,0,0,0.0,18.63,2026-03-18T16:59:03.264225,large_doc_pymupdf_only,,
DKFT_2022.pdf,DKFT,2022,success,,274,259,15,0,274,803894,0,0,0.0,12.68,2026-03-18T16:59:12.816058,large_doc_pymupdf_only,,
DKFT_2023.pdf,DKFT,2023,success,,288,266,22,0,288,820871,0,0,0.0,13.66,2026-03-18T16:59:15.038669,large_doc_pymupdf_only,,
DKFT_2024.pdf,DKFT,2024,success,,308,301,7,0,308,931233,0,0,0.0,15.63,2026-03-18T16:59:19.017438,large_doc_pymupdf_only,,
DIVA_2024.pdf,DIVA,2024,success,,446,322,124,0,446,1074453,0,0,0.0,34.6,2026-03-18T16:59:19.233320,large_doc_pymupdf_only,,
DLTA_2022.pdf,DLTA,2022,success,,241,231,10,0,241,768013,0,0,0.0,18.82,2026-03-18T16:59:32.027988,large_doc_pymupdf_only,,
DMAS_2023.pdf,DMAS,2023,success,,342,316,26,0,342,918274,0,0,0.0,21.29,2026-03-18T16:59:41.227386,large_doc_pymupdf_only,,
DMAS_2022.pdf,DMAS,2022,success,,336,316,20,0,336,926167,0,0,0.0,24.07,2026-03-18T16:59:43.751804,large_doc_pymupdf_only,,
DLTA_2024.pdf,DLTA,2024,success,,256,245,11,0,256,757853,0,0,0.0,28.62,2026-03-18T16:59:43.763196,large_doc_pymupdf_only,,
DMAS_2024.pdf,DMAS,2024,success,,387,277,110,0,387,763116,0,0,0.0,19.78,2026-03-18T16:59:51.947673,large_doc_pymupdf_only,,
DMMX_2022.pdf,DMMX,2022,success,,303,287,16,0,303,1011690,0,0,0.0,16.85,2026-03-18T16:59:58.359929,large_doc_pymupdf_only,,
DMND_2022.pdf,DMND,2022,success,,147,140,7,0,147,775070,0,0,0.0,12.26,2026-03-18T17:00:04.512686,large_doc_pymupdf_only,,
DMMX_2023.pdf,DMMX,2023,success,,302,280,22,0,302,1031937,0,0,0.0,27.59,2026-03-18T17:00:11.520780,large_doc_pymupdf_only,,
DMND_2023.pdf,DMND,2023,success,,244,231,13,0,244,729590,0,0,0.0,12.63,2026-03-18T17:00:11.528320,large_doc_pymupdf_only,,
DMMX_2024.pdf,DMMX,2024,success,,313,298,15,0,313,1089235,0,0,0.0,27.56,2026-03-18T17:00:11.704136,large_doc_pymupdf_only,,
DMND_2024.pdf,DMND,2024,success,,266,238,28,0,266,740583,0,0,0.0,17.6,2026-03-18T17:00:22.232845,large_doc_pymupdf_only,,
DNAR_2022.pdf,DNAR,2022,success,,574,556,18,0,574,1770395,0,0,0.0,25.41,2026-03-18T17:00:36.970187,large_doc_pymupdf_only,,
DNET_2023.pdf,DNET,2023,success,,370,349,21,0,370,1146148,0,0,0.0,15.55,2026-03-18T17:00:38.068316,large_doc_pymupdf_only,,
DNAR_2024.pdf,DNAR,2024,success,,629,599,30,0,629,2116101,0,0,0.0,29.04,2026-03-18T17:00:40.952764,large_doc_pymupdf_only,,
DNAR_2023.pdf,DNAR,2023,success,,512,490,22,0,512,1776734,0,0,0.0,29.38,2026-03-18T17:00:41.102132,large_doc_pymupdf_only,,
DNET_2024.pdf,DNET,2024,success,,322,312,10,0,322,1023060,0,0,0.0,13.79,2026-03-18T17:00:51.056925,large_doc_pymupdf_only,,
DOID_2023.pdf,DOID,2023,success,,330,307,23,0,330,1189852,0,0,0.0,14.26,2026-03-18T17:00:55.457478,large_doc_pymupdf_only,,
DOID_2022.pdf,DOID,2022,success,,296,273,23,0,296,1007659,0,0,0.0,20.75,2026-03-18T17:00:58.918771,large_doc_pymupdf_only,,
DOID_2024.pdf,DOID,2024,success,,405,377,28,0,405,1395011,0,0,0.0,23.04,2026-03-18T17:01:04.394243,large_doc_pymupdf_only,,
DOSS_2024.pdf,DOSS,2024,success,,284,252,32,0,284,757854,0,0,0.0,11.28,2026-03-18T17:01:10.360835,large_doc_pymupdf_only,,
DPNS_2022.pdf,DPNS,2022,success,,205,195,10,0,205,509361,0,0,0.0,8.09,2026-03-18T17:01:12.572690,large_doc_pymupdf_only,,
DOOH_2024.pdf,DOOH,2024,success,,302,279,23,0,302,689421,0,0,0.0,21.21,2026-03-18T17:01:17.014215,large_doc_pymupdf_only,,
DPNS_2023.pdf,DPNS,2023,success,,208,198,10,0,208,506965,0,0,0.0,6.46,2026-03-18T17:01:17.198156,large_doc_pymupdf_only,,
DPNS_2024.pdf,DPNS,2024,success,,200,197,3,0,200,507386,0,0,0.0,6.63,2026-03-18T17:01:19.473573,large_doc_pymupdf_only,,
DOOH_2023.pdf,DOOH,2023,success,,272,258,14,0,272,658641,0,0,0.0,29.72,2026-03-18T17:01:21.069203,large_doc_pymupdf_only,,
DPUM_2022.pdf,DPUM,2022,success,,274,254,20,0,274,762968,0,0,0.0,9.61,2026-03-18T17:01:26.892905,large_doc_pymupdf_only,,
DRMA_2022.pdf,DRMA,2022,success,,320,313,7,0,320,933351,0,0,0.0,21.25,2026-03-18T17:01:42.672359,large_doc_pymupdf_only,,
DRMA_2023.pdf,DRMA,2023,success,,174,173,1,0,174,1029901,0,0,0.0,15.98,2026-03-18T17:01:43.199668,large_doc_pymupdf_only,,
DPUM_2024.pdf,DPUM,2024,success,,384,375,9,0,384,845447,0,0,0.0,28.5,2026-03-18T17:01:48.297950,large_doc_pymupdf_only,,
DPUM_2023.pdf,DPUM,2023,success,,322,295,27,0,322,830808,0,0,0.0,41.67,2026-03-18T17:01:59.137390,large_doc_pymupdf_only,,
DSFI_2023.pdf,DSFI,2023,success,,248,236,12,0,248,703170,0,0,0.0,13.63,2026-03-18T17:02:02.132424,large_doc_pymupdf_only,,
DRMA_2024.pdf,DRMA,2024,success,,354,342,12,0,354,1092925,0,0,0.0,19.86,2026-03-18T17:02:02.630897,large_doc_pymupdf_only,,
DSFI_2022.pdf,DSFI,2022,success,,258,232,26,0,258,630445,0,0,0.0,22.97,2026-03-18T17:02:06.505207,large_doc_pymupdf_only,,
DSFI_2024.pdf,DSFI,2024,success,,252,241,11,0,252,760276,0,0,0.0,11.62,2026-03-18T17:02:11.123993,large_doc_pymupdf_only,,
DSNG_2023.pdf,DSNG,2023,success,,300,289,11,0,300,960766,0,0,0.0,15.85,2026-03-18T17:02:18.717062,large_doc_pymupdf_only,,
DSNG_2022.pdf,DSNG,2022,success,,282,260,22,0,282,930963,0,0,0.0,18.81,2026-03-18T17:02:21.299810,large_doc_pymupdf_only,,
DSNG_2024.pdf,DSNG,2024,success,,338,331,7,0,338,1105313,0,0,0.0,16.56,2026-03-18T17:02:23.328089,large_doc_pymupdf_only,,
DVLA_2022.pdf,DVLA,2022,success,,250,240,10,0,250,788980,0,0,0.0,13.73,2026-03-18T17:02:37.358672,large_doc_pymupdf_only,,
DUTI_2022.pdf,DUTI,2022,success,,239,219,20,0,239,1011713,0,0,0.0,28.11,2026-03-18T17:02:39.589915,large_doc_pymupdf_only,,
DUTI_2024.pdf,DUTI,2024,success,,357,339,18,0,357,1097329,0,0,0.0,19.73,2026-03-18T17:02:41.272258,large_doc_pymupdf_only,,
DUTI_2023.pdf,DUTI,2023,success,,354,328,26,0,354,1050916,0,0,0.0,24.12,2026-03-18T17:02:43.085038,large_doc_pymupdf_only,,
DVLA_2023.pdf,DVLA,2023,success,,294,275,19,0,294,1005776,0,0,0.0,11.16,2026-03-18T17:02:48.670069,large_doc_pymupdf_only,,
DVLA_2024.pdf,DVLA,2024,success,,280,269,11,0,280,1019675,0,0,0.0,9.15,2026-03-18T17:02:49.321298,large_doc_pymupdf_only,,
DWGL_2024.pdf,DWGL,2024,success,,200,184,16,0,200,680431,0,0,0.0,11.4,2026-03-18T17:03:00.743823,large_doc_pymupdf_only,,
DWGL_2023.pdf,DWGL,2023,success,,184,164,20,0,184,634922,0,0,0.0,12.71,2026-03-18T17:03:02.055223,large_doc_pymupdf_only,,
DWGL_2022.pdf,DWGL,2022,success,,207,192,15,0,207,650667,0,0,0.0,13.28,2026-03-18T17:03:02.632193,large_doc_pymupdf_only,,
DYAN_2022.pdf,DYAN,2022,success,,357,318,39,0,357,1178041,0,0,0.0,19.47,2026-03-18T17:03:08.823274,large_doc_pymupdf_only,,
DYAN_2023.pdf,DYAN,2023,success,,284,268,16,0,284,957366,0,0,0.0,14.61,2026-03-18T17:03:15.495176,large_doc_pymupdf_only,,
DYAN_2024.pdf,DYAN,2024,success,,298,291,7,0,298,1010388,0,0,0.0,14.57,2026-03-18T17:03:16.931653,large_doc_pymupdf_only,,
ECII_2022.pdf,ECII,2022,success,,257,231,26,0,257,800097,0,0,0.0,21.15,2026-03-18T17:03:38.341497,large_doc_pymupdf_only,,
ECII_2023.pdf,ECII,2023,success,,268,242,26,0,268,834304,0,0,0.0,21.61,2026-03-18T17:04:00.232043,large_doc_pymupdf_only,,
ECII_2024.pdf,ECII,2024,success,,274,258,16,0,274,896658,0,0,0.0,22.74,2026-03-18T17:04:23.286403,large_doc_pymupdf_only,,
EDGE_2022.pdf,EDGE,2022,success,,254,238,16,0,254,861985,0,0,0.0,24.55,2026-03-18T17:04:48.482799,large_doc_pymupdf_only,,
EDGE_2023.pdf,EDGE,2023,success,,262,239,23,0,262,836824,0,0,0.0,26.58,2026-03-18T17:05:15.662954,large_doc_pymupdf_only,,
EDGE_2024.pdf,EDGE,2024,success,,256,236,20,0,256,835092,0,0,0.0,25.71,2026-03-18T17:05:41.905183,large_doc_pymupdf_only,,
EKAD_2022.pdf,EKAD,2022,success,,171,154,17,0,171,552700,0,0,0.0,20.75,2026-03-18T17:06:03.399096,large_doc_pymupdf_only,,
EKAD_2023.pdf,EKAD,2023,success,,185,168,17,0,185,561646,0,0,0.0,23.18,2026-03-18T17:06:26.897838,large_doc_pymupdf_only,,
EKAD_2024.pdf,EKAD,2024,success,,181,164,17,0,181,552798,0,0,0.0,21.45,2026-03-18T17:06:48.639517,large_doc_pymupdf_only,,
ELIT_2022.pdf,ELIT,2022,success,,310,289,21,0,310,814467,0,0,0.0,23.77,2026-03-18T17:07:13.057321,large_doc_pymupdf_only,,
ELIT_2023.pdf,ELIT,2023,success,,314,304,10,0,314,1109968,0,0,0.0,37.6,2026-03-18T17:07:51.305439,large_doc_pymupdf_only,,
ELIT_2024.pdf,ELIT,2024,success,,398,376,22,0,398,1261311,0,0,0.0,199.54,2026-03-18T17:11:11.270126,large_doc_pymupdf_only,,
ELPI_2022.pdf,ELPI,2022,success,,290,274,16,0,290,731483,0,0,0.0,24.27,2026-03-18T17:11:36.069817,large_doc_pymupdf_only,,
ELPI_2023.pdf,ELPI,2023,success,,323,281,42,0,323,746809,0,0,0.0,44.62,2026-03-18T17:12:20.892690,large_doc_pymupdf_only,,
ELPI_2024.pdf,ELPI,2024,success,,317,111,206,0,317,386280,0,0,0.0,61.02,2026-03-18T17:13:22.233395,large_doc_pymupdf_only,,
ELSA_2022.pdf,ELSA,2022,success,,534,514,20,0,534,1948370,0,0,0.0,46.74,2026-03-18T17:14:09.131220,large_doc_pymupdf_only,,
ELSA_2023.pdf,ELSA,2023,success,,570,542,28,0,570,2012497,0,0,0.0,52.47,2026-03-18T17:15:01.807464,large_doc_pymupdf_only,,
ELSA_2024.pdf,ELSA,2024,success,,632,615,17,0,632,2195715,0,0,0.0,57.57,2026-03-18T17:15:59.776971,large_doc_pymupdf_only,,
ELTY_2022.pdf,ELTY,2022,success,,406,382,24,0,406,1347754,0,0,0.0,32.18,2026-03-18T17:16:32.278448,large_doc_pymupdf_only,,
ELTY_2023.pdf,ELTY,2023,success,,420,398,22,0,420,1478798,0,0,0.0,30.24,2026-03-18T17:17:03.066155,large_doc_pymupdf_only,,
ELTY_2024.pdf,ELTY,2024,success,,430,401,29,0,430,1497681,0,0,0.0,50.68,2026-03-18T17:17:54.389048,large_doc_pymupdf_only,,
EAST_2024.pdf,EAST,2024,success,,90,0,90,0,90,0,0,0,0.0,881.67,2026-03-18T17:17:57.360808,large_doc_pymupdf_only,,
EMDE_2023.pdf,EMDE,2023,success,,370,348,22,0,370,1082088,0,0,0.0,21.85,2026-03-18T17:18:19.584126,large_doc_pymupdf_only,,
EMDE_2022.pdf,EMDE,2022,success,,342,316,26,0,342,958073,0,0,0.0,32.92,2026-03-18T17:18:27.539299,large_doc_pymupdf_only,,
EMDE_2024.pdf,EMDE,2024,success,,392,388,4,0,392,1157087,0,0,0.0,26.24,2026-03-18T17:18:46.356290,large_doc_pymupdf_only,,
EMTK_2022.pdf,EMTK,2022,success,,340,327,13,0,340,1700045,0,0,0.0,30.92,2026-03-18T17:18:59.078356,large_doc_pymupdf_only,,
EAST_2023.pdf,EAST,2023,success,,93,0,93,0,93,0,0,0,0.0,960.29,2026-03-18T17:19:09.427367,large_doc_pymupdf_only,,
EMTK_2023.pdf,EMTK,2023,success,,342,332,10,0,342,1792119,0,0,0.0,33.71,2026-03-18T17:19:20.482668,large_doc_pymupdf_only,,
ENAK_2022.pdf,ENAK,2022,success,,248,237,11,0,248,792826,0,0,0.0,17.17,2026-03-18T17:19:26.692240,large_doc_pymupdf_only,,
ENAK_2023.pdf,ENAK,2023,success,,256,232,24,0,256,722654,0,0,0.0,17.83,2026-03-18T17:19:38.777061,large_doc_pymupdf_only,,
EMTK_2024.pdf,EMTK,2024,success,,338,334,4,0,338,1842774,0,0,0.0,46.65,2026-03-18T17:19:45.991998,large_doc_pymupdf_only,,
EAST_2022.pdf,EAST,2022,success,,180,46,134,0,180,185645,0,0,0.0,1004.49,2026-03-18T17:19:47.568270,large_doc_pymupdf_only,,
ENRG_2022.pdf,ENRG,2022,success,,361,342,19,0,361,1262672,0,0,0.0,21.45,2026-03-18T17:19:48.478170,large_doc_pymupdf_only,,
ENRG_2023.pdf,ENRG,2023,success,,360,340,20,0,360,1231104,0,0,0.0,20.81,2026-03-18T17:20:00.146047,large_doc_pymupdf_only,,
ENVY_2022.pdf,ENVY,2022,success,,202,172,30,0,202,619518,0,0,0.0,12.7,2026-03-18T17:20:00.580525,large_doc_pymupdf_only,,
ENVY_2023.pdf,ENVY,2023,success,,184,151,33,0,184,533126,0,0,0.0,12.36,2026-03-18T17:20:01.190924,large_doc_pymupdf_only,,
ENRG_2024.pdf,ENRG,2024,success,,426,402,24,0,426,1376241,0,0,0.0,27.02,2026-03-18T17:20:13.291667,large_doc_pymupdf_only,,
ENVY_2024.pdf,ENVY,2024,success,,190,165,25,0,190,596099,0,0,0.0,21.8,2026-03-18T17:20:22.060336,large_doc_pymupdf_only,,
ENZO_2022.pdf,ENZO,2022,success,,243,228,15,0,243,687241,0,0,0.0,28.77,2026-03-18T17:20:29.523363,large_doc_pymupdf_only,,
EPAC_2022.pdf,EPAC,2022,success,,252,228,24,0,252,765457,0,0,0.0,24.95,2026-03-18T17:20:48.187241,large_doc_pymupdf_only,,
ENZO_2024.pdf,ENZO,2024,success,,258,246,12,0,258,697477,0,0,0.0,39.1,2026-03-18T17:20:52.808843,large_doc_pymupdf_only,,
EPAC_2023.pdf,EPAC,2023,success,,252,228,24,0,252,765457,0,0,0.0,27.09,2026-03-18T17:20:56.900617,large_doc_pymupdf_only,,
EPAC_2024.pdf,EPAC,2024,success,,250,237,13,0,250,754727,0,0,0.0,25.28,2026-03-18T17:21:14.215714,large_doc_pymupdf_only,,
ENZO_2023.pdf,ENZO,2023,success,,254,241,13,0,254,714384,0,0,0.0,76.49,2026-03-18T17:21:18.090232,large_doc_pymupdf_only,,
EPMT_2022.pdf,EPMT,2022,success,,353,336,17,0,353,971694,0,0,0.0,13.23,2026-03-18T17:21:31.354159,large_doc_pymupdf_only,,
EPMT_2024.pdf,EPMT,2024,success,,354,342,12,0,354,978960,0,0,0.0,14.53,2026-03-18T17:21:32.660017,large_doc_pymupdf_only,,
EPMT_2023.pdf,EPMT,2023,success,,353,331,22,0,353,919390,0,0,0.0,14.77,2026-03-18T17:21:32.898691,large_doc_pymupdf_only,,
ERAA_2022.pdf,ERAA,2022,success,,526,505,21,0,526,1576292,0,0,0.0,24.54,2026-03-18T17:21:42.673924,large_doc_pymupdf_only,,
ERAA_2023.pdf,ERAA,2023,success,,518,481,37,0,518,1548651,0,0,0.0,26.61,2026-03-18T17:21:58.058337,large_doc_pymupdf_only,,
ERAL_2023.pdf,ERAL,2023,success,,380,347,33,0,380,1113532,0,0,0.0,25.11,2026-03-18T17:21:58.588179,large_doc_pymupdf_only,,
ERAL_2024.pdf,ERAL,2024,success,,408,386,22,0,408,1257199,0,0,0.0,19.91,2026-03-18T17:22:02.728473,large_doc_pymupdf_only,,
ERTX_2022.pdf,ERTX,2022,success,,172,160,12,0,172,523792,0,0,0.0,5.05,2026-03-18T17:22:03.362140,large_doc_pymupdf_only,,
ERAA_2024.pdf,ERAA,2024,success,,505,482,23,0,505,1648850,0,0,0.0,30.85,2026-03-18T17:22:03.746418,large_doc_pymupdf_only,,
ERTX_2023.pdf,ERTX,2023,success,,180,164,16,0,180,549401,0,0,0.0,9.74,2026-03-18T17:22:08.841537,large_doc_pymupdf_only,,
ERTX_2024.pdf,ERTX,2024,success,,190,174,16,0,190,578636,0,0,0.0,6.76,2026-03-18T17:22:09.790877,large_doc_pymupdf_only,,
ESIP_2022.pdf,ESIP,2022,success,,197,195,2,0,197,686369,0,0,0.0,8.71,2026-03-18T17:22:12.152124,large_doc_pymupdf_only,,
ESIP_2024.pdf,ESIP,2024,success,,178,160,18,0,178,551383,0,0,0.0,8.79,2026-03-18T17:22:17.978277,large_doc_pymupdf_only,,
ESIP_2023.pdf,ESIP,2023,success,,226,216,10,0,226,724781,0,0,0.0,14.53,2026-03-18T17:22:18.685239,large_doc_pymupdf_only,,
ESSA_2022.pdf,ESSA,2022,success,,266,257,9,0,266,920787,0,0,0.0,12.4,2026-03-18T17:22:22.423126,large_doc_pymupdf_only,,
ESSA_2023.pdf,ESSA,2023,success,,342,323,19,0,342,1094433,0,0,0.0,16.56,2026-03-18T17:22:29.008894,large_doc_pymupdf_only,,
ESTA_2024.pdf,ESTA,2024,success,,264,252,12,0,264,891690,0,0,0.0,16.19,2026-03-18T17:22:35.056956,large_doc_pymupdf_only,,
ESTI_2022.pdf,ESTI,2022,success,,237,223,14,0,237,780022,0,0,0.0,13.7,2026-03-18T17:22:36.433816,large_doc_pymupdf_only,,
ESSA_2024.pdf,ESSA,2024,success,,279,247,32,0,279,872965,0,0,0.0,19.17,2026-03-18T17:22:37.447120,large_doc_pymupdf_only,,
EURO_2022.pdf,EURO,2022,success,,192,173,19,0,192,528541,0,0,0.0,9.82,2026-03-18T17:22:47.534036,large_doc_pymupdf_only,,
ESTI_2024.pdf,ESTI,2024,success,,273,264,9,0,273,931536,0,0,0.0,12.52,2026-03-18T17:22:47.860283,large_doc_pymupdf_only,,
ESTI_2023.pdf,ESTI,2023,success,,256,246,10,0,256,881028,0,0,0.0,18.78,2026-03-18T17:22:48.022013,large_doc_pymupdf_only,,
ETWA_2022.pdf,ETWA,2022,success,,256,242,14,0,256,756709,0,0,0.0,11.7,2026-03-18T17:22:48.372644,large_doc_pymupdf_only,,
EURO_2023.pdf,EURO,2023,success,,175,145,30,0,175,548206,0,0,0.0,11.56,2026-03-18T17:22:59.406798,large_doc_pymupdf_only,,
EURO_2024.pdf,EURO,2024,success,,230,196,34,0,230,692320,0,0,0.0,13.92,2026-03-18T17:23:01.822308,large_doc_pymupdf_only,,
EXCL_2022.pdf,EXCL,2022,success,,248,243,5,0,248,1284249,0,0,0.0,23.59,2026-03-18T17:23:12.029864,large_doc_pymupdf_only,,
EXCL_2023.pdf,EXCL,2023,success,,248,243,5,0,248,1284249,0,0,0.0,23.6,2026-03-18T17:23:12.133639,large_doc_pymupdf_only,,
FAPA_2023.pdf,FAPA,2023,success,,294,273,21,0,294,935612,0,0,0.0,13.97,2026-03-18T17:23:16.144893,large_doc_pymupdf_only,,
EXCL_2024.pdf,EXCL,2024,success,,452,437,15,0,452,1338375,0,0,0.0,24.11,2026-03-18T17:23:23.658340,large_doc_pymupdf_only,,
FAST_2022.pdf,FAST,2022,success,,334,324,10,0,334,976255,0,0,0.0,18.47,2026-03-18T17:23:30.885310,large_doc_pymupdf_only,,
FAST_2023.pdf,FAST,2023,success,,195,194,1,0,195,1042114,0,0,0.0,19.4,2026-03-18T17:23:35.751606,large_doc_pymupdf_only,,
FASW_2022.pdf,FASW,2022,success,,270,247,23,0,270,699332,0,0,0.0,13.6,2026-03-18T17:23:44.723335,large_doc_pymupdf_only,,
FAST_2024.pdf,FAST,2024,success,,407,395,12,0,407,1175600,0,0,0.0,21.44,2026-03-18T17:23:45.352167,large_doc_pymupdf_only,,
FASW_2023.pdf,FASW,2023,success,,260,234,26,0,260,646073,0,0,0.0,10.77,2026-03-18T17:23:46.827926,large_doc_pymupdf_only,,
FAPA_2024.pdf,FAPA,2024,success,,310,285,25,0,310,934006,0,0,0.0,41.4,2026-03-18T17:23:53.641548,large_doc_pymupdf_only,,
FASW_2024.pdf,FASW,2024,success,,258,251,7,0,258,698640,0,0,0.0,14.63,2026-03-18T17:23:59.656617,large_doc_pymupdf_only,,
FILM_2022.pdf,FILM,2022,success,,303,270,33,0,303,805698,0,0,0.0,28.07,2026-03-18T17:24:13.653434,large_doc_pymupdf_only,,
FILM_2023.pdf,FILM,2023,success,,316,290,26,0,316,874711,0,0,0.0,28.57,2026-03-18T17:24:15.776171,large_doc_pymupdf_only,,
FIRE_2022.pdf,FIRE,2022,success,,328,309,19,0,328,1041234,0,0,0.0,18.92,2026-03-18T17:24:18.895727,large_doc_pymupdf_only,,
FILM_2024.pdf,FILM,2024,success,,341,326,15,0,341,1095630,0,0,0.0,29.49,2026-03-18T17:24:23.349891,large_doc_pymupdf_only,,
FISH_2022.pdf,FISH,2022,success,,167,163,4,0,167,949211,0,0,0.0,14.47,2026-03-18T17:24:30.605018,large_doc_pymupdf_only,,
FISH_2023.pdf,FISH,2023,success,,318,298,20,0,318,891938,0,0,0.0,13.61,2026-03-18T17:24:32.603363,large_doc_pymupdf_only,,
FIRE_2024.pdf,FIRE,2024,success,,366,336,30,0,366,1131317,0,0,0.0,19.67,2026-03-18T17:24:33.567174,large_doc_pymupdf_only,,
FISH_2024.pdf,FISH,2024,success,,159,152,7,0,159,873867,0,0,0.0,10.38,2026-03-18T17:24:34.198880,large_doc_pymupdf_only,,
FMII_2023.pdf,FMII,2023,success,,168,150,18,0,168,494830,0,0,0.0,11.38,2026-03-18T17:24:45.179375,large_doc_pymupdf_only,,
FLMC_2024.pdf,FLMC,2024,success,,232,216,16,0,232,754225,0,0,0.0,13.21,2026-03-18T17:24:46.151618,large_doc_pymupdf_only,,
FLMC_2023.pdf,FLMC,2023,success,,223,112,111,0,223,292036,0,0,0.0,15.73,2026-03-18T17:24:46.616639,large_doc_pymupdf_only,,
FMII_2024.pdf,FMII,2024,success,,170,155,15,0,170,521561,0,0,0.0,13.3,2026-03-18T17:24:47.661058,large_doc_pymupdf_only,,
FOLK_2023.pdf,FOLK,2023,success,,300,276,24,0,300,951985,0,0,0.0,6.71,2026-03-18T17:24:52.247584,large_doc_pymupdf_only,,
FOLK_2024.pdf,FOLK,2024,success,,329,319,10,0,329,1176749,0,0,0.0,6.88,2026-03-18T17:24:53.208549,large_doc_pymupdf_only,,
FOOD_2024.pdf,FOOD,2024,success,,213,197,16,0,213,716922,0,0,0.0,11.37,2026-03-18T17:25:04.609220,large_doc_pymupdf_only,,
FOOD_2023.pdf,FOOD,2023,success,,213,199,14,0,213,749535,0,0,0.0,11.8,2026-03-18T17:25:05.034159,large_doc_pymupdf_only,,
FORE_2024.pdf,FORE,2024,success,,311,291,20,0,311,907613,0,0,0.0,18.42,2026-03-18T17:25:11.661957,large_doc_pymupdf_only,,
FORU_2022.pdf,FORU,2022,success,,111,109,2,0,111,534613,0,0,0.0,13.56,2026-03-18T17:25:18.310956,large_doc_pymupdf_only,,
FOOD_2022.pdf,FOOD,2022,success,,203,193,10,0,203,715082,0,0,0.0,26.35,2026-03-18T17:25:19.583625,large_doc_pymupdf_only,,
FORU_2024.pdf,FORU,2024,success,,142,99,43,0,142,366232,0,0,0.0,15.99,2026-03-18T17:25:27.975101,large_doc_pymupdf_only,,
FPNI_2022.pdf,FPNI,2022,success,,238,219,19,0,238,721788,0,0,0.0,19.19,2026-03-18T17:25:37.989245,large_doc_pymupdf_only,,
FPNI_2024.pdf,FPNI,2024,success,,236,215,21,0,236,735144,0,0,0.0,14.0,2026-03-18T17:25:42.461898,large_doc_pymupdf_only,,
FPNI_2023.pdf,FPNI,2023,success,,230,208,22,0,230,729001,0,0,0.0,31.92,2026-03-18T17:25:51.713258,large_doc_pymupdf_only,,
FREN_2022.pdf,FREN,2022,success,,334,323,11,0,334,1045892,0,0,0.0,20.83,2026-03-18T17:25:59.229466,large_doc_pymupdf_only,,
FREN_2023.pdf,FREN,2023,success,,326,302,24,0,326,1018502,0,0,0.0,24.94,2026-03-18T17:26:07.728440,large_doc_pymupdf_only,,
FUJI_2023.pdf,FUJI,2023,success,,210,196,14,0,210,588928,0,0,0.0,14.21,2026-03-18T17:26:13.781107,large_doc_pymupdf_only,,
FREN_2024.pdf,FREN,2024,success,,316,305,11,0,316,986817,0,0,0.0,21.93,2026-03-18T17:26:13.838878,large_doc_pymupdf_only,,
FUJI_2024.pdf,FUJI,2024,success,,216,195,21,0,216,559485,0,0,0.0,14.49,2026-03-18T17:26:22.543932,large_doc_pymupdf_only,,
FUTR_2023.pdf,FUTR,2023,success,,261,80,181,0,261,300346,0,0,0.0,18.51,2026-03-18T17:26:32.658854,large_doc_pymupdf_only,,
FWCT_2022.pdf,FWCT,2022,success,,223,215,8,0,223,751644,0,0,0.0,18.9,2026-03-18T17:26:51.901318,large_doc_pymupdf_only,,
FUTR_2022.pdf,FUTR,2022,success,,254,232,22,0,254,622820,0,0,0.0,40.33,2026-03-18T17:26:54.230692,large_doc_pymupdf_only,,
FUTR_2024.pdf,FUTR,2024,success,,294,259,35,0,294,744985,0,0,0.0,36.22,2026-03-18T17:26:59.145773,large_doc_pymupdf_only,,
GDST_2022.pdf,GDST,2022,success,,171,163,8,0,171,547161,0,0,0.0,11.73,2026-03-18T17:27:11.189933,large_doc_pymupdf_only,,
FWCT_2023.pdf,FWCT,2023,success,,269,260,9,0,269,794570,0,0,0.0,19.96,2026-03-18T17:27:12.216915,large_doc_pymupdf_only,,
FWCT_2024.pdf,FWCT,2024,success,,269,259,10,0,269,891719,0,0,0.0,20.61,2026-03-18T17:27:15.311637,large_doc_pymupdf_only,,
GDST_2023.pdf,GDST,2023,success,,231,223,8,0,231,860663,0,0,0.0,16.29,2026-03-18T17:27:27.895680,large_doc_pymupdf_only,,
GDYR_2022.pdf,GDYR,2022,success,,224,215,9,0,224,596813,0,0,0.0,13.75,2026-03-18T17:27:29.484365,large_doc_pymupdf_only,,
GDST_2024.pdf,GDST,2024,success,,274,266,8,0,274,909530,0,0,0.0,22.5,2026-03-18T17:27:35.048220,large_doc_pymupdf_only,,
GDYR_2023.pdf,GDYR,2023,success,,244,210,34,0,244,584518,0,0,0.0,19.7,2026-03-18T17:27:47.712773,large_doc_pymupdf_only,,
GDYR_2024.pdf,GDYR,2024,success,,232,200,32,0,232,606242,0,0,0.0,18.17,2026-03-18T17:27:47.882395,large_doc_pymupdf_only,,
GEMA_2022.pdf,GEMA,2022,success,,367,334,33,0,367,1071233,0,0,0.0,18.85,2026-03-18T17:27:54.143131,large_doc_pymupdf_only,,
GEMA_2024.pdf,GEMA,2024,success,,339,323,16,0,339,1066243,0,0,0.0,18.45,2026-03-18T17:28:06.861407,large_doc_pymupdf_only,,
GEMA_2023.pdf,GEMA,2023,success,,364,348,16,0,364,1074638,0,0,0.0,19.23,2026-03-18T17:28:07.256121,large_doc_pymupdf_only,,
GEMS_2022.pdf,GEMS,2022,success,,319,316,3,0,319,1224557,0,0,0.0,15.33,2026-03-18T17:28:09.927361,large_doc_pymupdf_only,,
GGRM_2022.pdf,GGRM,2022,success,,152,136,16,0,152,388269,0,0,0.0,11.3,2026-03-18T17:28:21.626665,large_doc_pymupdf_only,,
GEMS_2023.pdf,GEMS,2023,success,,257,248,9,0,257,1014869,0,0,0.0,20.67,2026-03-18T17:28:27.693516,large_doc_pymupdf_only,,
GEMS_2024.pdf,GEMS,2024,success,,281,278,3,0,281,1121892,0,0,0.0,23.14,2026-03-18T17:28:30.899509,large_doc_pymupdf_only,,
GGRM_2023.pdf,GGRM,2023,success,,158,150,8,0,158,419982,0,0,0.0,11.58,2026-03-18T17:28:33.565667,large_doc_pymupdf_only,,
GGRM_2024.pdf,GGRM,2024,success,,160,146,14,0,160,415707,0,0,0.0,10.32,2026-03-18T17:28:38.363303,large_doc_pymupdf_only,,
GGRP_2023.pdf,GGRP,2023,success,,250,232,18,0,250,767126,0,0,0.0,17.82,2026-03-18T17:28:51.764979,large_doc_pymupdf_only,,
GGRP_2022.pdf,GGRP,2022,success,,341,319,22,0,341,1014988,0,0,0.0,25.51,2026-03-18T17:28:56.819167,large_doc_pymupdf_only,,
GGRP_2024.pdf,GGRP,2024,success,,268,247,21,0,268,789616,0,0,0.0,20.75,2026-03-18T17:28:59.508034,large_doc_pymupdf_only,,
GHON_2022.pdf,GHON,2022,success,,131,130,1,0,131,576064,0,0,0.0,9.02,2026-03-18T17:29:01.052903,large_doc_pymupdf_only,,
GHON_2023.pdf,GHON,2023,success,,240,237,3,0,240,783886,0,0,0.0,13.81,2026-03-18T17:29:11.124888,large_doc_pymupdf_only,,
GHON_2024.pdf,GHON,2024,success,,165,159,6,0,165,815305,0,0,0.0,14.22,2026-03-18T17:29:14.012067,large_doc_pymupdf_only,,
GIAA_2023.pdf,GIAA,2023,success,,798,768,30,0,798,3009710,0,0,0.0,42.1,2026-03-18T17:29:53.671075,large_doc_pymupdf_only,,
GIAA_2024.pdf,GIAA,2024,success,,798,768,30,0,798,3009710,0,0,0.0,44.42,2026-03-18T17:29:58.950925,large_doc_pymupdf_only,,
GJTL_2023.pdf,GJTL,2023,success,,260,233,27,0,260,835930,0,0,0.0,17.3,2026-03-18T17:30:16.375323,large_doc_pymupdf_only,,
GJTL_2022.pdf,GJTL,2022,success,,268,247,21,0,268,907081,0,0,0.0,22.75,2026-03-18T17:30:16.811425,large_doc_pymupdf_only,,
GIAA_2022.pdf,GIAA,2022,success,,848,811,37,0,848,3152477,0,0,0.0,86.99,2026-03-18T17:30:28.516925,large_doc_pymupdf_only,,
GLOB_2022.pdf,GLOB,2022,success,,177,162,15,0,177,608763,0,0,0.0,10.96,2026-03-18T17:30:28.719855,large_doc_pymupdf_only,,
GLOB_2023.pdf,GLOB,2023,success,,174,154,20,0,174,625775,0,0,0.0,7.08,2026-03-18T17:30:35.902307,large_doc_pymupdf_only,,
GJTL_2024.pdf,GJTL,2024,success,,253,229,24,0,253,830005,0,0,0.0,26.64,2026-03-18T17:30:43.340057,large_doc_pymupdf_only,,
FORU_2023.pdf,FORU,2023,success,,142,0,142,0,142,0,0,0,0.0,830.17,2026-03-18T17:38:55.372639,large_doc_pymupdf_only,,
GLOB_2024.pdf,GLOB,2024,success,,206,199,7,0,206,804134,0,0,0.0,14.58,2026-03-18T17:39:10.011961,large_doc_pymupdf_only,,
GLVA_2023.pdf,GLVA,2023,success,,277,256,21,0,277,922143,0,0,0.0,15.05,2026-03-18T17:39:10.482866,large_doc_pymupdf_only,,
GLVA_2022.pdf,GLVA,2022,success,,277,256,21,0,277,937152,0,0,0.0,16.25,2026-03-18T17:39:11.686595,large_doc_pymupdf_only,,
GLVA_2024.pdf,GLVA,2024,success,,315,297,18,0,315,1061865,0,0,0.0,16.99,2026-03-18T17:39:12.422187,large_doc_pymupdf_only,,
GOLD_2022.pdf,GOLD,2022,success,,211,204,7,0,211,713861,0,0,0.0,11.27,2026-03-18T17:39:23.954900,large_doc_pymupdf_only,,
GMTD_2023.pdf,GMTD,2023,success,,324,300,24,0,324,965955,0,0,0.0,18.25,2026-03-18T17:39:30.100629,large_doc_pymupdf_only,,
GOLD_2023.pdf,GOLD,2023,success,,233,228,5,0,233,843404,0,0,0.0,10.42,2026-03-18T17:39:34.770357,large_doc_pymupdf_only,,
GMFI_2022.pdf,GMFI,2022,success,,582,565,17,0,582,1906870,0,0,0.0,28.56,2026-03-18T17:39:38.786480,large_doc_pymupdf_only,,
GMFI_2024.pdf,GMFI,2024,success,,582,559,23,0,582,1914772,0,0,0.0,34.69,2026-03-18T17:39:45.458727,large_doc_pymupdf_only,,
GOLF_2024.pdf,GOLF,2024,success,,224,204,20,0,224,704823,0,0,0.0,12.84,2026-03-18T17:39:47.979657,large_doc_pymupdf_only,,
GOOD_2023.pdf,GOOD,2023,success,,464,460,4,0,464,1351808,0,0,0.0,19.01,2026-03-18T17:39:57.957879,large_doc_pymupdf_only,,
GOOD_2024.pdf,GOOD,2024,success,,394,375,19,0,394,1256703,0,0,0.0,18.88,2026-03-18T17:40:04.504054,large_doc_pymupdf_only,,
GOTO_2022.pdf,GOTO,2022,success,,518,496,22,0,518,1752437,0,0,0.0,19.43,2026-03-18T17:40:07.639104,large_doc_pymupdf_only,,
GOLD_2024.pdf,GOLD,2024,success,,249,234,15,0,249,806496,0,0,0.0,37.48,2026-03-18T17:40:08.000850,large_doc_pymupdf_only,,
GOTO_2023.pdf,GOTO,2023,success,,505,494,11,0,505,1718174,0,0,0.0,17.16,2026-03-18T17:40:15.413991,large_doc_pymupdf_only,,
GOTO_2024.pdf,GOTO,2024,success,,498,474,24,0,498,1606951,0,0,0.0,18.29,2026-03-18T17:40:23.144983,large_doc_pymupdf_only,,
GPRA_2022.pdf,GPRA,2022,success,,440,410,30,0,440,1218968,0,0,0.0,17.02,2026-03-18T17:40:25.025417,large_doc_pymupdf_only,,
GPRA_2023.pdf,GPRA,2023,success,,498,481,17,0,498,1482510,0,0,0.0,23.01,2026-03-18T17:40:31.077855,large_doc_pymupdf_only,,
GPSO_2022.pdf,GPSO,2022,success,,198,183,15,0,198,516337,0,0,0.0,8.33,2026-03-18T17:40:31.659455,large_doc_pymupdf_only,,
GPSO_2023.pdf,GPSO,2023,success,,207,197,10,0,207,532294,0,0,0.0,7.76,2026-03-18T17:40:33.059660,large_doc_pymupdf_only,,
GPSO_2024.pdf,GPSO,2024,success,,214,204,10,0,214,618179,0,0,0.0,7.77,2026-03-18T17:40:39.002216,large_doc_pymupdf_only,,
GRIA_2023.pdf,GRIA,2023,success,,240,226,14,0,240,781601,0,0,0.0,11.09,2026-03-18T17:40:42.839811,large_doc_pymupdf_only,,
GRIA_2024.pdf,GRIA,2024,success,,236,217,19,0,236,750724,0,0,0.0,10.43,2026-03-18T17:40:43.694175,large_doc_pymupdf_only,,
GPRA_2024.pdf,GPRA,2024,success,,532,493,39,0,532,1456804,0,0,0.0,34.49,2026-03-18T17:40:50.034208,large_doc_pymupdf_only,,
GRPM_2023.pdf,GRPM,2023,success,,206,181,25,0,206,538741,0,0,0.0,13.04,2026-03-18T17:40:52.153006,large_doc_pymupdf_only,,
GSMF_2022.pdf,GSMF,2022,success,,364,328,36,0,364,1019517,0,0,0.0,16.04,2026-03-18T17:41:00.050856,large_doc_pymupdf_only,,
GRPM_2024.pdf,GRPM,2024,success,,234,215,19,0,234,635862,0,0,0.0,19.31,2026-03-18T17:41:02.502912,large_doc_pymupdf_only,,
GSMF_2023.pdf,GSMF,2023,success,,376,372,4,0,376,1166668,0,0,0.0,15.5,2026-03-18T17:41:05.862787,large_doc_pymupdf_only,,
GTBO_2022.pdf,GTBO,2022,success,,126,121,5,0,126,428197,0,0,0.0,5.53,2026-03-18T17:41:05.922601,large_doc_pymupdf_only,,
GSMF_2024.pdf,GSMF,2024,success,,269,262,7,0,269,1063053,0,0,0.0,13.74,2026-03-18T17:41:06.060191,large_doc_pymupdf_only,,
GTBO_2023.pdf,GTBO,2023,success,,110,108,2,0,110,425075,0,0,0.0,5.68,2026-03-18T17:41:08.420431,large_doc_pymupdf_only,,
GTBO_2024.pdf,GTBO,2024,success,,104,93,11,0,104,360991,0,0,0.0,7.42,2026-03-18T17:41:13.491028,large_doc_pymupdf_only,,
GTRA_2022.pdf,GTRA,2022,success,,283,268,15,0,283,876212,0,0,0.0,15.97,2026-03-18T17:41:22.142083,large_doc_pymupdf_only,,
GTRA_2024.pdf,GTRA,2024,success,,266,240,26,0,266,824066,0,0,0.0,14.33,2026-03-18T17:41:23.445323,large_doc_pymupdf_only,,
GTSI_2022.pdf,GTSI,2022,success,,394,379,15,0,394,1082425,0,0,0.0,15.0,2026-03-18T17:41:28.942365,large_doc_pymupdf_only,,
GTRA_2023.pdf,GTRA,2023,success,,295,249,46,0,295,753364,0,0,0.0,23.78,2026-03-18T17:41:30.093597,large_doc_pymupdf_only,,
GTSI_2023.pdf,GTSI,2023,success,,376,368,8,0,376,1048793,0,0,0.0,16.21,2026-03-18T17:41:38.519652,large_doc_pymupdf_only,,
GULA_2023.pdf,GULA,2023,success,,166,159,7,0,166,480885,0,0,0.0,11.76,2026-03-18T17:41:40.812220,large_doc_pymupdf_only,,
GTSI_2024.pdf,GTSI,2024,success,,372,358,14,0,372,1103645,0,0,0.0,20.6,2026-03-18T17:41:44.399352,large_doc_pymupdf_only,,
GULA_2024.pdf,GULA,2024,success,,166,165,1,0,166,504845,0,0,0.0,15.28,2026-03-18T17:41:45.499710,large_doc_pymupdf_only,,
GUNA_2024.pdf,GUNA,2024,success,,264,248,16,0,264,773175,0,0,0.0,15.86,2026-03-18T17:41:54.616550,large_doc_pymupdf_only,,
GWSA_2022.pdf,GWSA,2022,success,,240,227,13,0,240,809704,0,0,0.0,13.4,2026-03-18T17:41:54.969971,large_doc_pymupdf_only,,
GWSA_2023.pdf,GWSA,2023,success,,262,248,14,0,262,857464,0,0,0.0,12.91,2026-03-18T17:41:57.525198,large_doc_pymupdf_only,,
GWSA_2024.pdf,GWSA,2024,success,,272,251,21,0,272,899384,0,0,0.0,15.45,2026-03-18T17:42:01.012075,large_doc_pymupdf_only,,
GZCO_2023.pdf,GZCO,2023,success,,250,238,12,0,250,819126,0,0,0.0,14.29,2026-03-18T17:42:09.572318,large_doc_pymupdf_only,,
HADE_2022.pdf,HADE,2022,success,,226,215,11,0,226,492369,0,0,0.0,9.59,2026-03-18T17:42:10.696425,large_doc_pymupdf_only,,
GZCO_2024.pdf,GZCO,2024,success,,260,251,9,0,260,903727,0,0,0.0,14.3,2026-03-18T17:42:12.359844,large_doc_pymupdf_only,,
GZCO_2022.pdf,GZCO,2022,success,,251,242,9,0,251,792829,0,0,0.0,17.79,2026-03-18T17:42:12.598247,large_doc_pymupdf_only,,
HADE_2024.pdf,HADE,2024,success,,257,243,14,0,257,539729,0,0,0.0,5.91,2026-03-18T17:42:15.727188,large_doc_pymupdf_only,,
HAIS_2022.pdf,HAIS,2022,success,,272,258,14,0,272,904998,0,0,0.0,5.68,2026-03-18T17:42:16.612942,large_doc_pymupdf_only,,
HAJJ_2024.pdf,HAJJ,2024,success,,265,264,1,0,265,820111,0,0,0.0,11.26,2026-03-18T17:42:27.892847,large_doc_pymupdf_only,,
HALO_2023.pdf,HALO,2023,success,,241,227,14,0,241,688366,0,0,0.0,12.13,2026-03-18T17:42:28.801798,large_doc_pymupdf_only,,
HAIS_2023.pdf,HAIS,2023,success,,310,296,14,0,310,957127,0,0,0.0,14.56,2026-03-18T17:42:31.198966,large_doc_pymupdf_only,,
HAIS_2024.pdf,HAIS,2024,success,,326,305,21,0,326,1107422,0,0,0.0,15.5,2026-03-18T17:42:32.137777,large_doc_pymupdf_only,,
HALO_2024.pdf,HALO,2024,success,,251,231,20,0,251,691539,0,0,0.0,10.85,2026-03-18T17:42:39.042400,large_doc_pymupdf_only,,
HATM_2022.pdf,HATM,2022,success,,212,189,23,0,212,680920,0,0,0.0,10.13,2026-03-18T17:42:39.199432,large_doc_pymupdf_only,,
HATM_2024.pdf,HATM,2024,success,,284,262,22,0,284,886766,0,0,0.0,11.86,2026-03-18T17:42:44.055792,large_doc_pymupdf_only,,
HATM_2023.pdf,HATM,2023,success,,262,242,20,0,262,827016,0,0,0.0,16.09,2026-03-18T17:42:47.554739,large_doc_pymupdf_only,,
HDFA_2023.pdf,HDFA,2023,success,,455,444,11,0,455,1436123,0,0,0.0,22.53,2026-03-18T17:43:01.910715,large_doc_pymupdf_only,,
HDFA_2022.pdf,HDFA,2022,success,,391,369,22,0,391,1296067,0,0,0.0,23.02,2026-03-18T17:43:02.295011,large_doc_pymupdf_only,,
HDTX_2022.pdf,HDTX,2022,success,,132,118,14,0,132,380790,0,0,0.0,7.25,2026-03-18T17:43:10.059236,large_doc_pymupdf_only,,
HDFA_2024.pdf,HDFA,2024,success,,467,459,8,0,467,1694800,0,0,0.0,29.59,2026-03-18T17:43:13.930724,large_doc_pymupdf_only,,
HDTX_2023.pdf,HDTX,2023,success,,130,120,10,0,130,381512,0,0,0.0,7.75,2026-03-18T17:43:18.710207,large_doc_pymupdf_only,,
HDIT_2024.pdf,HDIT,2024,success,,442,421,21,0,442,953275,0,0,0.0,17.09,2026-03-18T17:43:19.112953,large_doc_pymupdf_only,,
HDTX_2024.pdf,HDTX,2024,success,,132,122,10,0,132,388087,0,0,0.0,7.42,2026-03-18T17:43:21.706910,large_doc_pymupdf_only,,
HDIT_2022.pdf,HDIT,2022,success,,451,432,19,0,451,884876,0,0,0.0,43.94,2026-03-18T17:43:31.777124,large_doc_pymupdf_only,,
HEAL_2022.pdf,HEAL,2022,success,,362,352,10,0,362,984801,0,0,0.0,15.51,2026-03-18T17:43:34.480642,large_doc_pymupdf_only,,
HEAL_2023.pdf,HEAL,2023,success,,362,334,28,0,362,963219,0,0,0.0,17.19,2026-03-18T17:43:36.824398,large_doc_pymupdf_only,,
HEAL_2024.pdf,HEAL,2024,success,,385,374,11,0,385,1015840,0,0,0.0,24.34,2026-03-18T17:43:46.283114,large_doc_pymupdf_only,,
HELI_2023.pdf,HELI,2023,success,,255,245,10,0,255,828114,0,0,0.0,15.8,2026-03-18T17:43:50.559715,large_doc_pymupdf_only,,
HELI_2022.pdf,HELI,2022,success,,269,250,19,0,269,857342,0,0,0.0,19.9,2026-03-18T17:43:51.751299,large_doc_pymupdf_only,,
HERO_2022.pdf,HERO,2022,success,,312,291,21,0,312,984951,0,0,0.0,21.64,2026-03-18T17:44:08.305228,large_doc_pymupdf_only,,
HERO_2023.pdf,HERO,2023,success,,346,328,18,0,346,1000888,0,0,0.0,19.05,2026-03-18T17:44:09.785361,large_doc_pymupdf_only,,
HELI_2024.pdf,HELI,2024,success,,272,254,18,0,272,876093,0,0,0.0,44.42,2026-03-18T17:44:21.549740,large_doc_pymupdf_only,,
HERO_2024.pdf,HERO,2024,success,,399,376,23,0,399,1243395,0,0,0.0,29.8,2026-03-18T17:44:21.902892,large_doc_pymupdf_only,,
HEXA_2022.pdf,HEXA,2022,success,,416,394,22,0,416,1265742,0,0,0.0,17.24,2026-03-18T17:44:25.947877,large_doc_pymupdf_only,,
HEXA_2023.pdf,HEXA,2023,success,,460,443,17,0,460,1504103,0,0,0.0,18.37,2026-03-18T17:44:28.533260,large_doc_pymupdf_only,,
HGII_2024.pdf,HGII,2024,success,,270,251,19,0,270,877076,0,0,0.0,13.55,2026-03-18T17:44:35.685310,large_doc_pymupdf_only,,
HILL_2022.pdf,HILL,2022,success,,165,158,7,0,165,683459,0,0,0.0,13.96,2026-03-18T17:44:40.221741,large_doc_pymupdf_only,,
HILL_2023.pdf,HILL,2023,success,,215,207,8,0,215,966724,0,0,0.0,16.29,2026-03-18T17:44:45.128263,large_doc_pymupdf_only,,
HEXA_2024.pdf,HEXA,2024,success,,454,432,22,0,454,1569896,0,0,0.0,26.04,2026-03-18T17:44:47.812442,large_doc_pymupdf_only,,
HILL_2024.pdf,HILL,2024,success,,298,280,18,0,298,972362,0,0,0.0,18.68,2026-03-18T17:44:54.440317,large_doc_pymupdf_only,,
HITS_2023.pdf,HITS,2023,success,,404,382,22,0,404,1514452,0,0,0.0,25.74,2026-03-18T17:45:06.290768,large_doc_pymupdf_only,,
HMSP_2022.pdf,HMSP,2022,success,,455,416,39,0,455,1131466,0,0,0.0,20.01,2026-03-18T17:45:08.138046,large_doc_pymupdf_only,,
HITS_2024.pdf,HITS,2024,success,,406,387,19,0,406,1356132,0,0,0.0,23.31,2026-03-18T17:45:08.732162,large_doc_pymupdf_only,,
HMSP_2023.pdf,HMSP,2023,success,,424,386,38,0,424,991874,0,0,0.0,19.73,2026-03-18T17:45:14.343380,large_doc_pymupdf_only,,
HOKI_2022.pdf,HOKI,2022,success,,275,258,17,0,275,913169,0,0,0.0,12.95,2026-03-18T17:45:21.145091,large_doc_pymupdf_only,,
HOKI_2023.pdf,HOKI,2023,success,,273,261,12,0,273,889727,0,0,0.0,13.03,2026-03-18T17:45:22.016072,large_doc_pymupdf_only,,
HOKI_2024.pdf,HOKI,2024,success,,281,258,23,0,281,912133,0,0,0.0,14.54,2026-03-18T17:45:29.246657,large_doc_pymupdf_only,,
HMSP_2024.pdf,HMSP,2024,success,,480,453,27,0,480,1166776,0,0,0.0,22.95,2026-03-18T17:45:29.373727,large_doc_pymupdf_only,,
HOMI_2022.pdf,HOMI,2022,success,,238,218,20,0,238,655148,0,0,0.0,14.31,2026-03-18T17:45:35.760517,large_doc_pymupdf_only,,
HOPE_2024.pdf,HOPE,2024,success,,254,226,28,0,254,604824,0,0,0.0,13.18,2026-03-18T17:45:43.055053,large_doc_pymupdf_only,,
HOTL_2022.pdf,HOTL,2022,success,,139,138,1,0,139,406280,0,0,0.0,7.72,2026-03-18T17:45:43.848513,large_doc_pymupdf_only,,
HOMI_2024.pdf,HOMI,2024,success,,212,186,26,0,212,569498,0,0,0.0,14.88,2026-03-18T17:45:44.480166,large_doc_pymupdf_only,,
HOTL_2023.pdf,HOTL,2023,success,,129,126,3,0,129,365898,0,0,0.0,7.66,2026-03-18T17:45:51.067569,large_doc_pymupdf_only,,
HOTL_2024.pdf,HOTL,2024,success,,129,126,3,0,129,365104,0,0,0.0,7.1,2026-03-18T17:45:51.283824,large_doc_pymupdf_only,,
HOMI_2023.pdf,HOMI,2023,success,,211,190,21,0,211,656511,0,0,0.0,30.0,2026-03-18T17:45:52.430990,large_doc_pymupdf_only,,
HRME_2022.pdf,HRME,2022,success,,176,175,1,0,176,547290,0,0,0.0,9.47,2026-03-18T17:45:54.359625,large_doc_pymupdf_only,,
HRME_2023.pdf,HRME,2023,success,,162,143,19,0,162,526098,0,0,0.0,6.08,2026-03-18T17:45:57.289878,large_doc_pymupdf_only,,
HRME_2024.pdf,HRME,2024,success,,200,184,16,0,200,549027,0,0,0.0,6.5,2026-03-18T17:45:58.184463,large_doc_pymupdf_only,,
HRUM_2022.pdf,HRUM,2022,success,,312,285,27,0,312,916214,0,0,0.0,14.63,2026-03-18T17:46:12.849487,large_doc_pymupdf_only,,
HRTA_2022.pdf,HRTA,2022,success,,338,305,33,0,338,939413,0,0,0.0,20.87,2026-03-18T17:46:19.089475,large_doc_pymupdf_only,,
HRTA_2024.pdf,HRTA,2024,success,,460,429,31,0,460,1460554,0,0,0.0,21.91,2026-03-18T17:46:20.125087,large_doc_pymupdf_only,,
HRTA_2023.pdf,HRTA,2023,success,,436,413,23,0,436,1300525,0,0,0.0,23.44,2026-03-18T17:46:21.656583,large_doc_pymupdf_only,,
HRUM_2023.pdf,HRUM,2023,success,,303,284,19,0,303,944759,0,0,0.0,11.83,2026-03-18T17:46:24.779563,large_doc_pymupdf_only,,
HUMI_2024.pdf,HUMI,2024,success,,275,271,4,0,275,1021742,0,0,0.0,11.85,2026-03-18T17:46:33.781583,large_doc_pymupdf_only,,
HRUM_2024.pdf,HRUM,2024,success,,336,316,20,0,336,1107382,0,0,0.0,17.89,2026-03-18T17:46:37.282759,large_doc_pymupdf_only,,
HYGN_2023.pdf,HYGN,2023,success,,260,240,20,0,260,734268,0,0,0.0,13.08,2026-03-18T17:46:38.034828,large_doc_pymupdf_only,,
HYGN_2024.pdf,HYGN,2024,success,,264,246,18,0,264,814714,0,0,0.0,12.94,2026-03-18T17:46:46.882311,large_doc_pymupdf_only,,
HUMI_2023.pdf,HUMI,2023,success,,406,391,15,0,406,1461850,0,0,0.0,27.99,2026-03-18T17:46:48.534886,large_doc_pymupdf_only,,
IATA_2022.pdf,IATA,2022,success,,250,249,1,0,250,800733,0,0,0.0,11.12,2026-03-18T17:46:48.926115,large_doc_pymupdf_only,,
IATA_2023.pdf,IATA,2023,success,,281,280,1,0,281,947038,0,0,0.0,13.47,2026-03-18T17:46:51.761803,large_doc_pymupdf_only,,
IBFN_2022.pdf,IBFN,2022,success,,274,260,14,0,274,758899,0,0,0.0,11.78,2026-03-18T17:47:00.474206,large_doc_pymupdf_only,,
IBFN_2023.pdf,IBFN,2023,success,,266,257,9,0,266,750901,0,0,0.0,11.71,2026-03-18T17:47:00.844210,large_doc_pymupdf_only,,
IATA_2024.pdf,IATA,2024,success,,282,281,1,0,282,925359,0,0,0.0,19.37,2026-03-18T17:47:06.641526,large_doc_pymupdf_only,,
IBFN_2024.pdf,IBFN,2024,success,,319,295,24,0,319,892512,0,0,0.0,18.29,2026-03-18T17:47:10.219636,large_doc_pymupdf_only,,
IBOS_2022.pdf,IBOS,2022,success,,180,82,98,0,180,211233,0,0,0.0,17.25,2026-03-18T17:47:17.925397,large_doc_pymupdf_only,,
IBST_2022.pdf,IBST,2022,success,,369,367,2,0,369,1178258,0,0,0.0,31.64,2026-03-18T17:47:38.790364,large_doc_pymupdf_only,,
IBOS_2024.pdf,IBOS,2024,success,,270,246,24,0,270,734703,0,0,0.0,41.19,2026-03-18T17:47:42.349728,large_doc_pymupdf_only,,
IBST_2024.pdf,IBST,2024,success,,212,209,3,0,212,1253259,0,0,0.0,24.33,2026-03-18T17:47:42.556640,large_doc_pymupdf_only,,
IBST_2023.pdf,IBST,2023,success,,347,319,28,0,347,1045210,0,0,0.0,32.68,2026-03-18T17:47:43.684875,large_doc_pymupdf_only,,
ICON_2022.pdf,ICON,2022,success,,237,207,30,0,237,680826,0,0,0.0,16.61,2026-03-18T17:48:00.730757,large_doc_pymupdf_only,,
ICBP_2022.pdf,ICBP,2022,success,,344,295,49,0,344,937140,0,0,0.0,24.37,2026-03-18T17:48:03.312206,large_doc_pymupdf_only,,
ICBP_2024.pdf,ICBP,2024,success,,311,273,38,0,311,837027,0,0,0.0,25.83,2026-03-18T17:48:08.668241,large_doc_pymupdf_only,,
ICBP_2023.pdf,ICBP,2023,success,,306,282,24,0,306,830303,0,0,0.0,27.73,2026-03-18T17:48:10.337117,large_doc_pymupdf_only,,
ICON_2024.pdf,ICON,2024,success,,207,194,13,0,207,726278,0,0,0.0,17.17,2026-03-18T17:48:18.344771,large_doc_pymupdf_only,,
IDPR_2022.pdf,IDPR,2022,success,,260,245,15,0,260,833641,0,0,0.0,14.65,2026-03-18T17:48:18.670545,large_doc_pymupdf_only,,
IDPR_2023.pdf,IDPR,2023,success,,253,244,9,0,253,830304,0,0,0.0,12.69,2026-03-18T17:48:21.444471,large_doc_pymupdf_only,,
IDPR_2024.pdf,IDPR,2024,success,,280,278,2,0,280,985644,0,0,0.0,15.66,2026-03-18T17:48:26.096975,large_doc_pymupdf_only,,
IFII_2022.pdf,IFII,2022,success,,354,343,11,0,354,1099870,0,0,0.0,13.87,2026-03-18T17:48:32.418471,large_doc_pymupdf_only,,
IFII_2024.pdf,IFII,2024,success,,365,358,7,0,365,1129019,0,0,0.0,14.21,2026-03-18T17:48:33.096486,large_doc_pymupdf_only,,
IFSH_2023.pdf,IFSH,2023,success,,301,275,26,0,301,834871,0,0,0.0,16.08,2026-03-18T17:48:37.923355,large_doc_pymupdf_only,,
IFSH_2024.pdf,IFSH,2024,success,,310,290,20,0,310,881266,0,0,0.0,11.76,2026-03-18T17:48:38.144723,large_doc_pymupdf_only,,
IGAR_2023.pdf,IGAR,2023,success,,311,301,10,0,311,951409,0,0,0.0,11.47,2026-03-18T17:48:44.810589,large_doc_pymupdf_only,,
IIKP_2023.pdf,IIKP,2023,success,,138,0,138,0,138,0,0,0,0.0,6.71,2026-03-18T17:48:45.272673,large_doc_pymupdf_only,,
IGAR_2022.pdf,IGAR,2022,success,,286,276,10,0,286,887673,0,0,0.0,16.34,2026-03-18T17:48:49.048716,large_doc_pymupdf_only,,
IGAR_2024.pdf,IGAR,2024,success,,298,285,13,0,298,902994,0,0,0.0,13.02,2026-03-18T17:48:51.067596,large_doc_pymupdf_only,,
IIKP_2024.pdf,IIKP,2024,success,,151,139,12,0,151,446891,0,0,0.0,6.29,2026-03-18T17:48:51.208984,large_doc_pymupdf_only,,
IKAN_2022.pdf,IKAN,2022,success,,247,215,32,0,247,591940,0,0,0.0,11.52,2026-03-18T17:49:02.813990,large_doc_pymupdf_only,,
IKAI_2023.pdf,IKAI,2023,success,,506,471,35,0,506,1446837,0,0,0.0,17.38,2026-03-18T17:49:02.911794,large_doc_pymupdf_only,,
IKAN_2023.pdf,IKAN,2023,success,,252,231,21,0,252,619966,0,0,0.0,12.98,2026-03-18T17:49:04.419349,large_doc_pymupdf_only,,
IKAI_2024.pdf,IKAI,2024,success,,480,446,34,0,480,1415578,0,0,0.0,17.36,2026-03-18T17:49:06.705989,large_doc_pymupdf_only,,
IKBI_2024.pdf,IKBI,2024,success,,171,153,18,0,171,476469,0,0,0.0,15.06,2026-03-18T17:49:22.327407,large_doc_pymupdf_only,,
IKAN_2024.pdf,IKAN,2024,success,,256,238,18,0,256,669712,0,0,0.0,22.05,2026-03-18T17:49:24.971893,large_doc_pymupdf_only,,
IKBI_2023.pdf,IKBI,2023,success,,181,166,15,0,181,495405,0,0,0.0,20.3,2026-03-18T17:49:25.080474,large_doc_pymupdf_only,,
IKPM_2023.pdf,IKPM,2023,success,,288,261,27,0,288,780526,0,0,0.0,21.11,2026-03-18T17:49:43.693491,large_doc_pymupdf_only,,
IMAS_2022.pdf,IMAS,2022,success,,402,366,36,0,402,1269754,0,0,0.0,23.56,2026-03-18T17:49:49.089406,large_doc_pymupdf_only,,
IKPM_2024.pdf,IKPM,2024,success,,293,270,23,0,293,830609,0,0,0.0,31.76,2026-03-18T17:49:57.052220,large_doc_pymupdf_only,,
IKBI_2022.pdf,IKBI,2022,success,,185,76,109,0,185,211736,0,0,0.0,55.18,2026-03-18T17:49:58.253887,large_doc_pymupdf_only,,
IMAS_2023.pdf,IMAS,2023,success,,406,371,35,0,406,1256726,0,0,0.0,14.92,2026-03-18T17:49:59.284194,large_doc_pymupdf_only,,
IMAS_2024.pdf,IMAS,2024,success,,405,382,23,0,405,1315301,0,0,0.0,18.99,2026-03-18T17:50:18.307689,large_doc_pymupdf_only,,
IMJS_2022.pdf,IMJS,2022,success,,420,402,18,0,420,1514197,0,0,0.0,22.62,2026-03-18T17:50:21.930074,large_doc_pymupdf_only,,
IMPC_2022.pdf,IMPC,2022,success,,331,306,25,0,331,1146808,0,0,0.0,26.96,2026-03-18T17:50:26.274558,large_doc_pymupdf_only,,
IMJS_2023.pdf,IMJS,2023,success,,410,387,23,0,410,1350997,0,0,0.0,28.67,2026-03-18T17:50:27.983600,large_doc_pymupdf_only,,
IMPC_2023.pdf,IMPC,2023,success,,355,325,30,0,355,1162380,0,0,0.0,20.52,2026-03-18T17:50:39.110452,large_doc_pymupdf_only,,
INAF_2024.pdf,INAF,2024,success,,431,413,18,0,431,1447870,0,0,0.0,20.6,2026-03-18T17:50:49.048910,large_doc_pymupdf_only,,
IMPC_2024.pdf,IMPC,2024,success,,390,367,23,0,390,1349373,0,0,0.0,26.81,2026-03-18T17:50:49.080657,large_doc_pymupdf_only,,
INAI_2022.pdf,INAI,2022,success,,211,199,12,0,211,686965,0,0,0.0,9.9,2026-03-18T17:50:49.147780,large_doc_pymupdf_only,,
INAI_2023.pdf,INAI,2023,success,,212,200,12,0,212,678725,0,0,0.0,14.3,2026-03-18T17:51:03.503867,large_doc_pymupdf_only,,
INAI_2024.pdf,INAI,2024,success,,214,197,17,0,214,684448,0,0,0.0,15.61,2026-03-18T17:51:04.910779,large_doc_pymupdf_only,,
INCF_2022.pdf,INCF,2022,success,,260,248,12,0,260,714861,0,0,0.0,15.41,2026-03-18T17:51:04.925689,large_doc_pymupdf_only,,
INAF_2022.pdf,INAF,2022,success,,689,660,29,0,689,2025715,0,0,0.0,50.08,2026-03-18T17:51:16.740392,large_doc_pymupdf_only,,
INCI_2022.pdf,INCI,2022,success,,260,242,18,0,260,798804,0,0,0.0,13.89,2026-03-18T17:51:19.067600,large_doc_pymupdf_only,,
INCF_2024.pdf,INCF,2024,success,,252,236,16,0,252,708994,0,0,0.0,14.96,2026-03-18T17:51:20.016109,large_doc_pymupdf_only,,
INCF_2023.pdf,INCF,2023,success,,274,269,5,0,274,797333,0,0,0.0,16.74,2026-03-18T17:51:20.572319,large_doc_pymupdf_only,,
INCO_2022.pdf,INCO,2022,success,,378,360,18,0,378,1167627,0,0,0.0,16.76,2026-03-18T17:51:37.313557,large_doc_pymupdf_only,,
INCO_2023.pdf,INCO,2023,success,,432,419,13,0,432,1211276,0,0,0.0,17.14,2026-03-18T17:51:37.935834,large_doc_pymupdf_only,,
INCI_2024.pdf,INCI,2024,success,,350,324,26,0,350,1040973,0,0,0.0,19.54,2026-03-18T17:51:38.911843,large_doc_pymupdf_only,,
INCI_2023.pdf,INCI,2023,success,,324,303,21,0,324,975932,0,0,0.0,28.19,2026-03-18T17:51:45.034277,large_doc_pymupdf_only,,
INDF_2022.pdf,INDF,2022,success,,338,318,20,0,338,1056061,0,0,0.0,17.13,2026-03-18T17:51:55.256769,large_doc_pymupdf_only,,
INDF_2024.pdf,INDF,2024,success,,295,269,26,0,295,896728,0,0,0.0,13.69,2026-03-18T17:51:59.136452,large_doc_pymupdf_only,,
INCO_2024.pdf,INCO,2024,success,,483,474,9,0,483,1555155,0,0,0.0,21.89,2026-03-18T17:51:59.296161,large_doc_pymupdf_only,,
INDF_2023.pdf,INDF,2023,success,,322,304,18,0,322,955781,0,0,0.0,25.68,2026-03-18T17:52:04.873482,large_doc_pymupdf_only,,
INDO_2023.pdf,INDO,2023,success,,203,180,23,0,203,718170,0,0,0.0,13.7,2026-03-18T17:52:09.102914,large_doc_pymupdf_only,,
INDR_2022.pdf,INDR,2022,success,,195,185,10,0,195,667086,0,0,0.0,12.09,2026-03-18T17:52:11.810547,large_doc_pymupdf_only,,
INDO_2024.pdf,INDO,2024,success,,221,203,18,0,221,821479,0,0,0.0,15.54,2026-03-18T17:52:15.027943,large_doc_pymupdf_only,,
INDR_2023.pdf,INDR,2023,success,,184,176,8,0,184,615565,0,0,0.0,11.35,2026-03-18T17:52:16.405632,large_doc_pymupdf_only,,
INDR_2024.pdf,INDR,2024,success,,185,176,9,0,185,623386,0,0,0.0,9.71,2026-03-18T17:52:19.098207,large_doc_pymupdf_only,,
INDX_2023.pdf,INDX,2023,success,,110,102,8,0,110,344277,0,0,0.0,7.4,2026-03-18T17:52:26.878126,large_doc_pymupdf_only,,
INDS_2023.pdf,INDS,2023,success,,290,276,14,0,290,900153,0,0,0.0,14.4,2026-03-18T17:52:29.922587,large_doc_pymupdf_only,,
INDS_2024.pdf,INDS,2024,success,,284,266,18,0,284,918890,0,0,0.0,14.15,2026-03-18T17:52:30.849546,large_doc_pymupdf_only,,
INDS_2022.pdf,INDS,2022,success,,177,63,114,0,177,205862,0,0,0.0,20.57,2026-03-18T17:52:32.894941,large_doc_pymupdf_only,,
INDX_2024.pdf,INDX,2024,success,,166,158,8,0,166,611695,0,0,0.0,9.26,2026-03-18T17:52:36.497816,large_doc_pymupdf_only,,
INDY_2022.pdf,INDY,2022,success,,577,559,18,0,577,2003213,0,0,0.0,40.53,2026-03-18T17:53:10.791797,large_doc_pymupdf_only,,
INET_2024.pdf,INET,2024,success,,264,230,34,0,264,621351,0,0,0.0,35.83,2026-03-18T17:53:12.754742,large_doc_pymupdf_only,,
INDY_2023.pdf,INDY,2023,success,,611,584,27,0,611,2111583,0,0,0.0,44.08,2026-03-18T17:53:15.120458,large_doc_pymupdf_only,,
INDY_2024.pdf,INDY,2024,success,,630,563,67,0,630,2091963,0,0,0.0,46.14,2026-03-18T17:53:19.412375,large_doc_pymupdf_only,,
INKP_2022.pdf,INKP,2022,success,,260,230,30,0,260,898307,0,0,0.0,16.56,2026-03-18T17:53:27.819370,large_doc_pymupdf_only,,
INKP_2023.pdf,INKP,2023,success,,267,233,34,0,267,970469,0,0,0.0,16.92,2026-03-18T17:53:29.906092,large_doc_pymupdf_only,,
INOV_2023.pdf,INOV,2023,success,,212,204,8,0,212,667981,0,0,0.0,12.14,2026-03-18T17:53:32.294630,large_doc_pymupdf_only,,
INKP_2024.pdf,INKP,2024,success,,270,268,2,0,270,1075931,0,0,0.0,19.66,2026-03-18T17:53:35.241285,large_doc_pymupdf_only,,
INOV_2024.pdf,INOV,2024,success,,218,207,11,0,218,670886,0,0,0.0,10.56,2026-03-18T17:53:38.531958,large_doc_pymupdf_only,,
INPP_2022.pdf,INPP,2022,success,,436,388,48,0,436,1225321,0,0,0.0,16.39,2026-03-18T17:53:52.058402,large_doc_pymupdf_only,,
INPP_2023.pdf,INPP,2023,success,,362,333,29,0,362,926837,0,0,0.0,13.4,2026-03-18T17:53:52.406910,large_doc_pymupdf_only,,
INPC_2022.pdf,INPC,2022,success,,662,644,18,0,662,2094982,0,0,0.0,24.49,2026-03-18T17:53:55.181870,large_doc_pymupdf_only,,
INPC_2023.pdf,INPC,2023,success,,625,609,16,0,625,2029921,0,0,0.0,30.72,2026-03-18T17:54:03.333754,large_doc_pymupdf_only,,
INPP_2024.pdf,INPP,2024,success,,326,306,20,0,326,897067,0,0,0.0,15.04,2026-03-18T17:54:07.317740,large_doc_pymupdf_only,,
INRU_2023.pdf,INRU,2023,success,,132,128,4,0,132,848912,0,0,0.0,13.76,2026-03-18T17:54:09.087935,large_doc_pymupdf_only,,
INRU_2022.pdf,INRU,2022,success,,127,64,63,0,127,369620,0,0,0.0,16.41,2026-03-18T17:54:09.220629,large_doc_pymupdf_only,,
INRU_2024.pdf,INRU,2024,success,,138,133,5,0,138,894237,0,0,0.0,7.64,2026-03-18T17:54:11.382232,large_doc_pymupdf_only,,
INTD_2022.pdf,INTD,2022,success,,128,119,9,0,128,470051,0,0,0.0,6.42,2026-03-18T17:54:17.833886,large_doc_pymupdf_only,,
INTA_2022.pdf,INTA,2022,success,,330,312,18,0,330,913624,0,0,0.0,11.9,2026-03-18T17:54:23.299094,large_doc_pymupdf_only,,
INTD_2023.pdf,INTD,2023,success,,127,116,11,0,127,461535,0,0,0.0,8.01,2026-03-18T17:54:25.916175,large_doc_pymupdf_only,,
INTA_2023.pdf,INTA,2023,success,,378,359,19,0,378,990379,0,0,0.0,14.69,2026-03-18T17:54:26.095662,large_doc_pymupdf_only,,
INTA_2024.pdf,INTA,2024,success,,409,389,20,0,409,1168317,0,0,0.0,17.87,2026-03-18T17:54:29.274463,large_doc_pymupdf_only,,
INTD_2024.pdf,INTD,2024,success,,131,127,4,0,131,514426,0,0,0.0,7.14,2026-03-18T17:54:30.771988,large_doc_pymupdf_only,,
IOTF_2023.pdf,IOTF,2023,success,,224,198,26,0,224,583382,0,0,0.0,12.28,2026-03-18T17:54:43.203134,large_doc_pymupdf_only,,
INTP_2022.pdf,INTP,2022,success,,600,470,130,0,600,1528161,0,0,0.0,30.35,2026-03-18T17:54:56.503334,large_doc_pymupdf_only,,
INTP_2024.pdf,INTP,2024,success,,540,514,26,0,540,1670104,0,0,0.0,28.51,2026-03-18T17:54:58.126838,large_doc_pymupdf_only,,
IOTF_2024.pdf,IOTF,2024,success,,227,200,27,0,227,608133,0,0,0.0,16.28,2026-03-18T17:55:00.103967,large_doc_pymupdf_only,,
INTP_2023.pdf,INTP,2023,success,,530,509,21,0,530,1598031,0,0,0.0,34.32,2026-03-18T17:55:00.615953,large_doc_pymupdf_only,,
IPAC_2022.pdf,IPAC,2022,success,,185,151,34,0,185,421440,0,0,0.0,17.61,2026-03-18T17:55:14.437485,large_doc_pymupdf_only,,
IPCM_2022.pdf,IPCM,2022,success,,446,428,18,0,446,1365318,0,0,0.0,20.8,2026-03-18T17:55:22.055324,large_doc_pymupdf_only,,
IPCC_2022.pdf,IPCC,2022,success,,590,576,14,0,590,2031498,0,0,0.0,37.67,2026-03-18T17:55:36.283701,large_doc_pymupdf_only,,
IPCC_2024.pdf,IPCC,2024,success,,660,638,22,0,660,2283575,0,0,0.0,36.86,2026-03-18T17:55:37.343766,large_doc_pymupdf_only,,
IPOL_2022.pdf,IPOL,2022,success,,294,283,11,0,294,918556,0,0,0.0,17.89,2026-03-18T17:55:40.235384,large_doc_pymupdf_only,,
IPOL_2023.pdf,IPOL,2023,success,,306,297,9,0,306,925394,0,0,0.0,13.97,2026-03-18T17:55:50.568514,large_doc_pymupdf_only,,
IPPE_2022.pdf,IPPE,2022,success,,161,137,24,0,161,409075,0,0,0.0,11.01,2026-03-18T17:55:51.388800,large_doc_pymupdf_only,,
IPOL_2024.pdf,IPOL,2024,success,,324,298,26,0,324,977123,0,0,0.0,14.13,2026-03-18T17:55:51.596002,large_doc_pymupdf_only,,
IPCM_2024.pdf,IPCM,2024,success,,580,568,12,0,580,1908998,0,0,0.0,46.65,2026-03-18T17:56:01.356967,large_doc_pymupdf_only,,
IPPE_2023.pdf,IPPE,2023,success,,159,135,24,0,159,400728,0,0,0.0,11.11,2026-03-18T17:56:01.916745,large_doc_pymupdf_only,,
IPPE_2024.pdf,IPPE,2024,success,,159,135,24,0,159,400728,0,0,0.0,10.53,2026-03-18T17:56:02.331550,large_doc_pymupdf_only,,
IPTV_2022.pdf,IPTV,2022,success,,310,278,32,0,310,888167,0,0,0.0,27.04,2026-03-18T17:56:18.896617,large_doc_pymupdf_only,,
IRRA_2022.pdf,IRRA,2022,success,,278,267,11,0,278,760177,0,0,0.0,16.11,2026-03-18T17:56:19.077792,large_doc_pymupdf_only,,
IPTV_2023.pdf,IPTV,2023,success,,291,244,47,0,291,836615,0,0,0.0,17.83,2026-03-18T17:56:19.355471,large_doc_pymupdf_only,,
IPTV_2024.pdf,IPTV,2024,success,,282,242,40,0,282,821928,0,0,0.0,19.98,2026-03-18T17:56:22.142445,large_doc_pymupdf_only,,
ISAP_2022.pdf,ISAP,2022,success,,223,214,9,0,223,694136,0,0,0.0,9.19,2026-03-18T17:56:29.223837,large_doc_pymupdf_only,,
ISAP_2023.pdf,ISAP,2023,success,,231,212,19,0,231,645282,0,0,0.0,8.45,2026-03-18T17:56:30.963536,large_doc_pymupdf_only,,
IRSX_2023.pdf,IRSX,2023,success,,249,221,28,0,249,747387,0,0,0.0,12.29,2026-03-18T17:56:31.410914,large_doc_pymupdf_only,,
IRSX_2024.pdf,IRSX,2024,success,,285,255,30,0,285,803869,0,0,0.0,19.28,2026-03-18T17:56:38.517946,large_doc_pymupdf_only,,
ISAP_2024.pdf,ISAP,2024,success,,233,210,23,0,233,678671,0,0,0.0,9.4,2026-03-18T17:56:39.164275,large_doc_pymupdf_only,,
ISAT_2022.pdf,ISAT,2022,success,,426,399,27,0,426,1394936,0,0,0.0,17.73,2026-03-18T17:56:48.849538,large_doc_pymupdf_only,,
ISAT_2023.pdf,ISAT,2023,success,,450,430,20,0,450,1408840,0,0,0.0,19.42,2026-03-18T17:56:51.015394,large_doc_pymupdf_only,,
ISEA_2024.pdf,ISEA,2024,success,,329,305,24,0,329,851958,0,0,0.0,15.78,2026-03-18T17:56:55.119726,large_doc_pymupdf_only,,
ISAT_2024.pdf,ISAT,2024,success,,472,449,23,0,472,1448583,0,0,0.0,18.84,2026-03-18T17:56:57.579548,large_doc_pymupdf_only,,
ISSP_2022.pdf,ISSP,2022,success,,429,421,8,0,429,1324177,0,0,0.0,15.29,2026-03-18T17:57:04.431886,large_doc_pymupdf_only,,
ISSP_2023.pdf,ISSP,2023,success,,442,439,3,0,442,1384429,0,0,0.0,17.34,2026-03-18T17:57:08.672240,large_doc_pymupdf_only,,
ITIC_2023.pdf,ITIC,2023,success,,262,231,31,0,262,779540,0,0,0.0,14.29,2026-03-18T17:57:12.148967,large_doc_pymupdf_only,,
ISSP_2024.pdf,ISSP,2024,success,,421,419,2,0,421,1362446,0,0,0.0,19.55,2026-03-18T17:57:14.898715,large_doc_pymupdf_only,,
ITIC_2024.pdf,ITIC,2024,success,,276,251,25,0,276,861940,0,0,0.0,13.82,2026-03-18T17:57:18.481913,large_doc_pymupdf_only,,
ITMA_2022.pdf,ITMA,2022,success,,240,229,11,0,240,701378,0,0,0.0,11.89,2026-03-18T17:57:20.893953,large_doc_pymupdf_only,,
ITMA_2023.pdf,ITMA,2023,success,,258,249,9,0,258,782549,0,0,0.0,13.31,2026-03-18T17:57:25.631955,large_doc_pymupdf_only,,
ITMA_2024.pdf,ITMA,2024,success,,269,250,19,0,269,829159,0,0,0.0,12.41,2026-03-18T17:57:27.606007,large_doc_pymupdf_only,,
ITMG_2022.pdf,ITMG,2022,success,,432,413,19,0,432,1407708,0,0,0.0,17.74,2026-03-18T17:57:36.395435,large_doc_pymupdf_only,,
JARR_2022.pdf,JARR,2022,success,,220,206,14,0,220,527466,0,0,0.0,8.71,2026-03-18T17:57:36.615345,large_doc_pymupdf_only,,
ITMG_2023.pdf,ITMG,2023,success,,386,384,2,0,386,1290620,0,0,0.0,19.09,2026-03-18T17:57:40.060067,large_doc_pymupdf_only,,
ITMG_2024.pdf,ITMG,2024,success,,412,390,22,0,412,1330320,0,0,0.0,23.11,2026-03-18T17:57:48.805141,large_doc_pymupdf_only,,
JARR_2024.pdf,JARR,2024,success,,287,273,14,0,287,712065,0,0,0.0,16.16,2026-03-18T17:57:52.971159,large_doc_pymupdf_only,,
JARR_2023.pdf,JARR,2023,success,,232,218,14,0,232,668525,0,0,0.0,17.23,2026-03-18T17:57:53.815209,large_doc_pymupdf_only,,
JAST_2023.pdf,JAST,2023,success,,236,218,18,0,236,567560,0,0,0.0,13.65,2026-03-18T17:57:53.848470,large_doc_pymupdf_only,,
JATI_2023.pdf,JATI,2023,success,,233,61,172,0,233,243774,0,0,0.0,11.68,2026-03-18T17:58:05.569335,large_doc_pymupdf_only,,
JAST_2024.pdf,JAST,2024,success,,247,232,15,0,247,693095,0,0,0.0,11.85,2026-03-18T17:58:05.736868,large_doc_pymupdf_only,,
JAWA_2023.pdf,JAWA,2023,success,,310,292,18,0,310,880294,0,0,0.0,12.6,2026-03-18T17:58:06.492663,large_doc_pymupdf_only,,
JAWA_2022.pdf,JAWA,2022,success,,297,276,21,0,297,906067,0,0,0.0,13.47,2026-03-18T17:58:07.360601,large_doc_pymupdf_only,,
JAYA_2023.pdf,JAYA,2023,success,,265,235,30,0,265,687467,0,0,0.0,9.57,2026-03-18T17:58:16.260239,large_doc_pymupdf_only,,
JAYA_2022.pdf,JAYA,2022,success,,260,237,23,0,260,687261,0,0,0.0,10.74,2026-03-18T17:58:16.634372,large_doc_pymupdf_only,,
JECC_2022.pdf,JECC,2022,success,,214,199,15,0,214,695059,0,0,0.0,9.49,2026-03-18T17:58:17.014113,large_doc_pymupdf_only,,
JAWA_2024.pdf,JAWA,2024,success,,300,278,22,0,300,830206,0,0,0.0,15.32,2026-03-18T17:58:21.138581,large_doc_pymupdf_only,,
JGLE_2022.pdf,JGLE,2022,success,,131,127,4,0,131,804215,0,0,0.0,10.74,2026-03-18T17:58:28.039337,large_doc_pymupdf_only,,
JECC_2023.pdf,JECC,2023,success,,245,230,15,0,245,806737,0,0,0.0,12.46,2026-03-18T17:58:28.780781,large_doc_pymupdf_only,,
JGLE_2023.pdf,JGLE,2023,success,,263,239,24,0,263,755384,0,0,0.0,10.31,2026-03-18T17:58:32.019525,large_doc_pymupdf_only,,
JECC_2024.pdf,JECC,2024,success,,247,232,15,0,247,845699,0,0,0.0,16.64,2026-03-18T17:58:33.528247,large_doc_pymupdf_only,,
JGLE_2024.pdf,JGLE,2024,success,,274,242,32,0,274,775594,0,0,0.0,16.66,2026-03-18T17:58:45.227903,large_doc_pymupdf_only,,
JIHD_2022.pdf,JIHD,2022,success,,389,366,23,0,389,1431553,0,0,0.0,25.08,2026-03-18T17:58:54.161418,large_doc_pymupdf_only,,
JIHD_2023.pdf,JIHD,2023,success,,389,371,18,0,389,1553205,0,0,0.0,24.27,2026-03-18T17:58:56.486329,large_doc_pymupdf_only,,
JIHD_2024.pdf,JIHD,2024,success,,392,377,15,0,392,1586166,0,0,0.0,25.95,2026-03-18T17:58:59.531721,large_doc_pymupdf_only,,
JKON_2022.pdf,JKON,2022,success,,326,315,11,0,326,1052861,0,0,0.0,16.03,2026-03-18T17:59:01.435962,large_doc_pymupdf_only,,
JKSW_2022.pdf,JKSW,2022,success,,102,88,14,0,102,262464,0,0,0.0,11.15,2026-03-18T17:59:10.830996,large_doc_pymupdf_only,,
JKON_2023.pdf,JKON,2023,success,,324,303,21,0,324,1098324,0,0,0.0,16.9,2026-03-18T17:59:11.190864,large_doc_pymupdf_only,,
JKON_2024.pdf,JKON,2024,success,,362,350,12,0,362,1199451,0,0,0.0,21.37,2026-03-18T17:59:18.116569,large_doc_pymupdf_only,,
JKSW_2024.pdf,JKSW,2024,success,,100,92,8,0,100,293072,0,0,0.0,12.69,2026-03-18T17:59:23.727380,large_doc_pymupdf_only,,
JMAS_2023.pdf,JMAS,2023,success,,323,303,20,0,323,1077548,0,0,0.0,15.84,2026-03-18T17:59:27.580522,large_doc_pymupdf_only,,
JKSW_2023.pdf,JKSW,2023,success,,100,81,19,0,100,251554,0,0,0.0,28.81,2026-03-18T17:59:30.749428,large_doc_pymupdf_only,,
JMAS_2024.pdf,JMAS,2024,success,,344,321,23,0,344,1179774,0,0,0.0,14.77,2026-03-18T17:59:32.991182,large_doc_pymupdf_only,,
JPFA_2022.pdf,JPFA,2022,success,,400,393,7,0,400,1325683,0,0,0.0,15.03,2026-03-18T17:59:39.342753,large_doc_pymupdf_only,,
JPFA_2023.pdf,JPFA,2023,success,,415,403,12,0,415,1361812,0,0,0.0,17.3,2026-03-18T17:59:44.982142,large_doc_pymupdf_only,,
JPFA_2024.pdf,JPFA,2024,success,,389,371,18,0,389,1233158,0,0,0.0,14.7,2026-03-18T17:59:45.568486,large_doc_pymupdf_only,,
JSKY_2022.pdf,JSKY,2022,success,,167,160,7,0,167,386795,0,0,0.0,6.64,2026-03-18T17:59:51.959688,large_doc_pymupdf_only,,
JRPT_2023.pdf,JRPT,2023,success,,330,308,22,0,330,1142776,0,0,0.0,18.87,2026-03-18T17:59:52.110419,large_doc_pymupdf_only,,
JSMR_2022.pdf,JSMR,2022,success,,974,962,12,0,974,3598194,0,0,0.0,59.96,2026-03-18T18:00:45.881614,large_doc_pymupdf_only,,
JSMR_2024.pdf,JSMR,2024,success,,1022,1012,10,0,1022,4048332,0,0,0.0,64.64,2026-03-18T18:00:57.818379,large_doc_pymupdf_only,,
JSPT_2022.pdf,JSPT,2022,success,,394,375,19,0,394,1146808,0,0,0.0,19.05,2026-03-18T18:01:05.282784,large_doc_pymupdf_only,,
JSMR_2023.pdf,JSMR,2023,success,,1076,1052,24,0,1076,3835708,0,0,0.0,75.05,2026-03-18T18:01:07.267865,large_doc_pymupdf_only,,
JSPT_2023.pdf,JSPT,2023,success,,394,375,19,0,394,1146808,0,0,0.0,19.04,2026-03-18T18:01:17.232653,large_doc_pymupdf_only,,
JTPE_2022.pdf,JTPE,2022,success,,350,331,19,0,350,996443,0,0,0.0,16.01,2026-03-18T18:01:23.534290,large_doc_pymupdf_only,,
JSPT_2024.pdf,JSPT,2024,success,,396,368,28,0,396,1165725,0,0,0.0,18.15,2026-03-18T18:01:23.654419,large_doc_pymupdf_only,,
JTPE_2024.pdf,JTPE,2024,success,,346,342,4,0,346,1107478,0,0,0.0,15.31,2026-03-18T18:01:39.183120,large_doc_pymupdf_only,,
JTPE_2023.pdf,JTPE,2023,success,,342,314,28,0,342,938276,0,0,0.0,22.04,2026-03-18T18:01:39.637013,large_doc_pymupdf_only,,
KAEF_2022.pdf,KAEF,2022,success,,1034,1033,1,0,1034,3272581,0,0,0.0,41.7,2026-03-18T18:02:05.697702,large_doc_pymupdf_only,,
KAEF_2024.pdf,KAEF,2024,success,,786,766,20,0,786,2712177,0,0,0.0,38.62,2026-03-18T18:02:18.966750,large_doc_pymupdf_only,,
KARW_2022.pdf,KARW,2022,success,,261,232,29,0,261,619352,0,0,0.0,13.15,2026-03-18T18:02:19.135195,large_doc_pymupdf_only,,
KAEF_2023.pdf,KAEF,2023,success,,868,858,10,0,868,2833012,0,0,0.0,53.53,2026-03-18T18:02:33.025857,large_doc_pymupdf_only,,
KARW_2023.pdf,KARW,2023,success,,273,248,25,0,273,669781,0,0,0.0,14.53,2026-03-18T18:02:33.692262,large_doc_pymupdf_only,,
KARW_2024.pdf,KARW,2024,success,,253,233,20,0,253,701777,0,0,0.0,16.64,2026-03-18T18:02:35.962541,large_doc_pymupdf_only,,
KBAG_2022.pdf,KBAG,2022,success,,207,196,11,0,207,662032,0,0,0.0,8.77,2026-03-18T18:02:42.749546,large_doc_pymupdf_only,,
KAYU_2022.pdf,KAYU,2022,success,,197,62,135,0,197,298790,0,0,0.0,11.85,2026-03-18T18:02:45.009921,large_doc_pymupdf_only,,
KBAG_2023.pdf,KBAG,2023,success,,219,212,7,0,219,679156,0,0,0.0,11.42,2026-03-18T18:02:47.602693,large_doc_pymupdf_only,,
KBAG_2024.pdf,KBAG,2024,success,,269,252,17,0,269,802275,0,0,0.0,10.0,2026-03-18T18:02:53.124503,large_doc_pymupdf_only,,
KBLI_2022.pdf,KBLI,2022,success,,306,288,18,0,306,893723,0,0,0.0,15.53,2026-03-18T18:03:00.678566,large_doc_pymupdf_only,,
JRPT_2024.pdf,JRPT,2024,success,,368,341,27,0,368,1215161,0,0,0.0,265.99,2026-03-18T18:04:05.804624,large_doc_pymupdf_only,,
KBLM_2022.pdf,KBLM,2022,success,,149,139,10,0,149,473024,0,0,0.0,9.4,2026-03-18T18:04:15.238659,large_doc_pymupdf_only,,
KBLM_2023.pdf,KBLM,2023,success,,150,141,9,0,150,479593,0,0,0.0,11.2,2026-03-18T18:04:17.037551,large_doc_pymupdf_only,,
KBLI_2024.pdf,KBLI,2024,success,,339,322,17,0,339,984320,0,0,0.0,16.08,2026-03-18T18:04:21.918961,large_doc_pymupdf_only,,
KBLI_2023.pdf,KBLI,2023,success,,301,277,24,0,301,943950,0,0,0.0,17.05,2026-03-18T18:04:22.888931,large_doc_pymupdf_only,,
KBLV_2023.pdf,KBLV,2023,success,,229,210,19,0,229,899752,0,0,0.0,11.31,2026-03-18T18:04:28.620945,large_doc_pymupdf_only,,
KBLV_2022.pdf,KBLV,2022,success,,386,345,41,0,386,941814,0,0,0.0,13.39,2026-03-18T18:04:28.697509,large_doc_pymupdf_only,,
KBLV_2024.pdf,KBLV,2024,success,,152,145,7,0,152,805058,0,0,0.0,10.55,2026-03-18T18:04:32.984022,large_doc_pymupdf_only,,
KDSI_2022.pdf,KDSI,2022,success,,286,265,21,0,286,941298,0,0,0.0,15.41,2026-03-18T18:04:38.575476,large_doc_pymupdf_only,,
KDSI_2024.pdf,KDSI,2024,success,,333,309,24,0,333,995853,0,0,0.0,18.11,2026-03-18T18:04:47.128710,large_doc_pymupdf_only,,
KDSI_2023.pdf,KDSI,2023,success,,335,306,29,0,335,931094,0,0,0.0,21.08,2026-03-18T18:04:49.866248,large_doc_pymupdf_only,,
KDTN_2024.pdf,KDTN,2024,success,,239,220,19,0,239,732738,0,0,0.0,13.24,2026-03-18T18:04:51.958712,large_doc_pymupdf_only,,
KEEN_2022.pdf,KEEN,2022,success,,406,387,19,0,406,1166964,0,0,0.0,19.32,2026-03-18T18:05:06.604041,large_doc_pymupdf_only,,
KEEN_2023.pdf,KEEN,2023,success,,396,384,12,0,396,1170483,0,0,0.0,17.94,2026-03-18T18:05:08.181684,large_doc_pymupdf_only,,
KEEN_2024.pdf,KEEN,2024,success,,394,379,15,0,394,1016356,0,0,0.0,28.02,2026-03-18T18:05:20.269981,large_doc_pymupdf_only,,
KEJU_2023.pdf,KEJU,2023,success,,288,266,22,0,288,777918,0,0,0.0,12.22,2026-03-18T18:05:20.896245,large_doc_pymupdf_only,,
KEJU_2022.pdf,KEJU,2022,success,,296,265,31,0,296,787948,0,0,0.0,14.4,2026-03-18T18:05:21.164501,large_doc_pymupdf_only,,
KETR_2022.pdf,KETR,2022,success,,380,373,7,0,380,1148828,0,0,0.0,20.57,2026-03-18T18:05:41.590984,large_doc_pymupdf_only,,
KEJU_2024.pdf,KEJU,2024,success,,314,290,24,0,314,901707,0,0,0.0,21.55,2026-03-18T18:05:42.069349,large_doc_pymupdf_only,,
KETR_2023.pdf,KETR,2023,success,,398,380,18,0,398,1155364,0,0,0.0,22.66,2026-03-18T18:05:44.349720,large_doc_pymupdf_only,,
KIAS_2022.pdf,KIAS,2022,success,,242,217,25,0,242,746457,0,0,0.0,15.15,2026-03-18T18:05:57.882270,large_doc_pymupdf_only,,
KIAS_2024.pdf,KIAS,2024,success,,266,248,18,0,266,807128,0,0,0.0,15.91,2026-03-18T18:06:00.386349,large_doc_pymupdf_only,,
KETR_2024.pdf,KETR,2024,success,,334,313,21,0,334,1024173,0,0,0.0,18.68,2026-03-18T18:06:00.423010,large_doc_pymupdf_only,,
KICI_2022.pdf,KICI,2022,success,,112,100,12,0,112,378440,0,0,0.0,4.96,2026-03-18T18:06:02.998665,large_doc_pymupdf_only,,
KICI_2023.pdf,KICI,2023,success,,1,0,1,1,0,2960,1129,689,0.00131575,8.54,2026-03-18T18:06:09.235540,,,
KICI_2024.pdf,KICI,2024,success,,1,0,1,1,0,2817,1129,705,0.00133975,12.26,2026-03-18T18:06:13.221613,,,
KIJA_2022.pdf,KIJA,2022,success,,440,416,24,0,440,1280905,0,0,0.0,12.62,2026-03-18T18:06:15.785959,large_doc_pymupdf_only,,
KING_2022.pdf,KING,2022,success,,255,233,22,0,255,730384,0,0,0.0,15.07,2026-03-18T18:06:28.665079,large_doc_pymupdf_only,,
KING_2023.pdf,KING,2023,success,,197,171,26,0,197,635664,0,0,0.0,13.75,2026-03-18T18:06:29.827023,large_doc_pymupdf_only,,
KIJA_2024.pdf,KIJA,2024,success,,554,534,20,0,554,1533791,0,0,0.0,22.54,2026-03-18T18:06:32.001718,large_doc_pymupdf_only,,
KING_2024.pdf,KING,2024,success,,210,196,14,0,210,668364,0,0,0.0,17.56,2026-03-18T18:06:46.323425,large_doc_pymupdf_only,,
KINO_2022.pdf,KINO,2022,success,,358,347,11,0,358,1270795,0,0,0.0,26.79,2026-03-18T18:06:57.121784,large_doc_pymupdf_only,,
KINO_2023.pdf,KINO,2023,success,,338,329,9,0,338,1187669,0,0,0.0,26.43,2026-03-18T18:06:58.913976,large_doc_pymupdf_only,,
KIOS_2022.pdf,KIOS,2022,success,,161,160,1,0,161,752309,0,0,0.0,17.74,2026-03-18T18:07:15.241950,large_doc_pymupdf_only,,
KIOS_2024.pdf,KIOS,2024,success,,206,188,18,0,206,577838,0,0,0.0,18.53,2026-03-18T18:07:17.624301,large_doc_pymupdf_only,,
KINO_2024.pdf,KINO,2024,success,,344,334,10,0,344,1179681,0,0,0.0,31.63,2026-03-18T18:07:18.158401,large_doc_pymupdf_only,,
KJEN_2022.pdf,KJEN,2022,success,,154,80,74,0,154,327357,0,0,0.0,9.58,2026-03-18T18:07:24.948645,large_doc_pymupdf_only,,
KKES_2022.pdf,KKES,2022,success,,172,97,75,0,172,202516,0,0,0.0,10.78,2026-03-18T18:07:29.148330,large_doc_pymupdf_only,,
KJEN_2023.pdf,KJEN,2023,success,,169,92,77,0,169,304291,0,0,0.0,17.45,2026-03-18T18:07:35.403836,large_doc_pymupdf_only,,
KKES_2024.pdf,KKES,2024,success,,286,276,10,0,286,602053,0,0,0.0,16.78,2026-03-18T18:07:46.134972,large_doc_pymupdf_only,,
KKES_2023.pdf,KKES,2023,success,,284,270,14,0,284,579595,0,0,0.0,27.85,2026-03-18T18:07:52.923044,large_doc_pymupdf_only,,
KKGI_2023.pdf,KKGI,2023,success,,329,297,32,0,329,1076290,0,0,0.0,25.34,2026-03-18T18:08:00.908452,large_doc_pymupdf_only,,
KLAS_2023.pdf,KLAS,2023,success,,236,222,14,0,236,729003,0,0,0.0,12.81,2026-03-18T18:08:05.923173,large_doc_pymupdf_only,,
KKGI_2024.pdf,KKGI,2024,success,,294,279,15,0,294,1084945,0,0,0.0,23.92,2026-03-18T18:08:10.515238,large_doc_pymupdf_only,,
KLBF_2022.pdf,KLBF,2022,success,,450,440,10,0,450,1463156,0,0,0.0,23.21,2026-03-18T18:08:29.352744,large_doc_pymupdf_only,,
KLBF_2023.pdf,KLBF,2023,success,,419,402,17,0,419,1296497,0,0,0.0,23.06,2026-03-18T18:08:33.793951,large_doc_pymupdf_only,,
KLIN_2022.pdf,KLIN,2022,success,,174,157,17,0,174,559587,0,0,0.0,14.19,2026-03-18T18:08:48.537489,large_doc_pymupdf_only,,
KLAS_2024.pdf,KLAS,2024,success,,252,238,14,0,252,791262,0,0,0.0,54.52,2026-03-18T18:08:55.699269,large_doc_pymupdf_only,,
KLBF_2024.pdf,KLBF,2024,success,,418,405,13,0,418,1272079,0,0,0.0,27.52,2026-03-18T18:08:57.025812,large_doc_pymupdf_only,,
KLIN_2023.pdf,KLIN,2023,success,,209,191,18,0,209,588321,0,0,0.0,10.48,2026-03-18T18:08:59.469662,large_doc_pymupdf_only,,
KDTN_2023.pdf,KDTN,2023,success,,214,0,214,0,214,0,0,0,0.0,796.5,2026-03-18T18:17:49.867729,large_doc_pymupdf_only,,
KLIN_2024.pdf,KLIN,2024,success,,222,199,23,0,222,634240,0,0,0.0,12.03,2026-03-18T18:18:01.950930,large_doc_pymupdf_only,,
KMDS_2023.pdf,KMDS,2023,success,,336,307,29,0,336,1005326,0,0,0.0,15.03,2026-03-18T18:18:04.954405,large_doc_pymupdf_only,,
KMDS_2022.pdf,KMDS,2022,success,,294,274,20,0,294,901293,0,0,0.0,15.54,2026-03-18T18:18:05.457259,large_doc_pymupdf_only,,
KMDS_2024.pdf,KMDS,2024,success,,396,366,30,0,396,1104130,0,0,0.0,15.97,2026-03-18T18:18:05.899927,large_doc_pymupdf_only,,
KMTR_2022.pdf,KMTR,2022,success,,303,301,2,0,303,1025383,0,0,0.0,14.73,2026-03-18T18:18:16.785069,large_doc_pymupdf_only,,
KOBX_2023.pdf,KOBX,2023,success,,308,286,22,0,308,947008,0,0,0.0,12.71,2026-03-18T18:18:18.253089,large_doc_pymupdf_only,,
KOBX_2024.pdf,KOBX,2024,success,,352,329,23,0,352,1063687,0,0,0.0,33.1,2026-03-18T18:18:39.153335,large_doc_pymupdf_only,,
KMTR_2024.pdf,KMTR,2024,success,,325,318,7,0,325,1083725,0,0,0.0,34.54,2026-03-18T18:18:39.735481,large_doc_pymupdf_only,,
KOCI_2024.pdf,KOCI,2024,success,,247,239,8,0,247,780314,0,0,0.0,36.23,2026-03-18T18:18:53.218614,large_doc_pymupdf_only,,
KOIN_2022.pdf,KOIN,2022,success,,232,215,17,0,232,698526,0,0,0.0,38.76,2026-03-18T18:18:57.258336,large_doc_pymupdf_only,,
KOIN_2023.pdf,KOIN,2023,success,,236,214,22,0,236,755655,0,0,0.0,20.41,2026-03-18T18:18:59.697721,large_doc_pymupdf_only,,
KOKA_2024.pdf,KOKA,2024,success,,201,192,9,0,201,526854,0,0,0.0,8.57,2026-03-18T18:19:02.000975,large_doc_pymupdf_only,,
KOIN_2024.pdf,KOIN,2024,success,,272,258,14,0,272,835831,0,0,0.0,22.08,2026-03-18T18:19:02.064493,large_doc_pymupdf_only,,
KONI_2024.pdf,KONI,2024,success,,236,225,11,0,236,673151,0,0,0.0,9.55,2026-03-18T18:19:09.547494,large_doc_pymupdf_only,,
KONI_2023.pdf,KONI,2023,success,,257,249,8,0,257,578713,0,0,0.0,13.63,2026-03-18T18:19:11.282158,large_doc_pymupdf_only,,
KOPI_2023.pdf,KOPI,2023,success,,211,189,22,0,211,603451,0,0,0.0,9.76,2026-03-18T18:19:12.246680,large_doc_pymupdf_only,,
KOPI_2024.pdf,KOPI,2024,success,,246,226,20,0,246,603955,0,0,0.0,8.21,2026-03-18T18:19:17.908949,large_doc_pymupdf_only,,
KOTA_2022.pdf,KOTA,2022,success,,242,225,17,0,242,631359,0,0,0.0,8.75,2026-03-18T18:19:20.202812,large_doc_pymupdf_only,,
KOTA_2023.pdf,KOTA,2023,success,,266,250,16,0,266,773677,0,0,0.0,8.44,2026-03-18T18:19:20.759978,large_doc_pymupdf_only,,
KOPI_2022.pdf,KOPI,2022,success,,2,0,2,2,0,8939,2258,1877,0.00338,21.62,2026-03-18T18:19:23.893840,,,
KPIG_2023.pdf,KPIG,2023,success,,348,326,22,0,348,998448,0,0,0.0,19.45,2026-03-18T18:19:40.328899,large_doc_pymupdf_only,,
KPIG_2022.pdf,KPIG,2022,success,,344,312,32,0,344,974185,0,0,0.0,22.29,2026-03-18T18:19:42.570926,large_doc_pymupdf_only,,
KOTA_2024.pdf,KOTA,2024,success,,280,247,33,0,280,859614,0,0,0.0,24.61,2026-03-18T18:19:42.619149,large_doc_pymupdf_only,,
KPIG_2024.pdf,KPIG,2024,success,,334,300,34,0,334,1034754,0,0,0.0,18.67,2026-03-18T18:19:42.815142,large_doc_pymupdf_only,,
KREN_2022.pdf,KREN,2022,success,,429,414,15,0,429,1490416,0,0,0.0,32.49,2026-03-18T18:20:15.535183,large_doc_pymupdf_only,,
KRAS_2022.pdf,KRAS,2022,success,,638,601,37,0,638,2193696,0,0,0.0,35.8,2026-03-18T18:20:16.337111,large_doc_pymupdf_only,,
KRAS_2023.pdf,KRAS,2023,success,,678,644,34,0,678,2281963,0,0,0.0,34.59,2026-03-18T18:20:17.258975,large_doc_pymupdf_only,,
KRYA_2022.pdf,KRYA,2022,success,,204,170,34,0,204,381460,0,0,0.0,16.03,2026-03-18T18:20:33.591409,large_doc_pymupdf_only,,
KRAS_2024.pdf,KRAS,2024,success,,661,642,19,0,661,2290933,0,0,0.0,50.87,2026-03-18T18:20:33.649671,large_doc_pymupdf_only,,
KREN_2023.pdf,KREN,2023,success,,393,388,5,0,393,1471116,0,0,0.0,23.33,2026-03-18T18:20:39.216808,large_doc_pymupdf_only,,
KREN_2024.pdf,KREN,2024,success,,421,390,31,0,421,1445933,0,0,0.0,24.93,2026-03-18T18:20:41.476510,large_doc_pymupdf_only,,
KSIX_2024.pdf,KSIX,2024,success,,284,273,11,0,284,950035,0,0,0.0,19.15,2026-03-18T18:20:53.059249,large_doc_pymupdf_only,,
KUAS_2022.pdf,KUAS,2022,success,,256,250,6,0,256,748545,0,0,0.0,17.76,2026-03-18T18:20:57.346553,large_doc_pymupdf_only,,
LABA_2023(1).pdf,,0,failed,Cannot parse year from filename 'LABA_2023(1).pdf',0,0,0,0,0,0,0,0,0.0,0.37,2026-03-18T18:20:57.840476,,,
KUAS_2023.pdf,KUAS,2023,success,,303,288,15,0,303,968727,0,0,0.0,17.76,2026-03-18T18:20:59.423138,large_doc_pymupdf_only,,
LABA_2024(1).pdf,,0,failed,Cannot parse year from filename 'LABA_2024(1).pdf',0,0,0,0,0,0,0,0,0.0,0.37,2026-03-18T18:20:59.972636,,,
LABA_2023.pdf,LABA,2023,success,,1,1,0,1,0,3296,1129,618,0.00120925,7.47,2026-03-18T18:21:05.313360,,,
KUAS_2024.pdf,KUAS,2024,success,,337,334,3,0,337,1035751,0,0,0.0,16.16,2026-03-18T18:21:09.684915,large_doc_pymupdf_only,,
LABA_2024.pdf,LABA,2024,success,,266,252,14,0,266,689881,0,0,0.0,10.52,2026-03-18T18:21:10.489959,large_doc_pymupdf_only,,
LAJU_2022.pdf,LAJU,2022,success,,214,199,15,0,214,482360,0,0,0.0,6.46,2026-03-18T18:21:16.516457,large_doc_pymupdf_only,,
LABS_2024.pdf,LABS,2024,success,,230,213,17,0,230,779426,0,0,0.0,12.44,2026-03-18T18:21:18.136230,large_doc_pymupdf_only,,
LAJU_2024.pdf,LAJU,2024,success,,219,201,18,0,219,551694,0,0,0.0,7.85,2026-03-18T18:21:18.734388,large_doc_pymupdf_only,,
KRYA_2024.pdf,KRYA,2024,success,,501,469,32,0,501,994936,0,0,0.0,45.17,2026-03-18T18:21:18.886066,large_doc_pymupdf_only,,
LCKM_2024.pdf,LCKM,2024,success,,187,162,25,0,187,507092,0,0,0.0,13.85,2026-03-18T18:21:32.917426,large_doc_pymupdf_only,,
LAND_2022.pdf,LAND,2022,success,,232,212,20,0,232,664394,0,0,0.0,16.62,2026-03-18T18:21:33.238651,large_doc_pymupdf_only,,
LAND_2024.pdf,LAND,2024,success,,200,167,33,0,200,492130,0,0,0.0,14.85,2026-03-18T18:21:33.705569,large_doc_pymupdf_only,,
LAND_2023.pdf,LAND,2023,success,,216,194,22,0,216,640018,0,0,0.0,31.87,2026-03-18T18:21:50.153038,large_doc_pymupdf_only,,
LEAD_2022.pdf,LEAD,2022,success,,254,236,18,0,254,837153,0,0,0.0,17.43,2026-03-18T18:21:50.510410,large_doc_pymupdf_only,,
LFLO_2023.pdf,LFLO,2023,success,,145,108,37,0,145,393360,0,0,0.0,17.27,2026-03-18T18:21:51.295032,large_doc_pymupdf_only,,
LEAD_2024.pdf,LEAD,2024,success,,326,321,5,0,326,1042302,0,0,0.0,18.22,2026-03-18T18:21:51.971093,large_doc_pymupdf_only,,
LFLO_2024.pdf,LFLO,2024,success,,286,183,103,0,286,386890,0,0,0.0,13.51,2026-03-18T18:22:05.502479,large_doc_pymupdf_only,,
LIFE_2023.pdf,LIFE,2023,success,,318,300,18,0,318,1460051,0,0,0.0,18.29,2026-03-18T18:22:10.286387,large_doc_pymupdf_only,,
LIFE_2022.pdf,LIFE,2022,success,,482,460,22,0,482,1554489,0,0,0.0,18.85,2026-03-18T18:22:10.844906,large_doc_pymupdf_only,,
LIFE_2024.pdf,LIFE,2024,success,,449,429,20,0,449,1504779,0,0,0.0,18.99,2026-03-18T18:22:10.989765,large_doc_pymupdf_only,,
LINK_2022.pdf,LINK,2022,success,,471,406,65,0,471,1219378,0,0,0.0,17.36,2026-03-18T18:22:23.164475,large_doc_pymupdf_only,,
LION_2023.pdf,LION,2023,success,,214,198,16,0,214,657260,0,0,0.0,13.77,2026-03-18T18:22:24.913296,large_doc_pymupdf_only,,
LINK_2024.pdf,LINK,2024,success,,366,338,28,0,366,1093704,0,0,0.0,14.15,2026-03-18T18:22:25.262754,large_doc_pymupdf_only,,
LINK_2023.pdf,LINK,2023,success,,488,393,95,0,488,1159670,0,0,0.0,21.68,2026-03-18T18:22:32.069883,large_doc_pymupdf_only,,
LIVE_2023.pdf,LIVE,2023,success,,228,206,22,0,228,591587,0,0,0.0,10.23,2026-03-18T18:22:35.501737,large_doc_pymupdf_only,,
LIVE_2024.pdf,LIVE,2024,success,,309,271,38,0,309,806725,0,0,0.0,13.31,2026-03-18T18:22:38.686544,large_doc_pymupdf_only,,
LION_2024.pdf,LION,2024,success,,223,205,18,0,223,643132,0,0,0.0,17.41,2026-03-18T18:22:40.824593,large_doc_pymupdf_only,,
LMPI_2022.pdf,LMPI,2022,success,,150,149,1,0,150,498556,0,0,0.0,9.42,2026-03-18T18:22:41.637673,large_doc_pymupdf_only,,
LMPI_2024.pdf,LMPI,2024,success,,172,170,2,0,172,514447,0,0,0.0,14.85,2026-03-18T18:22:53.694824,large_doc_pymupdf_only,,
LMSH_2023.pdf,LMSH,2023,success,,197,187,10,0,197,648420,0,0,0.0,15.12,2026-03-18T18:22:56.200251,large_doc_pymupdf_only,,
LMSH_2024.pdf,LMSH,2024,success,,2,0,2,2,0,7746,2258,1710,0.0031295,18.49,2026-03-18T18:23:00.757817,,,
LOPI_2023.pdf,LOPI,2023,success,,227,213,14,0,227,658912,0,0,0.0,7.63,2026-03-18T18:23:01.550770,large_doc_pymupdf_only,,
LMPI_2023.pdf,LMPI,2023,success,,162,161,1,0,162,497283,0,0,0.0,27.77,2026-03-18T18:23:03.789665,large_doc_pymupdf_only,,
LPCK_2022.pdf,LPCK,2022,success,,268,250,18,0,268,853197,0,0,0.0,9.22,2026-03-18T18:23:05.606155,large_doc_pymupdf_only,,
LPCK_2024.pdf,LPCK,2024,success,,208,199,9,0,208,910848,0,0,0.0,7.52,2026-03-18T18:23:08.571504,large_doc_pymupdf_only,,
LPGI_2022.pdf,LPGI,2022,success,,2,2,0,2,0,8694,2258,1966,0.0035135,15.54,2026-03-18T18:23:17.450738,,,
LPIN_2022.pdf,LPIN,2022,success,,1,0,1,1,0,3541,1129,775,0.00144475,11.82,2026-03-18T18:23:20.390188,,,
LPIN_2023.pdf,LPIN,2023,success,,1,1,0,1,0,2888,1139,717,0.00136025,4.07,2026-03-18T18:23:21.526229,,,
LPKR_2022.pdf,LPKR,2022,success,,434,419,15,0,434,1486320,0,0,0.0,5.44,2026-03-18T18:23:26.964688,large_doc_pymupdf_only,,
LPGI_2023.pdf,LPGI,2023,success,,3,0,3,3,0,13543,3387,3006,0.00535575,23.3,2026-03-18T18:23:27.203375,,,
LPGI_2024.pdf,LPGI,2024,success,,3,0,3,3,0,13623,3387,2951,0.00527325,24.2,2026-03-18T18:23:29.973611,,,
LPIN_2024.pdf,LPIN,2024,success,,2,2,0,2,0,4773,2278,1269,0.002473,11.55,2026-03-18T18:23:31.936031,,,
LPKR_2024.pdf,LPKR,2024,success,,466,454,12,0,466,1483493,0,0,0.0,6.83,2026-03-18T18:23:33.798865,large_doc_pymupdf_only,,
LRNA_2022.pdf,LRNA,2022,success,,200,170,30,0,200,442599,0,0,0.0,4.73,2026-03-18T18:23:38.531048,large_doc_pymupdf_only,,
LRNA_2024.pdf,LRNA,2024,success,,303,281,22,0,303,724681,0,0,0.0,3.87,2026-03-18T18:23:42.406055,large_doc_pymupdf_only,,
LPPF_2022.pdf,LPPF,2022,success,,4,0,4,4,0,17051,4516,3639,0.0065875,30.71,2026-03-18T18:23:58.003372,,,
LSIP_2022.pdf,LSIP,2022,success,,3,0,3,3,0,7080,3387,1504,0.00310275,16.57,2026-03-18T18:23:58.973696,,,
LPPF_2023.pdf,LPPF,2023,success,,4,0,4,4,0,16674,4516,3449,0.0063025,38.1,2026-03-18T18:24:08.415265,,,
LSIP_2024.pdf,LSIP,2024,success,,227,215,12,0,227,664284,0,0,0.0,26.85,2026-03-18T18:24:25.821681,large_doc_pymupdf_only,,
LSIP_2023.pdf,LSIP,2023,success,,3,0,3,3,0,9857,3387,2237,0.00420225,32.77,2026-03-18T18:24:30.771129,,,
LTLS_2022.pdf,LTLS,2022,success,,4,4,0,4,0,14052,4516,2967,0.0055795,27.41,2026-03-18T18:24:36.290649,,,
LUCK_2022.pdf,LUCK,2022,success,,203,193,10,0,203,719823,0,0,0.0,2.68,2026-03-18T18:24:38.972125,large_doc_pymupdf_only,,
LUCK_2023.pdf,LUCK,2023,success,,225,223,2,0,225,721831,0,0,0.0,2.97,2026-03-18T18:24:41.945753,large_doc_pymupdf_only,,
LTLS_2023.pdf,LTLS,2023,success,,3,3,0,3,0,8829,3387,1980,0.00381675,17.03,2026-03-18T18:24:42.854936,,,
LUCK_2024.pdf,LUCK,2024,success,,231,222,9,0,231,759456,0,0,0.0,2.85,2026-03-18T18:24:44.800484,large_doc_pymupdf_only,,
LPPF_2024.pdf,LPPF,2024,success,,6,0,6,6,0,25122,6774,5312,0.0096615,73.49,2026-03-18T18:24:45.501420,,,
LTLS_2024.pdf,LTLS,2024,success,,3,3,0,3,0,8478,3387,2002,0.00384975,17.48,2026-03-18T18:24:48.251837,,,
LUCY_2023.pdf,LUCY,2023,success,,1,1,0,1,0,4368,1129,805,0.00148975,6.86,2026-03-18T18:24:49.817136,,,
MAHA_2024.pdf,MAHA,2024,success,,2,2,0,2,0,6567,2258,1566,0.0029135,11.22,2026-03-18T18:24:59.476199,,,
MAHA_2023.pdf,MAHA,2023,success,,2,0,2,2,0,6085,2258,1419,0.002693,15.06,2026-03-18T18:25:00.563020,,,
LUCY_2024.pdf,LUCY,2024,success,,2,2,0,2,0,10555,2258,2221,0.003896,16.12,2026-03-18T18:25:00.923651,,,
MANG_2023.pdf,MANG,2023,success,,200,164,36,0,200,604326,0,0,0.0,2.64,2026-03-18T18:25:03.562191,large_doc_pymupdf_only,,
MAIN_2022.pdf,MAIN,2022,success,,2,0,2,2,0,8497,2258,1922,0.0034475,19.56,2026-03-18T18:25:09.380365,,,
MAIN_2024.pdf,MAIN,2024,success,,2,0,2,2,0,8100,2258,1854,0.0033455,14.53,2026-03-18T18:25:15.094826,,,
MAIN_2023.pdf,MAIN,2023,success,,2,0,2,2,0,8696,2258,1971,0.003521,15.73,2026-03-18T18:25:15.211555,,,
MANG_2024.pdf,MANG,2024,success,,237,215,22,0,237,742438,0,0,0.0,162.2,2026-03-18T18:27:45.766711,large_doc_pymupdf_only,,
MAPB_2022.pdf,MAPB,2022,success,,2,2,0,2,0,7999,2258,1640,0.0030245,12.34,2026-03-18T18:27:58.133823,,,
MAPA_2022.pdf,MAPA,2022,success,,2,2,0,2,0,8620,2258,1810,0.0032795,13.85,2026-03-18T18:27:59.636452,,,
MAPA_2023.pdf,MAPA,2023,success,,2,0,2,2,0,8635,2258,1810,0.0032795,14.82,2026-03-18T18:28:00.613465,,,
MAPA_2024.pdf,MAPA,2024,success,,2,2,0,2,0,8725,2258,1841,0.003326,17.31,2026-03-18T18:28:03.104337,,,
MAPB_2024.pdf,MAPB,2024,success,,1,0,1,1,0,8391,1129,1712,0.00285025,9.78,2026-03-18T18:28:09.420963,,,
MAPI_2022.pdf,MAPI,2022,success,,2,2,0,2,0,8589,2258,1804,0.0032705,10.47,2026-03-18T18:28:11.086648,,,
MAPB_2023.pdf,MAPB,2023,success,,1,0,1,1,0,8455,1129,1719,0.00286075,13.91,2026-03-18T18:28:12.046805,,,
MARK_2022.pdf,MARK,2022,success,,271,251,20,0,271,798513,0,0,0.0,5.06,2026-03-18T18:28:14.486689,large_doc_pymupdf_only,,
MARK_2023.pdf,MARK,2023,success,,242,232,10,0,242,840855,0,0,0.0,7.84,2026-03-18T18:28:19.022924,large_doc_pymupdf_only,,
MARK_2024.pdf,MARK,2024,success,,268,253,15,0,268,877433,0,0,0.0,7.52,2026-03-18T18:28:19.762084,large_doc_pymupdf_only,,
MAPI_2023.pdf,MAPI,2023,success,,2,0,2,2,0,8591,2258,1798,0.0032615,21.67,2026-03-18T18:28:24.777988,,,
MASA_2022.pdf,MASA,2022,success,,2,0,2,2,0,8899,2258,1938,0.0034715,15.35,2026-03-18T18:28:30.065557,,,
MASA_2024.pdf,MASA,2024,success,,2,0,2,2,0,8564,2258,1912,0.0034325,13.32,2026-03-18T18:28:33.078079,,,
MASA_2023.pdf,MASA,2023,success,,2,0,2,2,0,8473,2258,1795,0.003257,15.55,2026-03-18T18:28:34.610229,,,
MASB_2022.pdf,MASB,2022,success,,2,0,2,2,0,8238,2258,1737,0.00317,14.05,2026-03-18T18:28:38.825103,,,
MAXI_2024.pdf,MAXI,2024,success,,320,296,24,0,320,1073133,0,0,0.0,5.91,2026-03-18T18:28:40.524835,large_doc_pymupdf_only,,
MASB_2023.pdf,MASB,2023,success,,2,0,2,2,0,6926,2258,1589,0.002948,15.95,2026-03-18T18:28:46.020206,,,
MASB_2024.pdf,MASB,2024,success,,4,0,4,4,0,10179,4516,2439,0.0047875,23.0,2026-03-18T18:28:56.075741,,,
MAYA_2023.pdf,MAYA,2023,success,,2,0,2,2,0,11710,2258,2513,0.004334,16.48,2026-03-18T18:28:57.008321,,,
MAYA_2022.pdf,MAYA,2022,success,,2,0,2,2,0,8429,2258,1933,0.003464,21.22,2026-03-18T18:29:00.119781,,,
MAYA_2024.pdf,MAYA,2024,success,,3,3,0,3,0,14550,3387,3043,0.00541125,18.18,2026-03-18T18:29:04.204678,,,
MBAP_2024.pdf,MBAP,2024,success,,1,0,1,1,0,3593,1129,716,0.00135625,7.22,2026-03-18T18:29:07.340351,,,
MBAP_2022.pdf,MBAP,2022,success,,2,0,2,2,0,8200,2258,1843,0.003329,14.19,2026-03-18T18:29:10.270588,,,
MBMA_2022.pdf,MBMA,2022,success,,2,2,0,2,0,8702,2258,1705,0.003122,10.29,2026-03-18T18:29:14.492625,,,
MBAP_2023.pdf,MBAP,2023,success,,2,0,2,2,0,8206,2258,1830,0.0033095,19.75,2026-03-18T18:29:16.758099,,,
MBMA_2023.pdf,MBMA,2023,success,,2,2,0,2,0,7768,2258,1740,0.0031745,12.51,2026-03-18T18:29:19.852954,,,
MBSS_2022.pdf,MBSS,2022,success,,1,0,1,1,0,4241,1129,834,0.00153325,8.32,2026-03-18T18:29:22.809376,,,
MBMA_2024.pdf,MBMA,2024,success,,2,2,0,2,0,9101,2258,1985,0.003542,13.47,2026-03-18T18:29:23.736262,,,
MBTO_2023.pdf,MBTO,2023,success,,1,1,0,1,0,4669,1129,1072,0.00189025,7.81,2026-03-18T18:29:31.548730,,,
MBSS_2024.pdf,MBSS,2024,success,,2,0,2,2,0,7642,2258,1665,0.003062,13.43,2026-03-18T18:29:33.288567,,,
MBSS_2023.pdf,MBSS,2023,success,,2,0,2,2,0,8268,2258,1721,0.003146,18.8,2026-03-18T18:29:35.555752,,,
MBTO_2022.pdf,MBTO,2022,success,,2,0,2,2,0,8600,2258,1885,0.003392,15.32,2026-03-18T18:29:38.129685,,,
MBTO_2024.pdf,MBTO,2024,success,,1,1,0,1,0,4709,1129,964,0.00172825,6.62,2026-03-18T18:29:38.167514,,,
MCAS_2022.pdf,MCAS,2022,success,,429,426,3,0,429,1727679,0,0,0.0,10.92,2026-03-18T18:29:44.209639,large_doc_pymupdf_only,,
MCAS_2023.pdf,MCAS,2023,success,,444,439,5,0,444,1739248,0,0,0.0,13.21,2026-03-18T18:29:48.825756,large_doc_pymupdf_only,,
MCAS_2024.pdf,MCAS,2024,success,,552,543,9,0,552,1942506,0,0,0.0,13.64,2026-03-18T18:29:51.932183,large_doc_pymupdf_only,,
MCOL_2022.pdf,MCOL,2022,success,,3,3,0,3,0,10173,3387,2483,0.00457125,19.49,2026-03-18T18:29:57.984612,,,
MCOL_2023.pdf,MCOL,2023,success,,2,0,2,2,0,8352,2258,1791,0.003251,18.21,2026-03-18T18:30:02.614388,,,
MCOR_2022.pdf,MCOR,2022,success,,2,2,0,2,0,7027,2258,1616,0.0029885,10.97,2026-03-18T18:30:02.903297,,,
MCOL_2024.pdf,MCOL,2024,success,,2,0,2,2,0,9339,2258,1983,0.003539,14.64,2026-03-18T18:30:03.669322,,,
MDIA_2022.pdf,MDIA,2022,success,,1,0,1,1,0,3278,1129,731,0.00137875,6.66,2026-03-18T18:30:09.559987,,,
MCOR_2023.pdf,MCOR,2023,success,,2,2,0,2,0,7025,2258,1536,0.0028685,11.71,2026-03-18T18:30:09.690751,,,
MDIA_2023.pdf,MDIA,2023,success,,1,0,1,1,0,2881,1129,711,0.00134875,6.93,2026-03-18T18:30:10.601603,,,
MDKA_2022.pdf,MDKA,2022,success,,1,1,0,1,0,4708,1129,1008,0.00179425,6.14,2026-03-18T18:30:15.827269,,,
MCOR_2024.pdf,MCOR,2024,success,,2,2,0,2,0,4968,2258,1127,0.002255,13.62,2026-03-18T18:30:16.231866,,,
MDIY_2024.pdf,MDIY,2024,success,,2,2,0,2,0,7989,2258,1692,0.0031025,13.37,2026-03-18T18:30:22.934283,,,
MDKA_2023.pdf,MDKA,2023,success,,2,2,0,2,0,8859,2258,1920,0.0034445,16.39,2026-03-18T18:30:26.989309,,,
MDKI_2022.pdf,MDKI,2022,success,,1,0,1,1,0,3802,1129,719,0.00136075,11.55,2026-03-18T18:30:27.786458,,,
MDKI_2023.pdf,MDKI,2023,success,,1,0,1,1,0,4284,1129,846,0.00155125,6.09,2026-03-18T18:30:29.021715,,,
MDKA_2024.pdf,MDKA,2024,success,,3,3,0,3,0,11632,3387,2460,0.00453675,17.92,2026-03-18T18:30:33.749092,,,
MDKI_2024.pdf,MDKI,2024,success,,1,0,1,1,0,3641,1129,720,0.00136225,7.93,2026-03-18T18:30:41.711103,,,
MDLA_2024.pdf,MDLA,2024,success,,268,254,14,0,268,786448,0,0,0.0,10.78,2026-03-18T18:30:44.559616,large_doc_pymupdf_only,,
MDLN_2023.pdf,MDLN,2023,success,,343,328,15,0,343,1151094,0,0,0.0,14.11,2026-03-18T18:30:47.894921,large_doc_pymupdf_only,,
MDLN_2022.pdf,MDLN,2022,success,,387,380,7,0,387,1316227,0,0,0.0,15.96,2026-03-18T18:30:49.746291,large_doc_pymupdf_only,,
MDRN_2022.pdf,MDRN,2022,success,,234,214,20,0,234,516497,0,0,0.0,5.85,2026-03-18T18:30:50.587738,large_doc_pymupdf_only,,
MDRN_2023.pdf,MDRN,2023,success,,243,222,21,0,243,543799,0,0,0.0,7.16,2026-03-18T18:30:55.308664,large_doc_pymupdf_only,,
MDLN_2024.pdf,MDLN,2024,success,,351,330,21,0,351,1168415,0,0,0.0,16.47,2026-03-18T18:30:58.283937,large_doc_pymupdf_only,,
MDRN_2024.pdf,MDRN,2024,success,,245,225,20,0,245,584908,0,0,0.0,11.33,2026-03-18T18:31:01.156760,large_doc_pymupdf_only,,
MEDC_2022.pdf,MEDC,2022,success,,534,502,32,0,534,1812554,0,0,0.0,23.24,2026-03-18T18:31:14.164912,large_doc_pymupdf_only,,
MEDC_2023.pdf,MEDC,2023,success,,506,488,18,0,506,1661236,0,0,0.0,21.57,2026-03-18T18:31:17.228141,large_doc_pymupdf_only,,
MEDC_2024.pdf,MEDC,2024,success,,506,487,19,0,506,1674924,0,0,0.0,22.13,2026-03-18T18:31:20.768996,large_doc_pymupdf_only,,
MEGA_2022.pdf,MEGA,2022,success,,568,537,31,0,568,1628998,0,0,0.0,20.98,2026-03-18T18:31:22.375109,large_doc_pymupdf_only,,
MEJA_2023.pdf,MEJA,2023,success,,148,59,89,0,148,164828,0,0,0.0,11.83,2026-03-18T18:31:33.290838,large_doc_pymupdf_only,,
MEJA_2024.pdf,MEJA,2024,success,,148,59,89,0,148,164828,0,0,0.0,11.74,2026-03-18T18:31:34.403764,large_doc_pymupdf_only,,
MEGA_2023.pdf,MEGA,2023,success,,514,485,29,0,514,1478772,0,0,0.0,27.25,2026-03-18T18:31:41.662547,large_doc_pymupdf_only,,
MENN_2023.pdf,MENN,2023,success,,205,187,18,0,205,630668,0,0,0.0,10.66,2026-03-18T18:31:44.195527,large_doc_pymupdf_only,,
MENN_2024.pdf,MENN,2024,success,,219,205,14,0,219,630925,0,0,0.0,9.54,2026-03-18T18:31:44.349610,large_doc_pymupdf_only,,
MEGA_2024.pdf,MEGA,2024,success,,566,539,27,0,566,1700364,0,0,0.0,27.75,2026-03-18T18:31:45.078448,large_doc_pymupdf_only,,
MERK_2022.pdf,MERK,2022,success,,249,245,4,0,249,756532,0,0,0.0,9.12,2026-03-18T18:31:50.888878,large_doc_pymupdf_only,,
MERK_2024.pdf,MERK,2024,success,,282,260,22,0,282,714213,0,0,0.0,9.01,2026-03-18T18:31:53.541911,large_doc_pymupdf_only,,
MERK_2023.pdf,MERK,2023,success,,288,261,27,0,288,684295,0,0,0.0,11.19,2026-03-18T18:31:55.508576,large_doc_pymupdf_only,,
META_2022.pdf,META,2022,success,,375,347,28,0,375,1210786,0,0,0.0,21.25,2026-03-18T18:32:06.562913,large_doc_pymupdf_only,,
MFIN_2022.pdf,MFIN,2022,success,,258,247,11,0,258,748515,0,0,0.0,22.71,2026-03-18T18:32:18.314360,large_doc_pymupdf_only,,
META_2024.pdf,META,2024,success,,364,345,19,0,364,1130925,0,0,0.0,25.18,2026-03-18T18:32:18.909126,large_doc_pymupdf_only,,
MFIN_2023.pdf,MFIN,2023,success,,354,333,21,0,354,1080477,0,0,0.0,19.68,2026-03-18T18:32:26.308173,large_doc_pymupdf_only,,
MFIN_2024.pdf,MFIN,2024,success,,1,1,0,1,0,7481,1129,1546,0.00260125,8.92,2026-03-18T18:32:27.316515,,,
MFMI_2022.pdf,MFMI,2022,success,,176,162,14,0,176,517961,0,0,0.0,9.1,2026-03-18T18:32:28.047173,large_doc_pymupdf_only,,
META_2023.pdf,META,2023,success,,384,355,29,0,384,1244849,0,0,0.0,44.31,2026-03-18T18:32:35.338414,large_doc_pymupdf_only,,
MFMI_2023.pdf,MFMI,2023,success,,183,172,11,0,183,586040,0,0,0.0,10.18,2026-03-18T18:32:36.652642,large_doc_pymupdf_only,,
MFMI_2024.pdf,MFMI,2024,success,,184,167,17,0,184,577452,0,0,0.0,10.31,2026-03-18T18:32:37.906938,large_doc_pymupdf_only,,
MGLV_2022.pdf,MGLV,2022,success,,248,217,31,0,248,772312,0,0,0.0,14.32,2026-03-18T18:32:42.509563,large_doc_pymupdf_only,,
MGNA_2022.pdf,MGNA,2022,success,,199,188,11,0,199,724033,0,0,0.0,13.22,2026-03-18T18:32:50.143663,large_doc_pymupdf_only,,
MGNA_2023.pdf,MGNA,2023,success,,196,178,18,0,196,730266,0,0,0.0,13.93,2026-03-18T18:32:52.180018,large_doc_pymupdf_only,,
MGLV_2023.pdf,MGLV,2023,success,,253,239,14,0,253,764141,0,0,0.0,18.24,2026-03-18T18:32:53.757922,large_doc_pymupdf_only,,
MGNA_2024.pdf,MGNA,2024,success,,285,251,34,0,285,773936,0,0,0.0,13.9,2026-03-18T18:32:57.001078,large_doc_pymupdf_only,,
MHKI_2023.pdf,MHKI,2023,success,,203,174,29,0,203,566579,0,0,0.0,11.39,2026-03-18T18:33:08.647489,large_doc_pymupdf_only,,
MGRO_2022.pdf,MGRO,2022,success,,406,384,22,0,406,1390856,0,0,0.0,20.93,2026-03-18T18:33:11.304059,large_doc_pymupdf_only,,
MGRO_2023.pdf,MGRO,2023,success,,424,397,27,0,424,1450240,0,0,0.0,19.26,2026-03-18T18:33:11.724571,large_doc_pymupdf_only,,
MGRO_2024.pdf,MGRO,2024,success,,446,421,25,0,446,1585279,0,0,0.0,19.87,2026-03-18T18:33:13.942312,large_doc_pymupdf_only,,
MHKI_2024.pdf,MHKI,2024,success,,304,279,25,0,304,835362,0,0,0.0,14.48,2026-03-18T18:33:23.211793,large_doc_pymupdf_only,,
MICE_2024.pdf,MICE,2024,success,,416,406,10,0,416,1432645,0,0,0.0,15.18,2026-03-18T18:33:27.160740,large_doc_pymupdf_only,,
MIDI_2022.pdf,MIDI,2022,success,,336,313,23,0,336,1055776,0,0,0.0,15.03,2026-03-18T18:33:29.093459,large_doc_pymupdf_only,,
MICE_2023.pdf,MICE,2023,success,,420,401,19,0,420,1395551,0,0,0.0,18.6,2026-03-18T18:33:30.030572,large_doc_pymupdf_only,,
MIDI_2023.pdf,MIDI,2023,success,,318,294,24,0,318,975139,0,0,0.0,16.96,2026-03-18T18:33:40.320251,large_doc_pymupdf_only,,
MIDI_2024.pdf,MIDI,2024,success,,312,303,9,0,312,949436,0,0,0.0,25.51,2026-03-18T18:33:52.918736,large_doc_pymupdf_only,,
MIKA_2022.pdf,MIKA,2022,success,,390,368,22,0,390,1110031,0,0,0.0,24.38,2026-03-18T18:33:54.129673,large_doc_pymupdf_only,,
MIKA_2023.pdf,MIKA,2023,success,,392,378,14,0,392,1203847,0,0,0.0,25.03,2026-03-18T18:33:55.504325,large_doc_pymupdf_only,,
MINA_2024.pdf,MINA,2024,success,,220,214,6,0,220,575553,0,0,0.0,10.33,2026-03-18T18:34:04.591370,large_doc_pymupdf_only,,
MINA_2022.pdf,MINA,2022,success,,224,222,2,0,224,690862,0,0,0.0,11.97,2026-03-18T18:34:05.062003,large_doc_pymupdf_only,,
MIKA_2024.pdf,MIKA,2024,success,,426,402,24,0,426,1244069,0,0,0.0,25.0,2026-03-18T18:34:05.635760,large_doc_pymupdf_only,,
MIRA_2024.pdf,MIRA,2024,success,,213,207,6,0,213,592361,0,0,0.0,9.98,2026-03-18T18:34:15.638928,large_doc_pymupdf_only,,
MIRA_2022.pdf,MIRA,2022,success,,209,199,10,0,209,588579,0,0,0.0,11.15,2026-03-18T18:34:16.809393,large_doc_pymupdf_only,,
MIRA_2023.pdf,MIRA,2023,success,,212,202,10,0,212,602075,0,0,0.0,11.41,2026-03-18T18:34:17.070366,large_doc_pymupdf_only,,
MINE_2024.pdf,MINE,2024,success,,202,174,28,0,202,643830,0,0,0.0,12.33,2026-03-18T18:34:17.984939,large_doc_pymupdf_only,,
MKAP_2023.pdf,MKAP,2023,success,,246,227,19,0,246,817420,0,0,0.0,14.96,2026-03-18T18:34:33.284661,large_doc_pymupdf_only,,
MITI_2023.pdf,MITI,2023,success,,270,242,28,0,270,803029,0,0,0.0,17.28,2026-03-18T18:34:34.402860,large_doc_pymupdf_only,,
MITI_2022.pdf,MITI,2022,success,,245,213,32,0,245,732413,0,0,0.0,18.69,2026-03-18T18:34:34.456092,large_doc_pymupdf_only,,
MITI_2024.pdf,MITI,2024,success,,270,240,30,0,270,806971,0,0,0.0,22.1,2026-03-18T18:34:39.390777,large_doc_pymupdf_only,,
MKNT_2023.pdf,MKNT,2023,success,,75,67,8,0,75,251596,0,0,0.0,4.3,2026-03-18T18:34:39.496478,large_doc_pymupdf_only,,
MKAP_2024.pdf,MKAP,2024,success,,288,266,22,0,288,895059,0,0,0.0,12.36,2026-03-18T18:34:45.961132,large_doc_pymupdf_only,,
MKPI_2023.pdf,MKPI,2023,success,,222,213,9,0,222,788967,0,0,0.0,8.28,2026-03-18T18:34:47.860735,large_doc_pymupdf_only,,
MKPI_2022.pdf,MKPI,2022,success,,210,201,9,0,210,740561,0,0,0.0,9.08,2026-03-18T18:34:48.545511,large_doc_pymupdf_only,,
MKPI_2024.pdf,MKPI,2024,success,,216,214,2,0,216,770767,0,0,0.0,5.74,2026-03-18T18:34:51.871707,large_doc_pymupdf_only,,
MLBI_2022.pdf,MLBI,2022,success,,1,0,1,1,0,4415,1129,797,0.00147775,7.69,2026-03-18T18:34:56.444950,,,
MKNT_2022.pdf,MKNT,2022,success,,3,0,3,3,0,13982,3387,3056,0.00543075,26.97,2026-03-18T18:35:01.602216,,,
MLIA_2023.pdf,MLIA,2023,success,,290,278,12,0,290,829981,0,0,0.0,4.53,2026-03-18T18:35:06.132123,large_doc_pymupdf_only,,
MLBI_2023.pdf,MLBI,2023,success,,2,2,0,2,0,9572,2258,1950,0.0034895,16.45,2026-03-18T18:35:08.324230,,,
MLIA_2024.pdf,MLIA,2024,success,,310,286,24,0,310,832295,0,0,0.0,3.62,2026-03-18T18:35:09.749909,large_doc_pymupdf_only,,
MLBI_2024.pdf,MLBI,2024,success,,2,0,2,2,0,9640,2258,1978,0.0035315,16.22,2026-03-18T18:35:12.664237,,,
MKTR_2024.pdf,MKTR,2024,success,,5,0,5,5,0,11922,5645,2964,0.00585725,30.11,2026-03-18T18:35:18.113719,,,
MLPL_2024.pdf,MLPL,2024,success,,1,0,1,1,0,4328,1129,903,0.00163675,6.82,2026-03-18T18:35:19.486733,,,
MLPL_2023.pdf,MLPL,2023,success,,1,0,1,1,0,4433,1129,981,0.00175375,10.3,2026-03-18T18:35:20.049394,,,
MLPL_2022.pdf,MLPL,2022,success,,1,0,1,1,0,4596,1129,960,0.00172225,17.03,2026-03-18T18:35:25.466053,,,
MLPT_2022.pdf,MLPT,2022,success,,314,306,8,0,314,985819,0,0,0.0,7.55,2026-03-18T18:35:25.663236,large_doc_pymupdf_only,,
MLPT_2023.pdf,MLPT,2023,success,,327,312,15,0,327,944557,0,0,0.0,12.32,2026-03-18T18:35:31.838683,large_doc_pymupdf_only,,
MLPT_2024.pdf,MLPT,2024,success,,344,332,12,0,344,1001092,0,0,0.0,20.97,2026-03-18T18:35:41.194573,large_doc_pymupdf_only,,
MMIX_2022.pdf,MMIX,2022,success,,264,254,10,0,264,723559,0,0,0.0,16.75,2026-03-18T18:35:42.522151,large_doc_pymupdf_only,,
MMIX_2023.pdf,MMIX,2023,success,,349,323,26,0,349,967144,0,0,0.0,20.81,2026-03-18T18:35:46.781543,large_doc_pymupdf_only,,
MMLP_2022.pdf,MMLP,2022,success,,206,184,22,0,206,579684,0,0,0.0,13.42,2026-03-18T18:35:54.877719,large_doc_pymupdf_only,,
MMLP_2023.pdf,MMLP,2023,success,,242,224,18,0,242,697517,0,0,0.0,13.67,2026-03-18T18:35:56.509861,large_doc_pymupdf_only,,
MMLP_2024.pdf,MMLP,2024,success,,301,265,36,0,301,893890,0,0,0.0,15.71,2026-03-18T18:36:02.729078,large_doc_pymupdf_only,,
MMIX_2024.pdf,MMIX,2024,success,,388,359,29,0,388,1064683,0,0,0.0,32.72,2026-03-18T18:36:05.015602,large_doc_pymupdf_only,,
MOLI_2022.pdf,MOLI,2022,success,,2,0,2,2,0,8692,2258,1765,0.003212,15.26,2026-03-18T18:36:12.019451,,,
MOLI_2024.pdf,MOLI,2024,success,,1,0,1,1,0,4556,1129,889,0.00161575,7.26,2026-03-18T18:36:12.275369,,,
MNCN_2022.pdf,MNCN,2022,success,,2,0,2,2,0,10351,2258,2317,0.00404,19.52,2026-03-18T18:36:14.733161,,,
MOLI_2023.pdf,MOLI,2023,success,,2,0,2,2,0,9664,2258,2065,0.003662,16.8,2026-03-18T18:36:19.584292,,,
MORA_2023.pdf,MORA,2023,success,,372,343,29,0,372,1159117,0,0,0.0,10.86,2026-03-18T18:36:22.876278,large_doc_pymupdf_only,,
MORA_2024.pdf,MORA,2024,success,,348,324,24,0,348,1095878,0,0,0.0,12.76,2026-03-18T18:36:25.119905,large_doc_pymupdf_only,,
MPIX_2023.pdf,MPIX,2023,success,,334,316,18,0,334,950330,0,0,0.0,14.68,2026-03-18T18:36:29.655910,large_doc_pymupdf_only,,
MPMX_2023.pdf,MPMX,2023,success,,1,1,0,1,0,4260,1129,762,0.00142525,7.56,2026-03-18T18:36:32.753174,,,
MPIX_2024.pdf,MPIX,2024,success,,309,293,16,0,309,690250,0,0,0.0,18.03,2026-03-18T18:36:37.883656,large_doc_pymupdf_only,,
MPOW_2024.pdf,MPOW,2024,success,,158,148,10,0,158,484499,0,0,0.0,6.05,2026-03-18T18:36:38.946038,large_doc_pymupdf_only,,
MPMX_2022.pdf,MPMX,2022,success,,2,2,0,2,0,9265,2258,1802,0.0032675,17.31,2026-03-18T18:36:40.461991,,,
MPMX_2024.pdf,MPMX,2024,success,,2,0,2,2,0,9708,2258,1974,0.0035255,18.26,2026-03-18T18:36:48.037699,,,
MPRO_2023.pdf,MPRO,2023,success,,182,171,11,0,182,583234,0,0,0.0,2.36,2026-03-18T18:36:50.400479,large_doc_pymupdf_only,,
MPPA_2022.pdf,MPPA,2022,success,,1,0,1,1,0,8005,1129,1767,0.00293275,13.01,2026-03-18T18:36:50.987778,,,
MPPA_2023.pdf,MPPA,2023,success,,2,0,2,2,0,9360,2258,1941,0.003476,15.79,2026-03-18T18:36:54.732367,,,
MPXL_2023.pdf,MPXL,2023,success,,258,168,90,0,258,436258,0,0,0.0,5.88,2026-03-18T18:36:56.934819,large_doc_pymupdf_only,,
MPRO_2024.pdf,MPRO,2024,success,,197,188,9,0,197,603845,0,0,0.0,7.56,2026-03-18T18:36:57.962714,large_doc_pymupdf_only,,
MPPA_2024.pdf,MPPA,2024,success,,2,0,2,2,0,8722,2258,1840,0.0033245,19.59,2026-03-18T18:37:00.056230,,,
MREI_2022.pdf,MREI,2022,success,,288,279,9,0,288,979539,0,0,0.0,7.05,2026-03-18T18:37:07.125176,large_doc_pymupdf_only,,
MREI_2023.pdf,MREI,2023,success,,1,0,1,1,0,4352,1129,894,0.00162325,5.97,2026-03-18T18:37:13.100763,,,
MRAT_2023.pdf,MRAT,2023,success,,2,0,2,2,0,9218,2258,1899,0.003413,17.43,2026-03-18T18:37:17.510936,,,
MPXL_2024.pdf,MPXL,2024,success,,2,0,2,2,0,5485,2258,1331,0.002561,18.93,2026-03-18T18:37:19.007153,,,
MREI_2024.pdf,MREI,2024,success,,1,0,1,1,0,4318,1129,885,0.00160975,6.92,2026-03-18T18:37:20.024355,,,
MSIE_2023.pdf,MSIE,2023,success,,246,221,25,0,246,653586,0,0,0.0,7.12,2026-03-18T18:37:24.635450,large_doc_pymupdf_only,,
MSIE_2024.pdf,MSIE,2024,success,,262,252,10,0,262,720800,0,0,0.0,6.76,2026-03-18T18:37:25.828995,large_doc_pymupdf_only,,
MSIN_2022.pdf,MSIN,2022,success,,2,0,2,2,0,9398,2258,2157,0.0038,16.24,2026-03-18T18:37:36.492757,,,
MRAT_2024.pdf,MRAT,2024,success,,2,0,2,2,0,7794,2246,1710,0.0031265,37.3,2026-03-18T18:37:37.381401,,,
MSIN_2023.pdf,MSIN,2023,success,,2,0,2,2,0,10159,2258,2251,0.003941,14.65,2026-03-18T18:37:39.341267,,,
MSJA_2024.pdf,MSJA,2024,success,,1,1,0,1,0,3800,1129,900,0.00163225,7.55,2026-03-18T18:37:44.928719,,,
MSIN_2024.pdf,MSIN,2024,success,,2,0,2,2,0,9272,2258,2009,0.003578,19.1,2026-03-18T18:37:44.931672,,,
MSJA_2023.pdf,MSJA,2023,success,,2,2,0,2,0,8042,2258,1801,0.003266,14.98,2026-03-18T18:37:51.475115,,,
MSKY_2023.pdf,MSKY,2023,success,,1,0,1,1,0,4118,1129,817,0.00150775,7.93,2026-03-18T18:37:52.862821,,,
MSKY_2024.pdf,MSKY,2024,success,,1,0,1,1,0,4506,1129,890,0.00161725,9.62,2026-03-18T18:37:54.557911,,,
MSKY_2022.pdf,MSKY,2022,success,,2,0,2,2,0,10618,2258,2288,0.0039965,18.36,2026-03-18T18:37:57.701407,,,
MSTI_2023.pdf,MSTI,2023,success,,320,306,14,0,320,1118439,0,0,0.0,13.2,2026-03-18T18:38:04.676790,large_doc_pymupdf_only,,
MTDL_2022.pdf,MTDL,2022,success,,255,237,18,0,255,776295,0,0,0.0,12.48,2026-03-18T18:38:07.260244,large_doc_pymupdf_only,,
MSTI_2024.pdf,MSTI,2024,success,,339,329,10,0,339,1100684,0,0,0.0,16.18,2026-03-18T18:38:09.194430,large_doc_pymupdf_only,,
MTDL_2023.pdf,MTDL,2023,success,,255,232,23,0,255,749886,0,0,0.0,15.89,2026-03-18T18:38:13.864337,large_doc_pymupdf_only,,
MTDL_2024.pdf,MTDL,2024,success,,263,245,18,0,263,757129,0,0,0.0,14.17,2026-03-18T18:38:19.086216,large_doc_pymupdf_only,,
MTEL_2022.pdf,MTEL,2022,success,,468,444,24,0,468,1606369,0,0,0.0,18.06,2026-03-18T18:38:25.639085,large_doc_pymupdf_only,,
MTEL_2023.pdf,MTEL,2023,success,,484,453,31,0,484,1681865,0,0,0.0,17.78,2026-03-18T18:38:27.080267,large_doc_pymupdf_only,,
MTEL_2024.pdf,MTEL,2024,success,,544,512,32,0,544,1716919,0,0,0.0,17.39,2026-03-18T18:38:31.470165,large_doc_pymupdf_only,,
MTFN_2024.pdf,MTFN,2024,success,,1,0,1,1,0,3883,1129,754,0.00141325,9.52,2026-03-18T18:38:35.359707,,,
MTLA_2022.pdf,MTLA,2022,success,,434,416,18,0,434,1464609,0,0,0.0,10.6,2026-03-18T18:38:37.811260,large_doc_pymupdf_only,,
MTLA_2023.pdf,MTLA,2023,success,,391,365,26,0,391,1357468,0,0,0.0,10.47,2026-03-18T18:38:42.075722,large_doc_pymupdf_only,,
MTMH_2022.pdf,MTMH,2022,success,,138,132,6,0,138,474444,0,0,0.0,6.35,2026-03-18T18:38:44.356746,large_doc_pymupdf_only,,
MTFN_2022.pdf,MTFN,2022,success,,2,2,0,2,0,7855,2258,1467,0.002765,29.32,2026-03-18T18:38:48.635561,,,
MTLA_2024.pdf,MTLA,2024,success,,391,370,21,0,391,1392278,0,0,0.0,13.3,2026-03-18T18:38:48.765658,large_doc_pymupdf_only,,
MTMH_2024.pdf,MTMH,2024,success,,284,282,2,0,284,1029050,0,0,0.0,10.84,2026-03-18T18:38:53.179920,large_doc_pymupdf_only,,
MTPS_2022.pdf,MTPS,2022,success,,328,314,14,0,328,1064172,0,0,0.0,10.61,2026-03-18T18:38:55.134935,large_doc_pymupdf_only,,
MTPS_2024.pdf,MTPS,2024,success,,300,270,30,0,300,988254,0,0,0.0,10.0,2026-03-18T18:38:59.086980,large_doc_pymupdf_only,,
MTPS_2023.pdf,MTPS,2023,success,,292,216,76,0,292,689713,0,0,0.0,10.38,2026-03-18T18:38:59.331044,large_doc_pymupdf_only,,
MTWI_2022.pdf,MTWI,2022,success,,1,0,1,1,0,3641,1129,802,0.00148525,7.84,2026-03-18T18:39:01.160776,,,
MTWI_2023.pdf,MTWI,2023,success,,306,296,10,0,306,967315,0,0,0.0,8.08,2026-03-18T18:39:03.392196,large_doc_pymupdf_only,,
MTWI_2024.pdf,MTWI,2024,success,,318,309,9,0,318,1029363,0,0,0.0,10.4,2026-03-18T18:39:09.640297,large_doc_pymupdf_only,,
MUTU_2024.pdf,MUTU,2024,success,,286,259,27,0,286,815929,0,0,0.0,11.87,2026-03-18T18:39:11.374715,large_doc_pymupdf_only,,
MYOH_2023.pdf,MYOH,2023,success,,260,241,19,0,260,748649,0,0,0.0,8.77,2026-03-18T18:39:12.301014,large_doc_pymupdf_only,,
MYOR_2023.pdf,MYOR,2023,success,,1,0,1,1,0,4640,1129,1075,0.00189475,8.03,2026-03-18T18:39:20.330413,,,
MYOR_2022.pdf,MYOR,2022,success,,1,0,1,1,0,4745,1129,1020,0.00181225,9.53,2026-03-18T18:39:20.998115,,,
MYOH_2022.pdf,MYOH,2022,success,,2,0,2,2,0,8378,2258,1917,0.00344,20.95,2026-03-18T18:39:22.395003,,,
MYOR_2024.pdf,MYOR,2024,success,,220,198,22,0,220,699382,0,0,0.0,4.68,2026-03-18T18:39:25.008364,large_doc_pymupdf_only,,
MYOH_2024.pdf,MYOH,2024,success,,2,0,2,2,0,8362,2258,1880,0.0033845,15.99,2026-03-18T18:39:25.801990,,,
NAIK_2024.pdf,NAIK,2024,success,,218,204,14,0,218,499901,0,0,0.0,4.61,2026-03-18T18:39:27.360453,large_doc_pymupdf_only,,
NANO_2022.pdf,NANO,2022,success,,1,0,1,1,0,3951,1129,893,0.00162175,8.34,2026-03-18T18:39:33.471493,,,
NANO_2024.pdf,NANO,2024,success,,1,1,0,1,0,3294,1129,715,0.00135475,6.78,2026-03-18T18:39:34.139427,,,
NANO_2023.pdf,NANO,2023,success,,1,0,1,1,0,3775,1129,912,0.00165025,9.47,2026-03-18T18:39:35.385067,,,
NASA_2022.pdf,NASA,2022,success,,218,200,18,0,218,637269,0,0,0.0,2.53,2026-03-18T18:39:35.998057,large_doc_pymupdf_only,,
MYTX_2024.pdf,MYTX,2024,success,,3,0,3,3,0,13970,3387,2773,0.00500625,23.58,2026-03-18T18:39:44.696198,,,
NASI_2022.pdf,NASI,2022,success,,173,159,14,0,173,513614,0,0,0.0,7.19,2026-03-18T18:39:51.925150,large_doc_pymupdf_only,,
NASA_2024.pdf,NASA,2024,success,,221,194,27,0,221,638866,0,0,0.0,8.65,2026-03-18T18:39:53.381792,large_doc_pymupdf_only,,
NASA_2023.pdf,NASA,2023,success,,214,188,26,0,214,632445,0,0,0.0,8.87,2026-03-18T18:39:53.608284,large_doc_pymupdf_only,,
NASI_2023.pdf,NASI,2023,success,,2,2,0,2,0,8795,2258,2077,0.00368,17.25,2026-03-18T18:40:01.984061,,,
NATO_2022.pdf,NATO,2022,success,,1,0,1,1,0,4574,1117,947,0.00169975,9.66,2026-03-18T18:40:03.147781,,,
NASI_2024.pdf,NASI,2024,success,,2,0,2,2,0,8284,2258,1939,0.003473,15.09,2026-03-18T18:40:07.220707,,,
NAYZ_2022.pdf,NAYZ,2022,success,,174,163,11,0,174,403005,0,0,0.0,4.68,2026-03-18T18:40:07.918160,large_doc_pymupdf_only,,
NATO_2024.pdf,NATO,2024,success,,213,195,18,0,213,659169,0,0,0.0,6.04,2026-03-18T18:40:08.026544,large_doc_pymupdf_only,,
NATO_2023.pdf,NATO,2023,success,,2,0,2,2,0,8778,2258,1913,0.003434,18.9,2026-03-18T18:40:12.759745,,,
NCKL_2022.pdf,NCKL,2022,success,,2,0,2,2,0,6054,2258,1356,0.0025985,18.09,2026-03-18T18:40:25.454892,,,
NCKL_2024.pdf,NCKL,2024,success,,3,3,0,3,0,8407,3387,1947,0.00376725,18.71,2026-03-18T18:40:27.009174,,,
NELY_2022.pdf,NELY,2022,success,,168,150,18,0,168,520046,0,0,0.0,23.76,2026-03-18T18:40:36.518468,large_doc_pymupdf_only,,
NCKL_2023.pdf,NCKL,2023,success,,3,0,3,3,0,8599,3387,1966,0.00379575,31.02,2026-03-18T18:40:38.964741,,,
NELY_2023.pdf,NELY,2023,success,,236,225,11,0,236,676013,0,0,0.0,17.39,2026-03-18T18:40:43.174395,large_doc_pymupdf_only,,
NELY_2024.pdf,NELY,2024,success,,229,213,16,0,229,666299,0,0,0.0,16.2,2026-03-18T18:40:43.812931,large_doc_pymupdf_only,,
NETV_2022.pdf,NETV,2022,success,,1,0,1,1,0,4349,1129,938,0.00168925,9.0,2026-03-18T18:40:48.385787,,,
NFCX_2022.pdf,NFCX,2022,success,,366,356,10,0,366,1300258,0,0,0.0,3.72,2026-03-18T18:40:52.107151,large_doc_pymupdf_only,,
NETV_2024.pdf,NETV,2024,success,,1,1,0,1,0,3952,1129,840,0.00154225,8.84,2026-03-18T18:40:52.656750,,,
NETV_2023.pdf,NETV,2023,success,,1,0,1,1,0,5948,1129,1151,0.00200875,11.13,2026-03-18T18:40:54.399775,,,
NEST_2024.pdf,NEST,2024,success,,2,2,0,2,0,9836,2258,2128,0.0037565,18.12,2026-03-18T18:40:54.844320,,,
NICE_2024.pdf,NICE,2024,success,,1,0,1,1,0,4310,1129,833,0.00153175,8.31,2026-03-18T18:41:03.720707,,,
NFCX_2023.pdf,NFCX,2023,success,,384,373,11,0,384,1300908,0,0,0.0,12.89,2026-03-18T18:41:04.997066,large_doc_pymupdf_only,,
NFCX_2024.pdf,NFCX,2024,success,,428,412,16,0,428,1522247,0,0,0.0,15.23,2026-03-18T18:41:07.998163,large_doc_pymupdf_only,,
NICK_2023.pdf,NICK,2023,success,,238,217,21,0,238,612168,0,0,0.0,6.42,2026-03-18T18:41:10.345168,large_doc_pymupdf_only,,
NICE_2023.pdf,NICE,2023,success,,2,0,2,2,0,5654,2258,1255,0.002447,16.34,2026-03-18T18:41:10.991281,,,
NICK_2024.pdf,NICK,2024,success,,274,255,19,0,274,701646,0,0,0.0,6.69,2026-03-18T18:41:11.782109,large_doc_pymupdf_only,,
NICL_2022.pdf,NICL,2022,success,,2,0,2,2,0,7937,2258,1727,0.003155,12.12,2026-03-18T18:41:20.188360,,,
NIKL_2022.pdf,NIKL,2022,success,,1,0,1,1,0,4800,1129,987,0.00176275,10.27,2026-03-18T18:41:22.053922,,,
NICL_2024.pdf,NICL,2024,success,,2,0,2,2,0,8556,2258,1842,0.0033275,17.47,2026-03-18T18:41:28.644161,,,
NICL_2023.pdf,NICL,2023,success,,2,0,2,2,0,8314,2258,1754,0.0031955,20.42,2026-03-18T18:41:30.890088,,,
NINE_2022.pdf,NINE,2022,success,,147,146,1,0,147,433943,0,0,0.0,4.06,2026-03-18T18:41:32.703692,large_doc_pymupdf_only,,
NIRO_2022.pdf,NIRO,2022,success,,321,302,19,0,321,1016652,0,0,0.0,4.96,2026-03-18T18:41:37.662584,large_doc_pymupdf_only,,
NIKL_2024.pdf,NIKL,2024,success,,2,0,2,2,0,9220,2258,1937,0.00347,16.8,2026-03-18T18:41:38.857173,,,
NIKL_2023.pdf,NIKL,2023,success,,2,0,2,2,0,9813,2258,2165,0.003812,19.47,2026-03-18T18:41:39.657131,,,
NIRO_2023.pdf,NIRO,2023,success,,374,356,18,0,374,1185326,0,0,0.0,8.73,2026-03-18T18:41:46.392192,large_doc_pymupdf_only,,
NIRO_2024.pdf,NIRO,2024,success,,369,361,8,0,369,1087840,0,0,0.0,9.65,2026-03-18T18:41:48.529438,large_doc_pymupdf_only,,
NISP_2022.pdf,NISP,2022,success,,398,387,11,0,398,1487605,0,0,0.0,9.63,2026-03-18T18:41:49.544283,large_doc_pymupdf_only,,
NOBU_2022.pdf,NOBU,2022,success,,2,0,2,2,0,8058,2258,1594,0.0029555,16.26,2026-03-18T18:42:05.800114,,,
NOBU_2023.pdf,NOBU,2023,success,,1,0,1,1,0,4325,1129,896,0.00162625,8.06,2026-03-18T18:42:13.857393,,,
NINE_2024.pdf,NINE,2024,success,,4,4,0,4,0,15840,4516,3436,0.006283,47.51,2026-03-18T18:42:18.506291,,,
NISP_2023.pdf,NISP,2023,success,,5,5,0,5,0,19404,5645,4069,0.00751475,34.67,2026-03-18T18:42:21.221267,,,
NOBU_2024.pdf,NOBU,2024,success,,2,0,2,2,0,7795,2258,1578,0.0029315,13.23,2026-03-18T18:42:27.084986,,,
NISP_2024.pdf,NISP,2024,success,,6,0,6,6,0,23487,6774,5018,0.0092205,42.11,2026-03-18T18:42:30.680787,,,
NPGF_2022.pdf,NPGF,2022,success,,2,0,2,2,0,8375,2258,1742,0.0031775,14.9,2026-03-18T18:42:33.418124,,,
NRCA_2022.pdf,NRCA,2022,success,,288,267,21,0,288,840807,0,0,0.0,3.77,2026-03-18T18:42:34.455247,large_doc_pymupdf_only,,
NPGF_2023.pdf,NPGF,2023,success,,2,1,1,2,0,8485,2258,1774,0.0032255,16.53,2026-03-18T18:42:37.749320,,,
NRCA_2023.pdf,NRCA,2023,success,,298,278,20,0,298,874495,0,0,0.0,7.65,2026-03-18T18:42:41.147082,large_doc_pymupdf_only,,
NRCA_2024.pdf,NRCA,2024,success,,308,287,21,0,308,895471,0,0,0.0,6.83,2026-03-18T18:42:41.714128,large_doc_pymupdf_only,,
NPGF_2024.pdf,NPGF,2024,success,,2,0,2,2,0,8619,2258,1901,0.003416,19.59,2026-03-18T18:42:46.673371,,,
NSSS_2022.pdf,NSSS,2022,success,,3,0,3,3,0,9562,3387,2294,0.00428775,18.41,2026-03-18T18:42:56.330325,,,
NTBK_2022.pdf,NTBK,2022,success,,192,174,18,0,192,497300,0,0,0.0,5.47,2026-03-18T18:43:01.823502,large_doc_pymupdf_only,,
NTBK_2023.pdf,NTBK,2023,success,,226,206,20,0,226,669886,0,0,0.0,5.97,2026-03-18T18:43:02.336919,large_doc_pymupdf_only,,
NZIA_2022.pdf,NZIA,2022,success,,181,171,10,0,181,520200,0,0,0.0,5.89,2026-03-18T18:43:08.383514,large_doc_pymupdf_only,,
NZIA_2023.pdf,NZIA,2023,success,,187,184,3,0,187,554552,0,0,0.0,5.77,2026-03-18T18:43:14.216873,large_doc_pymupdf_only,,
NTBK_2024.pdf,NTBK,2024,success,,250,229,21,0,250,734570,0,0,0.0,13.89,2026-03-18T18:43:15.805453,large_doc_pymupdf_only,,
NSSS_2023.pdf,NSSS,2023,success,,3,3,0,3,0,9300,3387,2134,0.00404775,19.64,2026-03-18T18:43:15.996664,,,
NSSS_2024.pdf,NSSS,2024,success,,3,3,0,3,0,9375,3387,2167,0.00409725,21.8,2026-03-18T18:43:18.150827,,,
NZIA_2024.pdf,NZIA,2024,success,,191,188,3,0,191,576050,0,0,0.0,7.91,2026-03-18T18:43:22.248651,large_doc_pymupdf_only,,
OASA_2024.pdf,OASA,2024,success,,1,0,1,1,0,5071,1129,1349,0.00230575,10.61,2026-03-18T18:43:28.975092,,,
OASA_2022.pdf,OASA,2022,success,,289,270,19,0,289,834848,0,0,0.0,13.25,2026-03-18T18:43:29.136856,large_doc_pymupdf_only,,
OASA_2023.pdf,OASA,2023,success,,208,195,13,0,208,944128,0,0,0.0,13.02,2026-03-18T18:43:29.167823,large_doc_pymupdf_only,,
OBMD_2022.pdf,OBMD,2022,success,,153,134,19,0,153,431924,0,0,0.0,8.39,2026-03-18T18:43:30.902637,large_doc_pymupdf_only,,
OBMD_2023.pdf,OBMD,2023,success,,151,129,22,0,151,465430,0,0,0.0,10.38,2026-03-18T18:43:39.602709,large_doc_pymupdf_only,,
OBMD_2024.pdf,OBMD,2024,success,,186,169,17,0,186,539393,0,0,0.0,12.68,2026-03-18T18:43:42.023643,large_doc_pymupdf_only,,
OCAP_2024.pdf,OCAP,2024,success,,183,0,183,0,183,0,0,0,0.0,12.98,2026-03-18T18:43:42.410181,large_doc_pymupdf_only,,
OILS_2022.pdf,OILS,2022,success,,137,79,58,0,137,203795,0,0,0.0,11.92,2026-03-18T18:43:43.183866,large_doc_pymupdf_only,,
OILS_2023.pdf,OILS,2023,success,,131,97,34,0,131,429226,0,0,0.0,13.45,2026-03-18T18:43:53.441548,large_doc_pymupdf_only,,
OILS_2024.pdf,OILS,2024,success,,209,180,29,0,209,554570,0,0,0.0,17.3,2026-03-18T18:43:59.555403,large_doc_pymupdf_only,,
OKAS_2022.pdf,OKAS,2022,success,,400,384,16,0,400,1409186,0,0,0.0,23.83,2026-03-18T18:44:06.518890,large_doc_pymupdf_only,,
OLIV_2022.pdf,OLIV,2022,success,,218,123,95,0,218,348321,0,0,0.0,6.74,2026-03-18T18:44:06.531693,large_doc_pymupdf_only,,
OKAS_2023.pdf,OKAS,2023,success,,375,357,18,0,375,1293893,0,0,0.0,24.68,2026-03-18T18:44:08.175399,large_doc_pymupdf_only,,
OKAS_2024.pdf,OKAS,2024,success,,457,453,4,0,457,1495969,0,0,0.0,22.05,2026-03-18T18:44:15.734201,large_doc_pymupdf_only,,
OLIV_2023.pdf,OLIV,2023,success,,265,236,29,0,265,808144,0,0,0.0,12.81,2026-03-18T18:44:19.505431,large_doc_pymupdf_only,,
OLIV_2024.pdf,OLIV,2024,success,,304,0,304,0,304,0,0,0,0.0,13.49,2026-03-18T18:44:20.258642,large_doc_pymupdf_only,,
OMED_2022.pdf,OMED,2022,success,,303,283,20,0,303,984080,0,0,0.0,15.58,2026-03-18T18:44:24.032752,large_doc_pymupdf_only,,
OMED_2023.pdf,OMED,2023,success,,308,286,22,0,308,988806,0,0,0.0,13.59,2026-03-18T18:44:29.673339,large_doc_pymupdf_only,,
OMRE_2024(1).pdf,,0,failed,Cannot parse year from filename 'OMRE_2024(1).pdf',0,0,0,0,0,0,0,0,0.0,0.36,2026-03-18T18:44:30.365544,,,
OMRE_2022.pdf,OMRE,2022,success,,154,147,7,0,154,741883,0,0,0.0,10.11,2026-03-18T18:44:30.675019,large_doc_pymupdf_only,,
OMRE_2023.pdf,OMRE,2023,success,,146,134,12,0,146,688387,0,0,0.0,9.76,2026-03-18T18:44:34.010330,large_doc_pymupdf_only,,
OMED_2024.pdf,OMED,2024,success,,365,354,11,0,365,1179110,0,0,0.0,19.4,2026-03-18T18:44:39.130696,large_doc_pymupdf_only,,
OPMS_2022.pdf,OPMS,2022,success,,207,194,13,0,207,521427,0,0,0.0,9.03,2026-03-18T18:44:39.952668,large_doc_pymupdf_only,,
OMRE_2024.pdf,OMRE,2024,success,,204,184,20,0,204,720322,0,0,0.0,15.11,2026-03-18T18:44:45.475987,large_doc_pymupdf_only,,
OPMS_2023.pdf,OPMS,2023,success,,214,197,17,0,214,568589,0,0,0.0,13.12,2026-03-18T18:44:47.374680,large_doc_pymupdf_only,,
OPMS_2024.pdf,OPMS,2024,success,,256,243,13,0,256,673131,0,0,0.0,10.91,2026-03-18T18:44:50.383167,large_doc_pymupdf_only,,
PACK_2022.pdf,PACK,2022,success,,253,227,26,0,253,597729,0,0,0.0,15.63,2026-03-18T18:44:55.675707,large_doc_pymupdf_only,,
PACK_2023.pdf,PACK,2023,success,,222,199,23,0,222,571212,0,0,0.0,12.93,2026-03-18T18:44:59.023765,large_doc_pymupdf_only,,
PADA_2023.pdf,PADA,2023,success,,289,269,20,0,289,831969,0,0,0.0,14.99,2026-03-18T18:45:10.886768,large_doc_pymupdf_only,,
PACK_2024.pdf,PACK,2024,success,,297,260,37,0,297,668878,0,0,0.0,23.45,2026-03-18T18:45:10.949057,large_doc_pymupdf_only,,
PADA_2024.pdf,PADA,2024,success,,285,259,26,0,285,817296,0,0,0.0,16.99,2026-03-18T18:45:16.290754,large_doc_pymupdf_only,,
PADI_2022.pdf,PADI,2022,success,,219,205,14,0,219,722496,0,0,0.0,13.52,2026-03-18T18:45:24.681431,large_doc_pymupdf_only,,
PADA_2022.pdf,PADA,2022,success,,273,245,28,0,273,785273,0,0,0.0,34.23,2026-03-18T18:45:24.885227,large_doc_pymupdf_only,,
PADI_2023.pdf,PADI,2023,success,,217,204,13,0,217,695800,0,0,0.0,13.69,2026-03-18T18:45:25.000014,large_doc_pymupdf_only,,
PADI_2024.pdf,PADI,2024,success,,205,188,17,0,205,686958,0,0,0.0,11.69,2026-03-18T18:45:28.435563,large_doc_pymupdf_only,,
PALM_2023.pdf,PALM,2023,success,,1,1,0,1,0,3727,1129,761,0.00142375,6.58,2026-03-18T18:45:31.692096,,,
PALM_2022.pdf,PALM,2022,success,,238,224,14,0,238,733396,0,0,0.0,7.18,2026-03-18T18:45:32.118472,large_doc_pymupdf_only,,
PAMG_2023.pdf,PAMG,2023,success,,239,225,14,0,239,728456,0,0,0.0,10.38,2026-03-18T18:45:38.989786,large_doc_pymupdf_only,,
PALM_2024.pdf,PALM,2024,success,,257,236,21,0,257,890428,0,0,0.0,15.17,2026-03-18T18:45:40.744036,large_doc_pymupdf_only,,
PANI_2022.pdf,PANI,2022,success,,258,234,24,0,258,774210,0,0,0.0,10.79,2026-03-18T18:45:43.190266,large_doc_pymupdf_only,,
PAMG_2024.pdf,PAMG,2024,success,,295,276,19,0,295,913134,0,0,0.0,12.3,2026-03-18T18:45:44.116604,large_doc_pymupdf_only,,
PANI_2023.pdf,PANI,2023,success,,263,164,99,0,263,557184,0,0,0.0,6.41,2026-03-18T18:45:45.538640,large_doc_pymupdf_only,,
PANR_2023.pdf,PANR,2023,success,,1,1,0,1,0,4269,1129,821,0.00151375,10.31,2026-03-18T18:45:55.889002,,,
PANR_2022.pdf,PANR,2022,success,,256,223,33,0,256,788931,0,0,0.0,13.45,2026-03-18T18:45:59.017919,large_doc_pymupdf_only,,
PANR_2024.pdf,PANR,2024,success,,214,209,5,0,214,1174456,0,0,0.0,16.69,2026-03-18T18:46:02.265460,large_doc_pymupdf_only,,
PANI_2024.pdf,PANI,2024,success,,311,296,15,0,311,988516,0,0,0.0,27.85,2026-03-18T18:46:13.412916,large_doc_pymupdf_only,,
PANS_2022.pdf,PANS,2022,success,,400,394,6,0,400,1492482,0,0,0.0,20.69,2026-03-18T18:46:16.735076,large_doc_pymupdf_only,,
PANS_2023.pdf,PANS,2023,success,,450,434,16,0,450,1536731,0,0,0.0,21.12,2026-03-18T18:46:20.590162,large_doc_pymupdf_only,,
PART_2024.pdf,PART,2024,success,,113,71,42,0,113,305834,0,0,0.0,7.27,2026-03-18T18:46:20.951558,large_doc_pymupdf_only,,
PANS_2024.pdf,PANS,2024,success,,464,462,2,0,464,1640596,0,0,0.0,22.43,2026-03-18T18:46:24.949937,large_doc_pymupdf_only,,
PBID_2022.pdf,PBID,2022,success,,191,188,3,0,191,853091,0,0,0.0,15.27,2026-03-18T18:46:32.150450,large_doc_pymupdf_only,,
PBID_2023.pdf,PBID,2023,success,,200,190,10,0,200,817426,0,0,0.0,14.81,2026-03-18T18:46:35.565378,large_doc_pymupdf_only,,
PBID_2024.pdf,PBID,2024,success,,213,211,2,0,213,892889,0,0,0.0,17.0,2026-03-18T18:46:38.277690,large_doc_pymupdf_only,,
PBRX_2023.pdf,PBRX,2023,success,,96,88,8,0,96,625882,0,0,0.0,13.6,2026-03-18T18:46:46.281090,large_doc_pymupdf_only,,
PBSA_2022.pdf,PBSA,2022,success,,268,249,19,0,268,830523,0,0,0.0,17.96,2026-03-18T18:46:56.388830,large_doc_pymupdf_only,,
PBRX_2024.pdf,PBRX,2024,success,,309,283,26,0,309,1066451,0,0,0.0,30.4,2026-03-18T18:47:06.377610,large_doc_pymupdf_only,,
PBSA_2023.pdf,PBSA,2023,success,,260,212,48,0,260,637832,0,0,0.0,25.62,2026-03-18T18:47:12.121153,large_doc_pymupdf_only,,
PCAR_2023.pdf,PCAR,2023,success,,223,214,9,0,223,569373,0,0,0.0,15.49,2026-03-18T18:47:28.186609,large_doc_pymupdf_only,,
PCAR_2022.pdf,PCAR,2022,success,,204,186,18,0,204,502078,0,0,0.0,23.73,2026-03-18T18:47:30.355560,large_doc_pymupdf_only,,
PCAR_2024.pdf,PCAR,2024,success,,230,214,16,0,230,635257,0,0,0.0,16.59,2026-03-18T18:47:45.331782,large_doc_pymupdf_only,,
PDES_2022.pdf,PDES,2022,success,,150,141,9,0,150,691575,0,0,0.0,22.89,2026-03-18T18:47:53.944663,large_doc_pymupdf_only,,
PDES_2023.pdf,PDES,2023,success,,146,145,1,0,146,698947,0,0,0.0,22.42,2026-03-18T18:48:07.906849,large_doc_pymupdf_only,,
PDES_2024.pdf,PDES,2024,success,,147,145,2,0,147,744377,0,0,0.0,20.3,2026-03-18T18:48:15.193004,large_doc_pymupdf_only,,
PDPP_2022.pdf,PDPP,2022,success,,302,219,83,0,302,576949,0,0,0.0,25.53,2026-03-18T18:48:33.801157,large_doc_pymupdf_only,,
PDPP_2023.pdf,PDPP,2023,success,,335,312,23,0,335,975632,0,0,0.0,29.27,2026-03-18T18:48:45.044654,large_doc_pymupdf_only,,
PEGE_2022.pdf,PEGE,2022,success,,200,190,10,0,200,498907,0,0,0.0,13.59,2026-03-18T18:48:59.370380,large_doc_pymupdf_only,,
PDPP_2024.pdf,PDPP,2024,success,,330,299,31,0,330,1047762,0,0,0.0,25.37,2026-03-18T18:48:59.528171,large_doc_pymupdf_only,,
PEGE_2024.pdf,PEGE,2024,success,,208,197,11,0,208,519709,0,0,0.0,13.26,2026-03-18T18:49:13.583218,large_doc_pymupdf_only,,
PEGE_2023.pdf,PEGE,2023,success,,208,192,16,0,208,529655,0,0,0.0,14.65,2026-03-18T18:49:14.358292,large_doc_pymupdf_only,,
PEHA_2022.pdf,PEHA,2022,success,,678,668,10,0,678,1849445,0,0,0.0,36.46,2026-03-18T18:49:50.664158,large_doc_pymupdf_only,,
PEHA_2023.pdf,PEHA,2023,success,,5,5,0,5,0,17320,5645,3617,0.00683675,42.02,2026-03-18T18:49:56.964281,,,
PEVE_2022.pdf,PEVE,2022,success,,212,197,15,0,212,657458,0,0,0.0,19.83,2026-03-18T18:50:17.332701,large_doc_pymupdf_only,,
PEHA_2024.pdf,PEHA,2024,success,,655,625,30,0,655,1803249,0,0,0.0,39.17,2026-03-18T18:50:30.390759,large_doc_pymupdf_only,,
PEVE_2023.pdf,PEVE,2023,success,,2,2,0,2,0,8838,2258,1977,0.00353,18.41,2026-03-18T18:50:36.434512,,,
PEVE_2024.pdf,PEVE,2024,success,,2,2,0,2,0,8683,2258,1981,0.003536,21.15,2026-03-18T18:50:51.936720,,,
PGAS_2022.pdf,PGAS,2022,success,,683,663,20,0,683,2297829,0,0,0.0,37.92,2026-03-18T18:51:14.652649,large_doc_pymupdf_only,,
PGAS_2023.pdf,PGAS,2023,success,,772,752,20,0,772,2653451,0,0,0.0,45.42,2026-03-18T18:51:37.985207,large_doc_pymupdf_only,,
PGEO_2022.pdf,PGEO,2022,success,,389,384,5,0,389,1040576,0,0,0.0,26.05,2026-03-18T18:52:04.484731,large_doc_pymupdf_only,,
PGAS_2024.pdf,PGAS,2024,success,,840,810,30,0,840,3026390,0,0,0.0,58.88,2026-03-18T18:52:14.207543,large_doc_pymupdf_only,,
PGEO_2023.pdf,PGEO,2023,success,,830,794,36,0,830,2041867,0,0,0.0,42.52,2026-03-18T18:52:47.393747,large_doc_pymupdf_only,,
PGEO_2024.pdf,PGEO,2024,success,,774,743,31,0,774,2161820,0,0,0.0,40.76,2026-03-18T18:52:55.089978,large_doc_pymupdf_only,,
PGJO_2023.pdf,PGJO,2023,success,,181,157,24,0,181,471127,0,0,0.0,31.2,2026-03-18T18:53:26.675814,large_doc_pymupdf_only,,
PGJO_2022.pdf,PGJO,2022,success,,181,165,16,0,181,354819,0,0,0.0,44.09,2026-03-18T18:53:31.999987,large_doc_pymupdf_only,,
PGJO_2024.pdf,PGJO,2024,success,,195,169,26,0,195,504265,0,0,0.0,27.11,2026-03-18T18:53:53.937979,large_doc_pymupdf_only,,
PGLI_2022.pdf,PGLI,2022,success,,259,229,30,0,259,672191,0,0,0.0,27.66,2026-03-18T18:54:00.196531,large_doc_pymupdf_only,,
PBRX_2022.pdf,PBRX,2022,success,,126,52,74,0,126,378747,0,0,0.0,462.1,2026-03-18T18:54:07.236410,large_doc_pymupdf_only,,
PGUN_2022.pdf,PGUN,2022,success,,258,241,17,0,258,549612,0,0,0.0,14.3,2026-03-18T18:54:14.671107,large_doc_pymupdf_only,,
PGLI_2023.pdf,PGLI,2023,success,,268,251,17,0,268,709992,0,0,0.0,27.37,2026-03-18T18:54:21.928097,large_doc_pymupdf_only,,
PGUN_2023.pdf,PGUN,2023,success,,194,167,27,0,194,476337,0,0,0.0,14.7,2026-03-18T18:54:22.446781,large_doc_pymupdf_only,,
PGUN_2024.pdf,PGUN,2024,success,,176,165,11,0,176,505081,0,0,0.0,9.17,2026-03-18T18:54:24.161301,large_doc_pymupdf_only,,
PICO_2022.pdf,PICO,2022,success,,1,0,1,1,0,4291,1129,927,0.00167275,8.54,2026-03-18T18:54:30.906235,,,
PBSA_2024.pdf,PBSA,2024,success,,303,283,20,0,303,861310,0,0,0.0,1361.36,2026-03-18T19:09:37.856805,large_doc_pymupdf_only,,
PICO_2024.pdf,PICO,2024,success,,214,214,0,0,214,689377,0,0,0.0,13.85,2026-03-18T19:09:51.765661,large_doc_pymupdf_only,,
PIPA_2024.pdf,PIPA,2024,success,,164,158,6,0,164,576999,0,0,0.0,15.06,2026-03-18T19:09:52.989232,large_doc_pymupdf_only,,
PICO_2023.pdf,PICO,2023,success,,216,213,3,0,216,622103,0,0,0.0,15.12,2026-03-18T19:09:53.015195,large_doc_pymupdf_only,,
PIPA_2023.pdf,PIPA,2023,success,,173,107,66,0,173,281911,0,0,0.0,22.94,2026-03-18T19:10:00.868428,large_doc_pymupdf_only,,
PJAA_2022.pdf,PJAA,2022,success,,368,359,9,0,368,1256506,0,0,0.0,17.94,2026-03-18T19:10:10.377827,large_doc_pymupdf_only,,
PKPK_2022.pdf,PKPK,2022,success,,268,245,23,0,268,638685,0,0,0.0,9.25,2026-03-18T19:10:10.431068,large_doc_pymupdf_only,,
PJAA_2024.pdf,PJAA,2024,success,,353,327,26,0,353,1160624,0,0,0.0,16.88,2026-03-18T19:10:10.462505,large_doc_pymupdf_only,,
PJAA_2023.pdf,PJAA,2023,success,,334,313,21,0,334,1109865,0,0,0.0,23.55,2026-03-18T19:10:16.816515,large_doc_pymupdf_only,,
PLAN_2022.pdf,PLAN,2022,success,,50,48,2,0,50,105138,0,0,0.0,10.19,2026-03-18T19:10:20.814063,large_doc_pymupdf_only,,
PLAN_2023.pdf,PLAN,2023,success,,53,51,2,0,53,116847,0,0,0.0,5.03,2026-03-18T19:10:22.300639,large_doc_pymupdf_only,,
PKPK_2023.pdf,PKPK,2023,success,,292,275,17,0,292,836460,0,0,0.0,16.09,2026-03-18T19:10:26.583496,large_doc_pymupdf_only,,
PKPK_2024.pdf,PKPK,2024,success,,146,137,9,0,146,864787,0,0,0.0,16.11,2026-03-18T19:10:26.630569,large_doc_pymupdf_only,,
PLIN_2023.pdf,PLIN,2023,success,,280,260,20,0,280,897181,0,0,0.0,11.79,2026-03-18T19:10:32.784660,large_doc_pymupdf_only,,
PLIN_2024.pdf,PLIN,2024,success,,294,267,27,0,294,863383,0,0,0.0,12.99,2026-03-18T19:10:35.613028,large_doc_pymupdf_only,,
PMJS_2023.pdf,PMJS,2023,success,,230,201,29,0,230,694318,0,0,0.0,12.87,2026-03-18T19:10:39.978595,large_doc_pymupdf_only,,
PMJS_2024.pdf,PMJS,2024,success,,236,208,28,0,236,709493,0,0,0.0,12.9,2026-03-18T19:10:45.910107,large_doc_pymupdf_only,,
PMJS_2022.pdf,PMJS,2022,success,,226,196,30,0,226,670046,0,0,0.0,19.24,2026-03-18T19:10:46.062842,large_doc_pymupdf_only,,
PMMP_2022.pdf,PMMP,2022,success,,285,276,9,0,285,928603,0,0,0.0,11.75,2026-03-18T19:10:47.708809,large_doc_pymupdf_only,,
PMMP_2023.pdf,PMMP,2023,success,,283,273,10,0,283,897288,0,0,0.0,11.91,2026-03-18T19:10:52.047391,large_doc_pymupdf_only,,
PNBS_2022.pdf,PNBS,2022,success,,364,230,134,0,364,837960,0,0,0.0,25.74,2026-03-18T19:11:18.367190,large_doc_pymupdf_only,,
PNBN_2022.pdf,PNBN,2022,success,,888,700,188,0,888,2578378,0,0,0.0,34.38,2026-03-18T19:11:20.509265,large_doc_pymupdf_only,,
PNBN_2024.pdf,PNBN,2024,success,,908,897,11,0,908,3493162,0,0,0.0,33.81,2026-03-18T19:11:21.806051,large_doc_pymupdf_only,,
PNBN_2023.pdf,PNBN,2023,success,,926,908,18,0,926,3370274,0,0,0.0,38.68,2026-03-18T19:11:25.008036,large_doc_pymupdf_only,,
PNGO_2022.pdf,PNGO,2022,success,,346,328,18,0,346,1074530,0,0,0.0,14.7,2026-03-18T19:11:36.758664,large_doc_pymupdf_only,,
PNBS_2024.pdf,PNBS,2024,success,,399,373,26,0,399,1365809,0,0,0.0,17.85,2026-03-18T19:11:38.654143,large_doc_pymupdf_only,,
PNGO_2023.pdf,PNGO,2023,success,,376,359,17,0,376,1137645,0,0,0.0,17.96,2026-03-18T19:11:43.076566,large_doc_pymupdf_only,,
PNBS_2023.pdf,PNBS,2023,success,,694,680,14,0,694,2414477,0,0,0.0,28.31,2026-03-18T19:11:47.017209,large_doc_pymupdf_only,,
PNIN_2022.pdf,PNIN,2022,success,,259,245,14,0,259,855285,0,0,0.0,11.35,2026-03-18T19:11:50.237570,large_doc_pymupdf_only,,
PNGO_2024.pdf,PNGO,2024,success,,320,300,20,0,320,1073744,0,0,0.0,13.98,2026-03-18T19:11:50.844924,large_doc_pymupdf_only,,
PNIN_2023.pdf,PNIN,2023,success,,439,433,6,0,439,1585964,0,0,0.0,20.96,2026-03-18T19:12:04.119628,large_doc_pymupdf_only,,
PNLF_2022.pdf,PNLF,2022,success,,307,296,11,0,307,962585,0,0,0.0,16.8,2026-03-18T19:12:07.292332,large_doc_pymupdf_only,,
PNIN_2024.pdf,PNIN,2024,success,,440,435,5,0,440,1606005,0,0,0.0,21.61,2026-03-18T19:12:08.714044,large_doc_pymupdf_only,,
PNLF_2023.pdf,PNLF,2023,success,,485,483,2,0,485,1735839,0,0,0.0,25.82,2026-03-18T19:12:17.066840,large_doc_pymupdf_only,,
PNSE_2022.pdf,PNSE,2022,success,,234,220,14,0,234,824537,0,0,0.0,15.42,2026-03-18T19:12:22.970577,large_doc_pymupdf_only,,
PNSE_2023.pdf,PNSE,2023,success,,225,209,16,0,225,774027,0,0,0.0,14.48,2026-03-18T19:12:23.664075,large_doc_pymupdf_only,,
PNLF_2024.pdf,PNLF,2024,success,,479,477,2,0,479,1710751,0,0,0.0,26.91,2026-03-18T19:12:31.122392,large_doc_pymupdf_only,,
PNSE_2024.pdf,PNSE,2024,success,,234,217,17,0,234,797361,0,0,0.0,13.79,2026-03-18T19:12:31.372501,large_doc_pymupdf_only,,
POLA_2022.pdf,POLA,2022,success,,167,154,13,0,167,445014,0,0,0.0,9.15,2026-03-18T19:12:32.451758,large_doc_pymupdf_only,,
POLA_2023.pdf,POLA,2023,success,,187,169,18,0,187,600021,0,0,0.0,11.64,2026-03-18T19:12:35.644020,large_doc_pymupdf_only,,
POLA_2024.pdf,POLA,2024,success,,225,203,22,0,225,740152,0,0,0.0,13.87,2026-03-18T19:12:45.065214,large_doc_pymupdf_only,,
POLI_2022.pdf,POLI,2022,success,,323,306,17,0,323,986375,0,0,0.0,17.52,2026-03-18T19:12:49.251274,large_doc_pymupdf_only,,
POLI_2024.pdf,POLI,2024,success,,288,277,11,0,288,924656,0,0,0.0,19.29,2026-03-18T19:12:55.299415,large_doc_pymupdf_only,,
POLL_2022.pdf,POLL,2022,success,,143,133,10,0,143,330680,0,0,0.0,9.81,2026-03-18T19:12:55.331684,large_doc_pymupdf_only,,
POLI_2023.pdf,POLI,2023,success,,320,297,23,0,320,899722,0,0,0.0,25.44,2026-03-18T19:12:58.027551,large_doc_pymupdf_only,,
POLL_2023.pdf,POLL,2023,success,,137,125,12,0,137,293269,0,0,0.0,8.8,2026-03-18T19:12:58.374902,large_doc_pymupdf_only,,
POLL_2024.pdf,POLL,2024,success,,108,106,2,0,108,382149,0,0,0.0,4.82,2026-03-18T19:13:00.376043,large_doc_pymupdf_only,,
POLU_2022.pdf,POLU,2022,success,,171,151,20,0,171,477780,0,0,0.0,12.79,2026-03-18T19:13:08.575152,large_doc_pymupdf_only,,
POLU_2023.pdf,POLU,2023,success,,175,156,19,0,175,422875,0,0,0.0,10.85,2026-03-18T19:13:08.931423,large_doc_pymupdf_only,,
POLU_2024.pdf,POLU,2024,success,,167,145,22,0,167,411587,0,0,0.0,11.09,2026-03-18T19:13:09.594975,large_doc_pymupdf_only,,
POLY_2022.pdf,POLY,2022,success,,303,291,12,0,303,974816,0,0,0.0,10.34,2026-03-18T19:13:11.035041,large_doc_pymupdf_only,,
POOL_2022.pdf,POOL,2022,success,,167,153,14,0,167,444967,0,0,0.0,15.41,2026-03-18T19:13:26.472090,large_doc_pymupdf_only,,
POOL_2024.pdf,POOL,2024,success,,225,203,22,0,225,740152,0,0,0.0,16.52,2026-03-18T19:13:27.585509,large_doc_pymupdf_only,,
POLY_2023.pdf,POLY,2023,success,,304,286,18,0,304,913334,0,0,0.0,17.4,2026-03-18T19:13:28.463799,large_doc_pymupdf_only,,
POLY_2024.pdf,POLY,2024,success,,288,277,11,0,288,924656,0,0,0.0,22.06,2026-03-18T19:13:33.118775,large_doc_pymupdf_only,,
PORT_2022.pdf,PORT,2022,success,,96,93,3,0,96,553269,0,0,0.0,11.92,2026-03-18T19:13:38.829078,large_doc_pymupdf_only,,
POSA_2022.pdf,POSA,2022,success,,223,212,11,0,223,753782,0,0,0.0,14.53,2026-03-18T19:13:43.197757,large_doc_pymupdf_only,,
PORT_2024.pdf,PORT,2024,success,,209,181,28,0,209,621646,0,0,0.0,24.72,2026-03-18T19:13:52.504293,large_doc_pymupdf_only,,
POSA_2023.pdf,POSA,2023,success,,248,235,13,0,248,849509,0,0,0.0,35.38,2026-03-18T19:14:08.847788,large_doc_pymupdf_only,,
POWR_2022.pdf,POWR,2022,success,,466,442,24,0,466,1577634,0,0,0.0,37.03,2026-03-18T19:14:20.751405,large_doc_pymupdf_only,,
POWR_2024.pdf,POWR,2024,success,,468,462,6,0,468,1652498,0,0,0.0,26.23,2026-03-18T19:14:35.347321,large_doc_pymupdf_only,,
PPRE_2022.pdf,PPRE,2022,success,,684,658,26,0,684,2000032,0,0,0.0,28.25,2026-03-18T19:14:49.087735,large_doc_pymupdf_only,,
POWR_2023.pdf,POWR,2023,success,,474,450,24,0,474,1618821,0,0,0.0,58.72,2026-03-18T19:14:51.478561,large_doc_pymupdf_only,,
PPRE_2023.pdf,PPRE,2023,success,,764,744,20,0,764,2587426,0,0,0.0,34.08,2026-03-18T19:15:10.003140,large_doc_pymupdf_only,,
PPRE_2024.pdf,PPRE,2024,success,,540,533,7,0,540,1648826,0,0,0.0,21.03,2026-03-18T19:15:10.479688,large_doc_pymupdf_only,,
PPRI_2023.pdf,PPRI,2023,success,,292,268,24,0,292,835856,0,0,0.0,19.19,2026-03-18T19:15:10.850337,large_doc_pymupdf_only,,
PPRI_2024.pdf,PPRI,2024,success,,279,254,25,0,279,807884,0,0,0.0,13.9,2026-03-18T19:15:24.272353,large_doc_pymupdf_only,,
PRAS_2022.pdf,PRAS,2022,success,,115,111,4,0,115,357200,0,0,0.0,13.21,2026-03-18T19:15:37.827694,large_doc_pymupdf_only,,
PPRO_2022.pdf,PPRO,2022,success,,914,900,14,0,914,2701369,0,0,0.0,33.95,2026-03-18T19:15:45.080385,large_doc_pymupdf_only,,
PPRO_2023.pdf,PPRO,2023,success,,730,708,22,0,730,2524805,0,0,0.0,38.21,2026-03-18T19:15:49.530299,large_doc_pymupdf_only,,
PSAB_2022.pdf,PSAB,2022,success,,236,208,28,0,236,707016,0,0,0.0,19.08,2026-03-18T19:15:57.457214,large_doc_pymupdf_only,,
PSAB_2023.pdf,PSAB,2023,success,,208,181,27,0,208,592919,0,0,0.0,15.73,2026-03-18T19:16:01.099046,large_doc_pymupdf_only,,
PSAB_2024.pdf,PSAB,2024,success,,208,185,23,0,208,584475,0,0,0.0,15.54,2026-03-18T19:16:05.550592,large_doc_pymupdf_only,,
PSDN_2022.pdf,PSDN,2022,success,,200,185,15,0,200,609465,0,0,0.0,13.15,2026-03-18T19:16:11.326388,large_doc_pymupdf_only,,
PSDN_2023.pdf,PSDN,2023,success,,174,159,15,0,174,543285,0,0,0.0,12.93,2026-03-18T19:16:14.570568,large_doc_pymupdf_only,,
PSDN_2024.pdf,PSDN,2024,success,,152,139,13,0,152,503356,0,0,0.0,12.56,2026-03-18T19:16:18.434450,large_doc_pymupdf_only,,
PSGO_2023.pdf,PSGO,2023,success,,322,287,35,0,322,854263,0,0,0.0,14.94,2026-03-18T19:16:29.646007,large_doc_pymupdf_only,,
PSGO_2022.pdf,PSGO,2022,success,,314,278,36,0,314,848321,0,0,0.0,19.18,2026-03-18T19:16:30.727429,large_doc_pymupdf_only,,
PSGO_2024.pdf,PSGO,2024,success,,316,296,20,0,316,857824,0,0,0.0,13.77,2026-03-18T19:16:32.647046,large_doc_pymupdf_only,,
PSKT_2023.pdf,PSKT,2023,success,,254,164,90,0,254,503920,0,0,0.0,18.65,2026-03-18T19:16:49.722066,large_doc_pymupdf_only,,
PSKT_2022.pdf,PSKT,2022,success,,279,190,89,0,279,598409,0,0,0.0,19.93,2026-03-18T19:16:49.872296,large_doc_pymupdf_only,,
PSKT_2024.pdf,PSKT,2024,success,,256,228,28,0,256,799480,0,0,0.0,17.53,2026-03-18T19:16:50.604407,large_doc_pymupdf_only,,
PSSI_2024.pdf,PSSI,2024,success,,318,299,19,0,318,951887,0,0,0.0,60.73,2026-03-18T19:17:51.905212,large_doc_pymupdf_only,,
PSSI_2022.pdf,PSSI,2022,success,,254,237,17,0,254,811273,0,0,0.0,70.04,2026-03-18T19:18:00.015167,large_doc_pymupdf_only,,
PTBA_2022.pdf,PTBA,2022,success,,920,903,17,0,920,2853673,0,0,0.0,50.84,2026-03-18T19:18:43.194368,large_doc_pymupdf_only,,
PTBA_2023.pdf,PTBA,2023,success,,743,726,17,0,743,2745981,0,0,0.0,47.46,2026-03-18T19:18:48.081201,large_doc_pymupdf_only,,
PSSI_2023.pdf,PSSI,2023,success,,286,277,9,0,286,978385,0,0,0.0,119.87,2026-03-18T19:18:50.158328,large_doc_pymupdf_only,,
PTDU_2024.pdf,PTDU,2024,success,,236,221,15,0,236,708767,0,0,0.0,13.74,2026-03-18T19:19:02.241653,large_doc_pymupdf_only,,
PTIS_2022.pdf,PTIS,2022,success,,264,248,16,0,264,683457,0,0,0.0,15.64,2026-03-18T19:19:05.976395,large_doc_pymupdf_only,,
PTIS_2023.pdf,PTIS,2023,success,,228,208,20,0,228,652011,0,0,0.0,14.27,2026-03-18T19:19:16.798112,large_doc_pymupdf_only,,
PTIS_2024.pdf,PTIS,2024,success,,243,212,31,0,243,676947,0,0,0.0,16.08,2026-03-18T19:19:22.575552,large_doc_pymupdf_only,,
PTMR_2024.pdf,PTMR,2024,success,,216,201,15,0,216,721090,0,0,0.0,11.85,2026-03-18T19:19:29.027301,large_doc_pymupdf_only,,
PTBA_2024.pdf,PTBA,2024,success,,875,855,20,0,875,3084345,0,0,0.0,79.17,2026-03-18T19:20:02.869431,large_doc_pymupdf_only,,
PTPP_2022.pdf,PTPP,2022,success,,1020,1003,17,0,1020,3588424,0,0,0.0,41.37,2026-03-18T19:20:04.386934,large_doc_pymupdf_only,,
PTPS_2023.pdf,PTPS,2023,success,,231,209,22,0,231,652035,0,0,0.0,12.38,2026-03-18T19:20:15.651920,large_doc_pymupdf_only,,
PTPS_2024.pdf,PTPS,2024,success,,269,251,18,0,269,734382,0,0,0.0,15.88,2026-03-18T19:20:20.515774,large_doc_pymupdf_only,,
PTPW_2024.pdf,PTPW,2024,success,,264,259,5,0,264,816363,0,0,0.0,22.83,2026-03-18T19:20:38.715306,large_doc_pymupdf_only,,
PTRO_2022.pdf,PTRO,2022,success,,306,304,2,0,306,1420884,0,0,0.0,22.37,2026-03-18T19:20:43.061553,large_doc_pymupdf_only,,
PTPP_2023.pdf,PTPP,2023,success,,1122,1092,30,0,1122,3813479,0,0,0.0,83.07,2026-03-18T19:20:52.186073,large_doc_pymupdf_only,,
PTRO_2023.pdf,PTRO,2023,success,,293,284,9,0,293,1446133,0,0,0.0,17.49,2026-03-18T19:20:56.707533,large_doc_pymupdf_only,,
POSA_2024.pdf,POSA,2024,success,,263,0,263,0,263,0,0,0,0.0,1845.9,2026-03-18T19:44:25.454400,large_doc_pymupdf_only,,
PTSP_2022.pdf,PTSP,2022,success,,145,126,19,0,145,619774,0,0,0.0,9.63,2026-03-18T19:44:35.138944,large_doc_pymupdf_only,,
PTSP_2023.pdf,PTSP,2023,success,,267,218,49,0,267,754205,0,0,0.0,11.25,2026-03-18T19:44:36.767940,large_doc_pymupdf_only,,
PTRO_2024.pdf,PTRO,2024,success,,295,292,3,0,295,1508711,0,0,0.0,20.08,2026-03-18T19:44:45.587708,large_doc_pymupdf_only,,
PURE_2022.pdf,PURE,2022,success,,150,137,13,0,150,584136,0,0,0.0,12.53,2026-03-18T19:44:47.945071,large_doc_pymupdf_only,,
PURE_2023.pdf,PURE,2023,success,,150,137,13,0,150,578281,0,0,0.0,10.94,2026-03-18T19:44:47.980027,large_doc_pymupdf_only,,
PTSP_2024.pdf,PTSP,2024,success,,287,267,20,0,287,845603,0,0,0.0,22.51,2026-03-18T19:44:48.063534,large_doc_pymupdf_only,,
PURE_2024.pdf,PURE,2024,success,,150,137,13,0,150,578281,0,0,0.0,11.12,2026-03-18T19:44:56.819742,large_doc_pymupdf_only,,
PZZA_2022.pdf,PZZA,2022,success,,240,210,30,0,240,623519,0,0,0.0,13.88,2026-03-18T19:45:01.990343,large_doc_pymupdf_only,,
PZZA_2023.pdf,PZZA,2023,success,,241,213,28,0,241,606260,0,0,0.0,13.98,2026-03-18T19:45:02.269853,large_doc_pymupdf_only,,
PZZA_2024.pdf,PZZA,2024,success,,281,274,7,0,281,755959,0,0,0.0,16.11,2026-03-18T19:45:04.628067,large_doc_pymupdf_only,,
RAAM_2023.pdf,RAAM,2023,success,,318,298,20,0,318,987644,0,0,0.0,17.53,2026-03-18T19:45:14.453245,large_doc_pymupdf_only,,
RAFI_2022.pdf,RAFI,2022,success,,309,298,11,0,309,991563,0,0,0.0,15.73,2026-03-18T19:45:18.320172,large_doc_pymupdf_only,,
RAAM_2024.pdf,RAAM,2024,success,,386,360,26,0,386,1103798,0,0,0.0,20.05,2026-03-18T19:45:22.190416,large_doc_pymupdf_only,,
RAJA_2023.pdf,RAJA,2023,success,,367,338,29,0,367,977050,0,0,0.0,13.89,2026-03-18T19:45:32.456036,large_doc_pymupdf_only,,
RAJA_2022.pdf,RAJA,2022,success,,311,200,111,0,311,513957,0,0,0.0,18.46,2026-03-18T19:45:33.026271,large_doc_pymupdf_only,,
RAFI_2023.pdf,RAFI,2023,success,,394,369,25,0,394,1186875,0,0,0.0,28.21,2026-03-18T19:45:34.018559,large_doc_pymupdf_only,,
RALS_2022.pdf,RALS,2022,success,,364,348,16,0,364,1003024,0,0,0.0,14.11,2026-03-18T19:45:36.595169,large_doc_pymupdf_only,,
RANC_2022.pdf,RANC,2022,success,,304,294,10,0,304,941036,0,0,0.0,12.47,2026-03-18T19:45:46.620975,large_doc_pymupdf_only,,
RALS_2024.pdf,RALS,2024,success,,342,326,16,0,342,1027677,0,0,0.0,13.91,2026-03-18T19:45:47.097613,large_doc_pymupdf_only,,
RALS_2023.pdf,RALS,2023,success,,380,363,17,0,380,1049802,0,0,0.0,14.95,2026-03-18T19:45:47.543213,large_doc_pymupdf_only,,
RANC_2023.pdf,RANC,2023,success,,285,259,26,0,285,895382,0,0,0.0,10.9,2026-03-18T19:45:47.595710,large_doc_pymupdf_only,,
RATU_2024.pdf,RATU,2024,success,,252,235,17,0,252,755954,0,0,0.0,12.18,2026-03-18T19:45:59.430190,large_doc_pymupdf_only,,
RANC_2024.pdf,RANC,2024,success,,310,295,15,0,310,896063,0,0,0.0,13.72,2026-03-18T19:46:00.533418,large_doc_pymupdf_only,,
RELI_2023.pdf,RELI,2023,success,,339,315,24,0,339,1124155,0,0,0.0,19.12,2026-03-18T19:46:07.015355,large_doc_pymupdf_only,,
RELI_2024.pdf,RELI,2024,success,,359,337,22,0,359,1218377,0,0,0.0,22.85,2026-03-18T19:46:22.576120,large_doc_pymupdf_only,,
RGAS_2023.pdf,RGAS,2023,success,,223,203,20,0,223,658663,0,0,0.0,24.19,2026-03-18T19:46:25.010342,large_doc_pymupdf_only,,
RGAS_2024.pdf,RGAS,2024,success,,223,203,20,0,223,658663,0,0,0.0,25.23,2026-03-18T19:46:32.364644,large_doc_pymupdf_only,,
RICY_2022.pdf,RICY,2022,success,,240,212,28,0,240,587685,0,0,0.0,12.44,2026-03-18T19:46:35.140653,large_doc_pymupdf_only,,
RICY_2024.pdf,RICY,2024,success,,110,109,1,0,110,438114,0,0,0.0,7.73,2026-03-18T19:46:40.266101,large_doc_pymupdf_only,,
RCCC_2024.pdf,RCCC,2024,success,,213,195,18,0,213,564547,0,0,0.0,53.92,2026-03-18T19:46:41.661932,large_doc_pymupdf_only,,
RICY_2023.pdf,RICY,2023,success,,242,224,18,0,242,628612,0,0,0.0,19.03,2026-03-18T19:46:44.347467,large_doc_pymupdf_only,,
RIGS_2023.pdf,RIGS,2023,success,,296,274,22,0,296,819374,0,0,0.0,14.49,2026-03-18T19:46:49.941630,large_doc_pymupdf_only,,
RIGS_2024.pdf,RIGS,2024,success,,293,263,30,0,293,773232,0,0,0.0,14.96,2026-03-18T19:46:55.560286,large_doc_pymupdf_only,,
RMKE_2022.pdf,RMKE,2022,success,,307,297,10,0,307,1106207,0,0,0.0,15.85,2026-03-18T19:46:57.786752,large_doc_pymupdf_only,,
RMKE_2023.pdf,RMKE,2023,success,,339,322,17,0,339,1181819,0,0,0.0,20.56,2026-03-18T19:47:05.319879,large_doc_pymupdf_only,,
RMKE_2024.pdf,RMKE,2024,success,,343,327,16,0,343,1195312,0,0,0.0,19.75,2026-03-18T19:47:10.106910,large_doc_pymupdf_only,,
RMKO_2024.pdf,RMKO,2024,success,,278,262,16,0,278,902678,0,0,0.0,16.36,2026-03-18T19:47:14.420654,large_doc_pymupdf_only,,
ROTI_2022.pdf,ROTI,2022,success,,255,247,8,0,255,953888,0,0,0.0,10.88,2026-03-18T19:47:16.628462,large_doc_pymupdf_only,,
RMKO_2023.pdf,RMKO,2023,success,,264,249,15,0,264,889374,0,0,0.0,26.27,2026-03-18T19:47:22.061628,large_doc_pymupdf_only,,
ROTI_2023.pdf,ROTI,2023,success,,227,218,9,0,227,862228,0,0,0.0,12.95,2026-03-18T19:47:23.290069,large_doc_pymupdf_only,,
ROTI_2024.pdf,ROTI,2024,success,,226,216,10,0,226,856043,0,0,0.0,14.63,2026-03-18T19:47:29.350358,large_doc_pymupdf_only,,
RUIS_2022.pdf,RUIS,2022,success,,377,351,26,0,377,1105938,0,0,0.0,25.22,2026-03-18T19:47:47.481003,large_doc_pymupdf_only,,
RUIS_2023.pdf,RUIS,2023,success,,379,355,24,0,379,1110555,0,0,0.0,24.81,2026-03-18T19:47:48.754733,large_doc_pymupdf_only,,
SAMF_2022.pdf,SAMF,2022,success,,236,213,23,0,236,668773,0,0,0.0,21.34,2026-03-18T19:47:51.056472,large_doc_pymupdf_only,,
SBMA_2022.pdf,SBMA,2022,success,,236,222,14,0,236,626759,0,0,0.0,12.33,2026-03-18T19:48:03.787429,large_doc_pymupdf_only,,
RSCH_2024.pdf,RSCH,2024,success,,270,260,10,0,270,861002,0,0,0.0,47.33,2026-03-18T19:48:04.081609,large_doc_pymupdf_only,,
SAMF_2023.pdf,SAMF,2023,success,,242,239,3,0,242,709147,0,0,0.0,21.85,2026-03-18T19:48:09.846884,large_doc_pymupdf_only,,
SAMF_2024.pdf,SAMF,2024,success,,250,246,4,0,250,755415,0,0,0.0,26.34,2026-03-18T19:48:15.259937,large_doc_pymupdf_only,,
SBMA_2023.pdf,SBMA,2023,success,,246,229,17,0,246,824930,0,0,0.0,12.2,2026-03-18T19:48:16.300223,large_doc_pymupdf_only,,
SBMA_2024.pdf,SBMA,2024,success,,344,326,18,0,344,1091474,0,0,0.0,12.72,2026-03-18T19:48:17.109929,large_doc_pymupdf_only,,
SCNP_2022.pdf,SCNP,2022,success,,251,231,20,0,251,734580,0,0,0.0,23.3,2026-03-18T19:48:40.455560,large_doc_pymupdf_only,,
SCMA_2024.pdf,SCMA,2024,success,,406,375,31,0,406,1392941,0,0,0.0,25.75,2026-03-18T19:48:42.883613,large_doc_pymupdf_only,,
SCMA_2023.pdf,SCMA,2023,success,,423,403,20,0,423,1418492,0,0,0.0,32.07,2026-03-18T19:48:49.207475,large_doc_pymupdf_only,,
SCMA_2022.pdf,SCMA,2022,success,,396,361,35,0,396,1375588,0,0,0.0,35.07,2026-03-18T19:48:52.204776,large_doc_pymupdf_only,,
SCNP_2024.pdf,SCNP,2024,success,,244,210,34,0,244,732235,0,0,0.0,31.91,2026-03-18T19:49:15.169813,large_doc_pymupdf_only,,
SDPC_2022.pdf,SDPC,2022,success,,378,341,37,0,378,1055416,0,0,0.0,27.47,2026-03-18T19:49:16.887312,large_doc_pymupdf_only,,
SCNP_2023.pdf,SCNP,2023,success,,276,259,17,0,276,791366,0,0,0.0,36.29,2026-03-18T19:49:16.905922,large_doc_pymupdf_only,,
SDPC_2023.pdf,SDPC,2023,success,,464,439,25,0,464,1336732,0,0,0.0,26.59,2026-03-18T19:49:19.461007,large_doc_pymupdf_only,,
SDPC_2024.pdf,SDPC,2024,success,,2,2,0,2,0,8725,2258,1899,0.003413,13.74,2026-03-18T19:49:29.059139,,,
SEMA_2022.pdf,SEMA,2022,success,,1,0,1,1,0,4367,1129,895,0.00162475,7.7,2026-03-18T19:49:36.755459,,,
SDRA_2022.pdf,SDRA,2022,success,,3,0,3,3,0,13306,3387,2841,0.00510825,26.69,2026-03-18T19:49:43.692204,,,
SDRA_2024.pdf,SDRA,2024,success,,3,0,3,3,0,12769,3387,2758,0.00498375,24.63,2026-03-18T19:49:44.086743,,,
SEMA_2023.pdf,SEMA,2023,success,,1,0,1,1,0,4014,1129,841,0.00154375,8.67,2026-03-18T19:49:45.421791,,,
SDRA_2023.pdf,SDRA,2023,success,,3,0,3,3,0,13576,3387,2830,0.00509175,32.75,2026-03-18T19:49:49.808378,,,
SFAN_2022.pdf,SFAN,2022,success,,1,0,1,1,0,5087,1129,1022,0.00181525,8.24,2026-03-18T19:49:52.324590,,,
SEMA_2024.pdf,SEMA,2024,success,,1,1,0,1,0,4038,1129,845,0.00154975,10.4,2026-03-18T19:49:54.089637,,,
SFAN_2024.pdf,SFAN,2024,success,,2,0,2,2,0,9063,2258,1893,0.003404,18.03,2026-03-18T19:50:07.841732,,,
SFAN_2023.pdf,SFAN,2023,success,,2,0,2,2,0,9044,2258,1982,0.0035375,23.09,2026-03-18T19:50:08.510062,,,
SGER_2022.pdf,SGER,2022,success,,3,0,3,3,0,14993,3387,3328,0.00583875,23.89,2026-03-18T19:50:16.211894,,,
SGRO_2023.pdf,SGRO,2023,success,,447,427,20,0,447,1471307,0,0,0.0,4.49,2026-03-18T19:50:20.699201,large_doc_pymupdf_only,,
SGER_2023.pdf,SGER,2023,success,,3,0,3,3,0,13709,3387,3042,0.00540975,27.23,2026-03-18T19:50:21.322555,,,
SHID_2022.pdf,SHID,2022,success,,1,0,1,1,0,4368,1129,863,0.00157675,6.06,2026-03-18T19:50:27.380354,,,
SGRO_2022.pdf,SGRO,2022,success,,2,0,2,2,0,6917,2258,1455,0.002747,19.2,2026-03-18T19:50:27.714758,,,
SGER_2024.pdf,SGER,2024,success,,3,0,3,3,0,13514,3387,3029,0.00539025,26.27,2026-03-18T19:50:34.113442,,,
SGRO_2024.pdf,SGRO,2024,success,,2,2,0,2,0,7263,2258,1627,0.003005,17.1,2026-03-18T19:50:37.800811,,,
SHID_2023.pdf,SHID,2023,success,,2,0,2,2,0,7745,2258,1813,0.003284,17.09,2026-03-18T19:50:44.467107,,,
SHIP_2022.pdf,SHIP,2022,success,,2,0,2,2,0,7366,2258,1532,0.0028625,14.08,2026-03-18T19:50:48.198990,,,
SHID_2024.pdf,SHID,2024,success,,2,0,2,2,0,7218,2258,1640,0.0030245,24.35,2026-03-18T19:50:52.061467,,,
SHIP_2023.pdf,SHIP,2023,success,,2,2,0,2,0,8362,2258,1657,0.00305,19.94,2026-03-18T19:50:57.738793,,,
SICO_2023.pdf,SICO,2023,success,,1,0,1,1,0,3028,1129,611,0.00119875,6.51,2026-03-18T19:50:58.568395,,,
SHIP_2024.pdf,SHIP,2024,success,,2,2,0,2,0,8474,2258,1691,0.003101,15.51,2026-03-18T19:50:59.973774,,,
SICO_2022.pdf,SICO,2022,success,,2,0,2,2,0,5525,2258,1228,0.0024065,19.13,2026-03-18T19:51:07.331364,,,
SICO_2024.pdf,SICO,2024,success,,3,0,3,3,0,8276,3387,1703,0.00340125,17.41,2026-03-18T19:51:15.152776,,,
SIMP_2022.pdf,SIMP,2022,success,,6,6,0,6,0,18905,6774,4001,0.007695,34.23,2026-03-18T19:51:32.797397,,,
SIMP_2023.pdf,SIMP,2023,success,,6,6,0,6,0,17717,6774,3950,0.0076185,42.93,2026-03-18T19:51:42.907914,,,
SIMP_2024.pdf,SIMP,2024,success,,6,0,6,6,0,17255,6774,3928,0.0075855,51.06,2026-03-18T19:51:58.390557,,,
SIPD_2022.pdf,SIPD,2022,success,,6,6,0,6,0,25023,6774,5245,0.009561,49.13,2026-03-18T19:52:04.282403,,,
SKBM_2022.pdf,SKBM,2022,success,,1,0,1,1,0,3045,1129,737,0.00138775,7.31,2026-03-18T19:52:05.696561,,,
SKBM_2023.pdf,SKBM,2023,success,,1,0,1,1,0,2931,1129,665,0.00127975,6.11,2026-03-18T19:52:10.392479,,,
SKBM_2024.pdf,SKBM,2024,success,,1,0,1,1,0,2774,1129,602,0.00118525,5.37,2026-03-18T19:52:11.071457,,,
SKLT_2023.pdf,SKLT,2023,success,,1,0,1,1,0,3130,1129,701,0.00133375,6.57,2026-03-18T19:52:17.646300,,,
SKLT_2022.pdf,SKLT,2022,success,,1,0,1,1,0,3247,1129,774,0.00144325,7.87,2026-03-18T19:52:18.260606,,,
SIPD_2023.pdf,SIPD,2023,success,,6,4,2,6,0,25202,6774,5355,0.009726,47.01,2026-03-18T19:52:19.805332,,,
SKLT_2024.pdf,SKLT,2024,success,,241,228,13,0,241,678960,0,0,0.0,11.65,2026-03-18T19:52:29.300317,large_doc_pymupdf_only,,
SLIS_2022.pdf,SLIS,2022,success,,2,0,2,2,0,7045,2258,1438,0.0027215,18.55,2026-03-18T19:52:36.909378,,,
SLIS_2024.pdf,SLIS,2024,success,,274,259,15,0,274,702938,0,0,0.0,8.39,2026-03-18T19:52:37.689528,large_doc_pymupdf_only,,
SLIS_2023.pdf,SLIS,2023,success,,2,0,2,2,0,8125,2258,1619,0.002993,22.88,2026-03-18T19:52:42.775734,,,
SIPD_2024.pdf,SIPD,2024,success,,6,0,6,6,0,25031,6774,5342,0.0097065,60.75,2026-03-18T19:52:43.659023,,,
SMAR_2022.pdf,SMAR,2022,success,,1,0,1,1,0,4645,1129,937,0.00168775,9.22,2026-03-18T19:52:46.246048,,,
SMAR_2023.pdf,SMAR,2023,success,,1,0,1,1,0,4673,1129,941,0.00169375,9.18,2026-03-18T19:52:46.873083,,,
SMAR_2024.pdf,SMAR,2024,success,,298,289,9,0,298,992915,0,0,0.0,12.69,2026-03-18T19:52:59.579752,large_doc_pymupdf_only,,
SMCB_2022.pdf,SMCB,2022,success,,335,328,7,0,335,1022860,0,0,0.0,12.43,2026-03-18T19:53:12.254252,large_doc_pymupdf_only,,
SMBR_2022.pdf,SMBR,2022,success,,766,742,24,0,766,2684049,0,0,0.0,39.27,2026-03-18T19:53:26.160222,large_doc_pymupdf_only,,
SMCB_2023.pdf,SMCB,2023,success,,342,321,21,0,342,1070094,0,0,0.0,16.6,2026-03-18T19:53:29.194774,large_doc_pymupdf_only,,
SMBR_2023.pdf,SMBR,2023,success,,743,719,24,0,743,2702387,0,0,0.0,48.05,2026-03-18T19:53:34.942649,large_doc_pymupdf_only,,
SMGA_2023.pdf,SMGA,2023,success,,212,195,17,0,212,672908,0,0,0.0,11.48,2026-03-18T19:53:40.959816,large_doc_pymupdf_only,,
SMCB_2024.pdf,SMCB,2024,success,,351,326,25,0,351,1091235,0,0,0.0,16.87,2026-03-18T19:53:43.106374,large_doc_pymupdf_only,,
SMBR_2024.pdf,SMBR,2024,success,,763,747,16,0,763,2673444,0,0,0.0,62.06,2026-03-18T19:53:48.973283,large_doc_pymupdf_only,,
SMGA_2024.pdf,SMGA,2024,success,,257,234,23,0,257,826366,0,0,0.0,21.5,2026-03-18T19:53:56.726704,large_doc_pymupdf_only,,
SMGR_2022.pdf,SMGR,2022,success,,612,600,12,0,612,1973645,0,0,0.0,26.54,2026-03-18T19:54:07.783910,large_doc_pymupdf_only,,
SMKL_2022.pdf,SMKL,2022,success,,222,213,9,0,222,676259,0,0,0.0,11.97,2026-03-18T19:54:08.832922,large_doc_pymupdf_only,,
SMGR_2024.pdf,SMGR,2024,success,,637,620,17,0,637,2040348,0,0,0.0,27.53,2026-03-18T19:54:16.682237,large_doc_pymupdf_only,,
SMKL_2023.pdf,SMKL,2023,success,,226,207,19,0,226,661521,0,0,0.0,10.26,2026-03-18T19:54:18.317097,large_doc_pymupdf_only,,
SMGR_2023.pdf,SMGR,2023,success,,601,572,29,0,601,1831754,0,0,0.0,34.93,2026-03-18T19:54:18.407581,large_doc_pymupdf_only,,
SMKL_2024.pdf,SMKL,2024,success,,398,369,29,0,398,953130,0,0,0.0,16.4,2026-03-18T19:54:25.317675,large_doc_pymupdf_only,,
SMLE_2024.pdf,SMLE,2024,success,,306,290,16,0,306,954253,0,0,0.0,16.23,2026-03-18T19:54:34.847805,large_doc_pymupdf_only,,
SMLE_2023.pdf,SMLE,2023,success,,283,272,11,0,283,771166,0,0,0.0,18.58,2026-03-18T19:54:35.396866,large_doc_pymupdf_only,,
SMMA_2023.pdf,SMMA,2023,success,,529,504,25,0,529,1723760,0,0,0.0,24.22,2026-03-18T19:54:43.188001,large_doc_pymupdf_only,,
SMMT_2022.pdf,SMMT,2022,success,,276,274,2,0,276,884229,0,0,0.0,19.65,2026-03-18T19:54:54.669481,large_doc_pymupdf_only,,
SMMT_2023.pdf,SMMT,2023,success,,268,244,24,0,268,858917,0,0,0.0,20.55,2026-03-18T19:54:56.095356,large_doc_pymupdf_only,,
SMMA_2024.pdf,SMMA,2024,success,,586,566,20,0,586,1940522,0,0,0.0,34.11,2026-03-18T19:54:59.763211,large_doc_pymupdf_only,,
SMRU_2024.pdf,SMRU,2024,success,,191,172,19,0,191,545243,0,0,0.0,15.67,2026-03-18T19:55:12.800961,large_doc_pymupdf_only,,
SMRU_2022.pdf,SMRU,2022,success,,219,201,18,0,219,606043,0,0,0.0,18.51,2026-03-18T19:55:13.665667,large_doc_pymupdf_only,,
SMMT_2024.pdf,SMMT,2024,success,,278,260,18,0,278,929019,0,0,0.0,32.86,2026-03-18T19:55:16.209796,large_doc_pymupdf_only,,
SMSM_2022.pdf,SMSM,2022,success,,541,523,18,0,541,1594124,0,0,0.0,22.88,2026-03-18T19:55:22.894433,large_doc_pymupdf_only,,
SNLK_2022.pdf,SNLK,2022,success,,276,254,22,0,276,768752,0,0,0.0,14.89,2026-03-18T19:55:31.241556,large_doc_pymupdf_only,,
SMSM_2024.pdf,SMSM,2024,success,,591,569,22,0,591,1841631,0,0,0.0,20.93,2026-03-18T19:55:34.729417,large_doc_pymupdf_only,,
SMSM_2023.pdf,SMSM,2023,success,,554,544,10,0,554,1668332,0,0,0.0,21.8,2026-03-18T19:55:34.742213,large_doc_pymupdf_only,,
SNLK_2023.pdf,SNLK,2023,success,,356,328,28,0,356,946214,0,0,0.0,16.13,2026-03-18T19:55:39.316996,large_doc_pymupdf_only,,
SOCI_2024.pdf,SOCI,2024,success,,260,246,14,0,260,974006,0,0,0.0,12.35,2026-03-18T19:55:47.161825,large_doc_pymupdf_only,,
SOCI_2022.pdf,SOCI,2022,success,,2,0,2,2,0,8693,2258,1848,0.0033365,19.27,2026-03-18T19:55:50.704530,,,
SOFA_2022.pdf,SOFA,2022,success,,211,200,11,0,211,730935,0,0,0.0,13.76,2026-03-18T19:55:53.181197,large_doc_pymupdf_only,,
SOCI_2023.pdf,SOCI,2023,success,,281,257,24,0,281,946816,0,0,0.0,19.99,2026-03-18T19:55:54.747969,large_doc_pymupdf_only,,
SOLA_2023.pdf,SOLA,2023,success,,297,282,15,0,297,854715,0,0,0.0,21.47,2026-03-18T19:56:14.772931,large_doc_pymupdf_only,,
SOFA_2023.pdf,SOFA,2023,success,,263,244,19,0,263,792190,0,0,0.0,28.98,2026-03-18T19:56:16.566257,large_doc_pymupdf_only,,
SOLA_2024.pdf,SOLA,2024,success,,325,307,18,0,325,990729,0,0,0.0,23.18,2026-03-18T19:56:18.139248,large_doc_pymupdf_only,,
SOFA_2024.pdf,SOFA,2024,success,,296,261,35,0,296,847830,0,0,0.0,34.47,2026-03-18T19:56:25.297483,large_doc_pymupdf_only,,
SONA_2022.pdf,SONA,2022,success,,220,204,16,0,220,656999,0,0,0.0,10.94,2026-03-18T19:56:25.980566,large_doc_pymupdf_only,,
SONA_2024.pdf,SONA,2024,success,,234,218,16,0,234,675871,0,0,0.0,9.07,2026-03-18T19:56:27.429569,large_doc_pymupdf_only,,
SONA_2023.pdf,SONA,2023,success,,257,244,13,0,257,686450,0,0,0.0,11.78,2026-03-18T19:56:28.633160,large_doc_pymupdf_only,,
SPRE_2024.pdf,SPRE,2024,success,,249,232,17,0,249,683274,0,0,0.0,19.58,2026-03-18T19:56:49.009682,large_doc_pymupdf_only,,
SPMA_2023.pdf,SPMA,2023,success,,212,135,77,0,212,469994,0,0,0.0,30.44,2026-03-18T19:56:56.740585,large_doc_pymupdf_only,,
SPMA_2024.pdf,SPMA,2024,success,,220,207,13,0,220,661683,0,0,0.0,29.49,2026-03-18T19:56:57.187293,large_doc_pymupdf_only,,
SPMA_2022.pdf,SPMA,2022,success,,220,206,14,0,220,636379,0,0,0.0,36.2,2026-03-18T19:57:01.893663,large_doc_pymupdf_only,,
SQMI_2022.pdf,SQMI,2022,success,,226,209,17,0,226,658598,0,0,0.0,13.15,2026-03-18T19:57:02.276816,large_doc_pymupdf_only,,
SQMI_2023.pdf,SQMI,2023,success,,189,184,5,0,189,592285,0,0,0.0,7.94,2026-03-18T19:57:05.007009,large_doc_pymupdf_only,,
SRSN_2023.pdf,SRSN,2023,success,,169,161,8,0,169,611113,0,0,0.0,5.66,2026-03-18T19:57:08.048919,large_doc_pymupdf_only,,
SRSN_2022.pdf,SRSN,2022,success,,1,0,1,1,0,3708,1129,772,0.00144025,7.21,2026-03-18T19:57:09.154864,,,
SRSN_2024.pdf,SRSN,2024,success,,176,167,9,0,176,628195,0,0,0.0,5.13,2026-03-18T19:57:10.350299,large_doc_pymupdf_only,,
SRIL_2022.pdf,SRIL,2022,success,,494,265,229,0,494,644104,0,0,0.0,13.91,2026-03-18T19:57:11.413191,large_doc_pymupdf_only,,
SRTG_2022.pdf,SRTG,2022,success,,162,149,13,0,162,469159,0,0,0.0,8.9,2026-03-18T19:57:20.341477,large_doc_pymupdf_only,,
SRTG_2023.pdf,SRTG,2023,success,,1,1,0,1,0,5246,1129,1081,0.00190375,9.64,2026-03-18T19:57:21.077901,,,
SSTM_2023.pdf,SSTM,2023,success,,115,108,7,0,115,386314,0,0,0.0,8.11,2026-03-18T19:57:29.300945,large_doc_pymupdf_only,,
SSTM_2024.pdf,SSTM,2024,success,,115,111,4,0,115,393826,0,0,0.0,7.09,2026-03-18T19:57:36.782605,large_doc_pymupdf_only,,
SSMS_2023.pdf,SSMS,2023,success,,462,450,12,0,462,1509874,0,0,0.0,26.5,2026-03-18T19:57:37.936144,large_doc_pymupdf_only,,
SSMS_2022.pdf,SSMS,2022,success,,424,410,14,0,424,1376923,0,0,0.0,27.53,2026-03-18T19:57:38.972472,large_doc_pymupdf_only,,
SSMS_2024.pdf,SSMS,2024,success,,495,483,12,0,495,1726357,0,0,0.0,24.09,2026-03-18T19:57:44.639584,large_doc_pymupdf_only,,
STAR_2022.pdf,STAR,2022,success,,182,175,7,0,182,595228,0,0,0.0,9.12,2026-03-18T19:57:54.255190,large_doc_pymupdf_only,,
STAA_2022.pdf,STAA,2022,success,,350,330,20,0,350,1081581,0,0,0.0,17.61,2026-03-18T19:57:54.646062,large_doc_pymupdf_only,,
STAA_2024.pdf,STAA,2024,success,,396,387,9,0,396,1162392,0,0,0.0,17.34,2026-03-18T19:57:56.467605,large_doc_pymupdf_only,,
STAA_2023.pdf,STAA,2023,success,,340,320,20,0,340,1026414,0,0,0.0,21.26,2026-03-18T19:57:59.415434,large_doc_pymupdf_only,,
STAR_2024.pdf,STAR,2024,success,,182,172,10,0,182,570367,0,0,0.0,7.64,2026-03-18T19:58:02.449883,large_doc_pymupdf_only,,
STAR_2023.pdf,STAR,2023,success,,175,162,13,0,175,539322,0,0,0.0,8.12,2026-03-18T19:58:02.687389,large_doc_pymupdf_only,,
STRK_2023.pdf,STRK,2023,success,,247,233,14,0,247,705685,0,0,0.0,11.61,2026-03-18T19:58:08.373162,large_doc_pymupdf_only,,
STRK_2024.pdf,STRK,2024,success,,259,237,22,0,259,765557,0,0,0.0,11.49,2026-03-18T19:58:11.189305,large_doc_pymupdf_only,,
STTP_2022.pdf,STTP,2022,success,,218,201,17,0,218,584051,0,0,0.0,8.57,2026-03-18T19:58:11.260792,large_doc_pymupdf_only,,
STTP_2023.pdf,STTP,2023,success,,215,203,12,0,215,631835,0,0,0.0,8.86,2026-03-18T19:58:11.677096,large_doc_pymupdf_only,,
STTP_2024.pdf,STTP,2024,success,,204,192,12,0,204,606066,0,0,0.0,8.27,2026-03-18T19:58:16.807665,large_doc_pymupdf_only,,
SULI_2023.pdf,SULI,2023,success,,268,245,23,0,268,828568,0,0,0.0,18.43,2026-03-18T19:58:30.018810,large_doc_pymupdf_only,,
SULI_2024.pdf,SULI,2024,success,,183,174,9,0,183,765603,0,0,0.0,18.05,2026-03-18T19:58:30.136924,large_doc_pymupdf_only,,
SULI_2022.pdf,SULI,2022,success,,292,253,39,0,292,784276,0,0,0.0,18.97,2026-03-18T19:58:30.382545,large_doc_pymupdf_only,,
SUNI_2022.pdf,SUNI,2022,success,,186,170,16,0,186,583445,0,0,0.0,14.05,2026-03-18T19:58:30.886024,large_doc_pymupdf_only,,
SUNI_2023.pdf,SUNI,2023,success,,256,235,21,0,256,786228,0,0,0.0,11.48,2026-03-18T19:58:41.698745,large_doc_pymupdf_only,,
SURE_2024.pdf,SURE,2024,success,,245,229,16,0,245,826569,0,0,0.0,16.93,2026-03-18T19:58:48.260741,large_doc_pymupdf_only,,
SWAT_2022.pdf,SWAT,2022,success,,151,142,9,0,151,485289,0,0,0.0,7.22,2026-03-18T19:58:49.251037,large_doc_pymupdf_only,,
SURE_2023.pdf,SURE,2023,success,,229,219,10,0,229,780940,0,0,0.0,19.65,2026-03-18T19:58:50.526527,large_doc_pymupdf_only,,
SURE_2022.pdf,SURE,2022,success,,229,215,14,0,229,729149,0,0,0.0,21.61,2026-03-18T19:58:51.991513,large_doc_pymupdf_only,,
SWID_2022.pdf,SWID,2022,success,,213,192,21,0,213,599585,0,0,0.0,10.87,2026-03-18T19:59:00.383389,large_doc_pymupdf_only,,
SWID_2023.pdf,SWID,2023,success,,235,208,27,0,235,656083,0,0,0.0,13.3,2026-03-18T19:59:03.965495,large_doc_pymupdf_only,,
SWAT_2023.pdf,SWAT,2023,success,,234,210,24,0,234,569540,0,0,0.0,17.97,2026-03-18T19:59:06.397862,large_doc_pymupdf_only,,
SWID_2024.pdf,SWID,2024,success,,280,250,30,0,280,756934,0,0,0.0,26.11,2026-03-18T19:59:18.351410,large_doc_pymupdf_only,,
TALF_2022.pdf,TALF,2022,success,,315,289,26,0,315,824279,0,0,0.0,18.18,2026-03-18T19:59:18.709770,large_doc_pymupdf_only,,
TALF_2023.pdf,TALF,2023,success,,331,316,15,0,331,906051,0,0,0.0,18.94,2026-03-18T19:59:23.293865,large_doc_pymupdf_only,,
TALF_2024.pdf,TALF,2024,success,,353,331,22,0,353,946847,0,0,0.0,21.22,2026-03-18T19:59:27.713901,large_doc_pymupdf_only,,
TAMA_2022.pdf,TAMA,2022,success,,225,82,143,0,225,330340,0,0,0.0,11.95,2026-03-18T19:59:30.434626,large_doc_pymupdf_only,,
TAMA_2024.pdf,TAMA,2024,success,,184,174,10,0,184,558495,0,0,0.0,11.15,2026-03-18T19:59:34.725027,large_doc_pymupdf_only,,
TAMA_2023.pdf,TAMA,2023,success,,208,181,27,0,208,582823,0,0,0.0,18.32,2026-03-18T19:59:37.587587,large_doc_pymupdf_only,,
TAMU_2022.pdf,TAMU,2022,success,,306,293,13,0,306,868890,0,0,0.0,13.65,2026-03-18T19:59:41.684926,large_doc_pymupdf_only,,
TAMU_2023.pdf,TAMU,2023,success,,308,293,15,0,308,869181,0,0,0.0,11.12,2026-03-18T19:59:41.959728,large_doc_pymupdf_only,,
TAMU_2024.pdf,TAMU,2024,success,,310,295,15,0,310,915990,0,0,0.0,12.91,2026-03-18T19:59:47.742481,large_doc_pymupdf_only,,
TAPG_2022.pdf,TAPG,2022,success,,364,345,19,0,364,1061725,0,0,0.0,12.7,2026-03-18T19:59:50.382986,large_doc_pymupdf_only,,
TAPG_2024.pdf,TAPG,2024,success,,346,328,18,0,346,1008250,0,0,0.0,13.96,2026-03-18T19:59:56.075868,large_doc_pymupdf_only,,
TARA_2022.pdf,TARA,2022,success,,201,181,20,0,201,563272,0,0,0.0,9.69,2026-03-18T19:59:57.810828,large_doc_pymupdf_only,,
TAPG_2023.pdf,TAPG,2023,success,,350,335,15,0,350,1017650,0,0,0.0,17.7,2026-03-18T19:59:59.619686,large_doc_pymupdf_only,,
TAYS_2022.pdf,TAYS,2022,success,,254,236,18,0,254,682610,0,0,0.0,11.26,2026-03-18T20:00:01.903395,large_doc_pymupdf_only,,
TAYS_2023.pdf,TAYS,2023,success,,252,231,21,0,252,666273,0,0,0.0,11.68,2026-03-18T20:00:08.010439,large_doc_pymupdf_only,,
TAYS_2024.pdf,TAYS,2024,success,,280,259,21,0,280,751428,0,0,0.0,10.63,2026-03-18T20:00:08.749935,large_doc_pymupdf_only,,
TBLA_2022.pdf,TBLA,2022,success,,323,291,32,0,323,1034232,0,0,0.0,15.79,2026-03-18T20:00:15.687776,large_doc_pymupdf_only,,
TBLA_2024.pdf,TBLA,2024,success,,360,330,30,0,360,1137129,0,0,0.0,12.13,2026-03-18T20:00:20.389718,large_doc_pymupdf_only,,
TBLA_2023.pdf,TBLA,2023,success,,358,326,32,0,358,1145036,0,0,0.0,18.42,2026-03-18T20:00:20.603210,large_doc_pymupdf_only,,
TBMS_2022.pdf,TBMS,2022,success,,205,190,15,0,205,599983,0,0,0.0,8.07,2026-03-18T20:00:28.713306,large_doc_pymupdf_only,,
TBMS_2024.pdf,TBMS,2024,success,,209,198,11,0,209,589733,0,0,0.0,8.08,2026-03-18T20:00:28.727571,large_doc_pymupdf_only,,
TBMS_2023.pdf,TBMS,2023,success,,204,189,15,0,204,571097,0,0,0.0,8.1,2026-03-18T20:00:28.748096,large_doc_pymupdf_only,,
TCID_2022.pdf,TCID,2022,success,,2,2,0,2,0,8327,2258,1625,0.003002,12.82,2026-03-18T20:00:33.476174,,,
TCID_2024.pdf,TCID,2024,success,,165,161,4,0,165,1134000,0,0,0.0,11.62,2026-03-18T20:00:40.366193,large_doc_pymupdf_only,,
TCID_2023.pdf,TCID,2023,success,,338,312,26,0,338,1116903,0,0,0.0,13.59,2026-03-18T20:00:42.340232,large_doc_pymupdf_only,,
TCPI_2022.pdf,TCPI,2022,success,,262,253,9,0,262,820866,0,0,0.0,15.94,2026-03-18T20:00:44.689182,large_doc_pymupdf_only,,
TCPI_2023.pdf,TCPI,2023,success,,312,284,28,0,312,1024308,0,0,0.0,16.83,2026-03-18T20:00:50.769500,large_doc_pymupdf_only,,
TCPI_2024.pdf,TCPI,2024,success,,329,309,20,0,329,964360,0,0,0.0,15.37,2026-03-18T20:00:56.052751,large_doc_pymupdf_only,,
TDPM_2022.pdf,TDPM,2022,success,,296,280,16,0,296,964547,0,0,0.0,14.89,2026-03-18T20:00:57.501800,large_doc_pymupdf_only,,
TELE_2022(1).pdf,,0,failed,Cannot parse year from filename 'TELE_2022(1).pdf',0,0,0,0,0,0,0,0,0.0,0.25,2026-03-18T20:00:58.026826,,,
TEBE_2022.pdf,TEBE,2022,success,,282,264,18,0,282,862347,0,0,0.0,20.11,2026-03-18T20:01:04.954771,large_doc_pymupdf_only,,
TELE_2022.pdf,TELE,2022,success,,162,155,7,0,162,709320,0,0,0.0,11.5,2026-03-18T20:01:09.529426,large_doc_pymupdf_only,,
TEBE_2023.pdf,TEBE,2023,success,,333,306,27,0,333,980474,0,0,0.0,24.01,2026-03-18T20:01:15.104079,large_doc_pymupdf_only,,
TEBE_2024.pdf,TEBE,2024,success,,353,326,27,0,353,962436,0,0,0.0,23.28,2026-03-18T20:01:19.478744,large_doc_pymupdf_only,,
TFCO_2022.pdf,TFCO,2022,success,,217,207,10,0,217,679183,0,0,0.0,15.26,2026-03-18T20:01:20.601271,large_doc_pymupdf_only,,
TFCO_2023.pdf,TFCO,2023,success,,209,195,14,0,209,647692,0,0,0.0,13.65,2026-03-18T20:01:23.540482,large_doc_pymupdf_only,,
TFCO_2024.pdf,TFCO,2024,success,,201,184,17,0,201,688488,0,0,0.0,12.66,2026-03-18T20:01:27.897111,large_doc_pymupdf_only,,
TGKA_2022.pdf,TGKA,2022,success,,282,266,16,0,282,997003,0,0,0.0,10.67,2026-03-18T20:01:30.476417,large_doc_pymupdf_only,,
TGKA_2024.pdf,TGKA,2024,success,,268,251,17,0,268,756280,0,0,0.0,10.34,2026-03-18T20:01:34.384612,large_doc_pymupdf_only,,
TGUK_2023.pdf,TGUK,2023,success,,137,117,20,0,137,427300,0,0,0.0,11.25,2026-03-18T20:01:39.218224,large_doc_pymupdf_only,,
TGKA_2023.pdf,TGKA,2023,success,,2,0,2,2,0,8490,2258,1885,0.003392,21.17,2026-03-18T20:01:42.153021,,,
TIFA_2023.pdf,TIFA,2023,success,,282,255,27,0,282,866074,0,0,0.0,16.71,2026-03-18T20:01:51.253811,large_doc_pymupdf_only,,
TIFA_2022.pdf,TIFA,2022,success,,344,319,25,0,344,1058842,0,0,0.0,21.06,2026-03-18T20:01:51.698384,large_doc_pymupdf_only,,
TIFA_2024.pdf,TIFA,2024,success,,366,336,30,0,366,1119910,0,0,0.0,22.34,2026-03-18T20:02:01.702139,large_doc_pymupdf_only,,
TIRT_2022.pdf,TIRT,2022,success,,118,108,10,0,118,408615,0,0,0.0,7.21,2026-03-18T20:02:09.056036,large_doc_pymupdf_only,,
TINS_2022.pdf,TINS,2022,success,,674,659,15,0,674,2289895,0,0,0.0,30.17,2026-03-18T20:02:12.593102,large_doc_pymupdf_only,,
TIRT_2023.pdf,TIRT,2023,success,,115,107,8,0,115,384826,0,0,0.0,8.31,2026-03-18T20:02:17.476454,large_doc_pymupdf_only,,
TIRT_2024.pdf,TIRT,2024,success,,109,58,51,0,109,174772,0,0,0.0,6.2,2026-03-18T20:02:19.087165,large_doc_pymupdf_only,,
TINS_2023.pdf,TINS,2023,success,,684,657,27,0,684,2149141,0,0,0.0,35.09,2026-03-18T20:02:26.561838,large_doc_pymupdf_only,,
TKIM_2022.pdf,TKIM,2022,success,,231,196,35,0,231,740037,0,0,0.0,11.28,2026-03-18T20:02:29.025731,large_doc_pymupdf_only,,
TINS_2024.pdf,TINS,2024,success,,776,762,14,0,776,2718453,0,0,0.0,36.98,2026-03-18T20:02:29.054087,large_doc_pymupdf_only,,
TKIM_2023.pdf,TKIM,2023,success,,224,191,33,0,224,744138,0,0,0.0,11.22,2026-03-18T20:02:30.526909,large_doc_pymupdf_only,,
TKIM_2024.pdf,TKIM,2024,success,,224,216,8,0,224,777844,0,0,0.0,12.77,2026-03-18T20:02:39.619979,large_doc_pymupdf_only,,
TLDN_2023.pdf,TLDN,2023,success,,360,335,25,0,360,1133665,0,0,0.0,16.75,2026-03-18T20:02:46.255866,large_doc_pymupdf_only,,
TLDN_2024.pdf,TLDN,2024,success,,365,349,16,0,365,1124631,0,0,0.0,16.64,2026-03-18T20:02:47.393954,large_doc_pymupdf_only,,
TMPO_2022.pdf,TMPO,2022,success,,176,160,16,0,176,496595,0,0,0.0,8.76,2026-03-18T20:02:48.714829,large_doc_pymupdf_only,,
TLDN_2022.pdf,TLDN,2022,success,,365,335,30,0,365,1129995,0,0,0.0,21.41,2026-03-18T20:02:50.716110,large_doc_pymupdf_only,,
TMPO_2023.pdf,TMPO,2023,success,,92,86,6,0,92,538780,0,0,0.0,7.52,2026-03-18T20:02:54.117535,large_doc_pymupdf_only,,
TMPO_2024.pdf,TMPO,2024,success,,92,86,6,0,92,541119,0,0,0.0,8.03,2026-03-18T20:02:55.644195,large_doc_pymupdf_only,,
TOBA_2022.pdf,TOBA,2022,success,,486,461,25,0,486,1547124,0,0,0.0,17.85,2026-03-18T20:03:06.884943,large_doc_pymupdf_only,,
TOBA_2023.pdf,TOBA,2023,success,,575,547,28,0,575,1823682,0,0,0.0,17.33,2026-03-18T20:03:08.296539,large_doc_pymupdf_only,,
TOBA_2024.pdf,TOBA,2024,success,,605,587,18,0,605,1823543,0,0,0.0,16.32,2026-03-18T20:03:10.811806,large_doc_pymupdf_only,,
TOTL_2024(1).pdf,,0,failed,Cannot parse year from filename 'TOTL_2024(1).pdf',0,0,0,0,0,0,0,0,0.0,0.19,2026-03-18T20:03:11.313240,,,
TOOL_2023.pdf,TOOL,2023,success,,225,209,16,0,225,797254,0,0,0.0,8.5,2026-03-18T20:03:15.563703,large_doc_pymupdf_only,,
TOOL_2024.pdf,TOOL,2024,success,,256,240,16,0,256,887338,0,0,0.0,12.28,2026-03-18T20:03:20.670038,large_doc_pymupdf_only,,
TOYS_2022.pdf,TOYS,2022,success,,175,156,19,0,175,469703,0,0,0.0,13.41,2026-03-18T20:03:24.722079,large_doc_pymupdf_only,,
TOYS_2023.pdf,TOYS,2023,success,,169,156,13,0,169,482834,0,0,0.0,9.23,2026-03-18T20:03:24.971259,large_doc_pymupdf_only,,
TOYS_2024.pdf,TOYS,2024,success,,169,156,13,0,169,482834,0,0,0.0,5.67,2026-03-18T20:03:26.579111,large_doc_pymupdf_only,,
TOOL_2022.pdf,TOOL,2022,success,,3,3,0,3,0,14282,3387,3055,0.00542925,34.08,2026-03-18T20:03:29.953004,,,
TPMA_2022.pdf,TPMA,2022,success,,228,211,17,0,228,670741,0,0,0.0,14.26,2026-03-18T20:03:44.254542,large_doc_pymupdf_only,,
TPIA_2022.pdf,TPIA,2022,success,,438,418,20,0,438,1547252,0,0,0.0,21.57,2026-03-18T20:03:51.554306,large_doc_pymupdf_only,,
TPIA_2023.pdf,TPIA,2023,success,,477,450,27,0,477,1729440,0,0,0.0,23.04,2026-03-18T20:03:53.022167,large_doc_pymupdf_only,,
TPIA_2024.pdf,TPIA,2024,success,,503,484,19,0,503,1768033,0,0,0.0,23.53,2026-03-18T20:03:53.508736,large_doc_pymupdf_only,,
TPMA_2023.pdf,TPMA,2023,success,,222,207,15,0,222,626181,0,0,0.0,11.68,2026-03-18T20:03:56.474804,large_doc_pymupdf_only,,
TRGU_2022.pdf,TRGU,2022,success,,222,198,24,0,222,649275,0,0,0.0,12.45,2026-03-18T20:04:06.443592,large_doc_pymupdf_only,,
TPMA_2024.pdf,TPMA,2024,success,,284,270,14,0,284,890847,0,0,0.0,16.65,2026-03-18T20:04:08.551091,large_doc_pymupdf_only,,
TRGA_2024.pdf,TRGA,2024,success,,400,392,8,0,400,975988,0,0,0.0,17.81,2026-03-18T20:04:10.989062,large_doc_pymupdf_only,,
TRGU_2023.pdf,TRGU,2023,success,,177,169,8,0,177,653595,0,0,0.0,16.7,2026-03-18T20:04:13.570015,large_doc_pymupdf_only,,
TRGU_2024.pdf,TRGU,2024,success,,188,178,10,0,188,699486,0,0,0.0,17.86,2026-03-18T20:04:24.434635,large_doc_pymupdf_only,,
TRIM_2022.pdf,TRIM,2022,success,,516,478,38,0,516,1368764,0,0,0.0,20.39,2026-03-18T20:04:29.272163,large_doc_pymupdf_only,,
TRIM_2023.pdf,TRIM,2023,success,,496,466,30,0,496,1345459,0,0,0.0,20.09,2026-03-18T20:04:31.438184,large_doc_pymupdf_only,,
TRIM_2024.pdf,TRIM,2024,success,,468,437,31,0,468,1351633,0,0,0.0,18.64,2026-03-18T20:04:32.371843,large_doc_pymupdf_only,,
TRIO_2023.pdf,TRIO,2023,success,,208,189,19,0,208,841594,0,0,0.0,6.87,2026-03-18T20:04:36.203164,large_doc_pymupdf_only,,
TRIO_2024.pdf,TRIO,2024,success,,271,249,22,0,271,994573,0,0,0.0,8.99,2026-03-18T20:04:40.620200,large_doc_pymupdf_only,,
TRIO_2022.pdf,TRIO,2022,success,,2,0,2,2,0,10022,2258,2241,0.003926,20.89,2026-03-18T20:04:45.662897,,,
TRIS_2022.pdf,TRIS,2022,success,,393,381,12,0,393,1364197,0,0,0.0,15.72,2026-03-18T20:04:48.251803,large_doc_pymupdf_only,,
TRIS_2023.pdf,TRIS,2023,success,,362,344,18,0,362,1247996,0,0,0.0,15.07,2026-03-18T20:04:51.479266,large_doc_pymupdf_only,,
TRIS_2024.pdf,TRIS,2024,success,,384,357,27,0,384,1313933,0,0,0.0,18.72,2026-03-18T20:04:59.529878,large_doc_pymupdf_only,,
TRST_2022.pdf,TRST,2022,success,,235,212,23,0,235,736269,0,0,0.0,16.26,2026-03-18T20:05:02.033540,large_doc_pymupdf_only,,
TRST_2023.pdf,TRST,2023,success,,274,250,24,0,274,825032,0,0,0.0,15.85,2026-03-18T20:05:04.247567,large_doc_pymupdf_only,,
TRUS_2022.pdf,TRUS,2022,success,,114,106,8,0,114,342133,0,0,0.0,6.56,2026-03-18T20:05:06.310967,large_doc_pymupdf_only,,
TRST_2024.pdf,TRST,2024,success,,268,255,13,0,268,850171,0,0,0.0,15.72,2026-03-18T20:05:07.403284,large_doc_pymupdf_only,,
TRUS_2023.pdf,TRUS,2023,success,,125,115,10,0,125,373910,0,0,0.0,6.91,2026-03-18T20:05:09.812231,large_doc_pymupdf_only,,
TYRE_2023.pdf,TYRE,2023,success,,204,116,88,0,204,328026,0,0,0.0,4.98,2026-03-18T20:05:15.012796,large_doc_pymupdf_only,,
TUGU_2023.pdf,TUGU,2023,success,,1,0,1,1,0,4686,1129,943,0.00169675,9.26,2026-03-18T20:05:15.969766,,,
TYRE_2024.pdf,TYRE,2024,success,,103,62,41,0,103,326637,0,0,0.0,4.84,2026-03-18T20:05:19.993814,large_doc_pymupdf_only,,
TUGU_2022.pdf,TUGU,2022,success,,615,603,12,0,615,2240407,0,0,0.0,21.24,2026-03-18T20:05:25.754785,large_doc_pymupdf_only,,
UCID_2024.pdf,UCID,2024,success,,261,255,6,0,261,824970,0,0,0.0,7.45,2026-03-18T20:05:27.609515,large_doc_pymupdf_only,,
TUGU_2024.pdf,TUGU,2024,success,,672,651,21,0,672,2191740,0,0,0.0,21.28,2026-03-18T20:05:28.749519,large_doc_pymupdf_only,,
UCID_2022.pdf,UCID,2022,success,,2,2,0,2,0,8052,2258,1837,0.00332,14.32,2026-03-18T20:05:30.563339,,,
UDNG_2023.pdf,UDNG,2023,success,,186,56,130,0,186,221584,0,0,0.0,8.77,2026-03-18T20:05:34.720380,large_doc_pymupdf_only,,
UFOE_2022.pdf,UFOE,2022,success,,212,99,113,0,212,266311,0,0,0.0,8.85,2026-03-18T20:05:37.670961,large_doc_pymupdf_only,,
UFOE_2023.pdf,UFOE,2023,success,,210,101,109,0,210,277066,0,0,0.0,9.1,2026-03-18T20:05:39.915984,large_doc_pymupdf_only,,
UFOE_2024.pdf,UFOE,2024,success,,206,94,112,0,206,277831,0,0,0.0,8.03,2026-03-18T20:05:43.003864,large_doc_pymupdf_only,,
UDNG_2024.pdf,UDNG,2024,success,,260,221,39,0,260,655334,0,0,0.0,16.43,2026-03-18T20:05:44.207151,large_doc_pymupdf_only,,
ULTJ_2022.pdf,ULTJ,2022,success,,225,207,18,0,225,715198,0,0,0.0,10.13,2026-03-18T20:05:48.185953,large_doc_pymupdf_only,,
ULTJ_2023.pdf,ULTJ,2023,success,,223,206,17,0,223,727514,0,0,0.0,9.65,2026-03-18T20:05:49.936708,large_doc_pymupdf_only,,
UNIC_2022.pdf,UNIC,2022,success,,283,276,7,0,283,905349,0,0,0.0,10.58,2026-03-18T20:05:55.150423,large_doc_pymupdf_only,,
ULTJ_2024.pdf,ULTJ,2024,success,,238,227,11,0,238,809684,0,0,0.0,15.42,2026-03-18T20:05:58.537415,large_doc_pymupdf_only,,
UNIC_2023.pdf,UNIC,2023,success,,284,266,18,0,284,885335,0,0,0.0,11.85,2026-03-18T20:06:00.334229,large_doc_pymupdf_only,,
UNIC_2024.pdf,UNIC,2024,success,,286,269,17,0,286,919369,0,0,0.0,14.3,2026-03-18T20:06:04.541466,large_doc_pymupdf_only,,
UNIQ_2022.pdf,UNIQ,2022,success,,168,162,6,0,168,583706,0,0,0.0,23.67,2026-03-18T20:06:19.086814,large_doc_pymupdf_only,,
UNSP_2022.pdf,UNSP,2022,success,,340,318,22,0,340,1094295,0,0,0.0,26.78,2026-03-18T20:06:31.918827,large_doc_pymupdf_only,,
UNSP_2024.pdf,UNSP,2024,success,,331,312,19,0,331,1062902,0,0,0.0,25.7,2026-03-18T20:06:45.534252,large_doc_pymupdf_only,,
UNIQ_2024.pdf,UNIQ,2024,success,,228,148,80,0,228,346436,0,0,0.0,47.53,2026-03-18T20:06:48.218383,large_doc_pymupdf_only,,
UNIQ_2023.pdf,UNIQ,2023,success,,230,157,73,0,230,344640,0,0,0.0,55.65,2026-03-18T20:06:54.595428,large_doc_pymupdf_only,,
UNTD_2023.pdf,UNTD,2023,success,,229,211,18,0,229,719859,0,0,0.0,26.44,2026-03-18T20:06:58.820873,large_doc_pymupdf_only,,
UNVR_2023.pdf,UNVR,2023,success,,474,459,15,0,474,1362742,0,0,0.0,14.0,2026-03-18T20:07:02.603359,large_doc_pymupdf_only,,
UNTD_2024.pdf,UNTD,2024,success,,271,165,106,0,271,435403,0,0,0.0,16.6,2026-03-18T20:07:02.686426,large_doc_pymupdf_only,,
VICI_2022.pdf,VICI,2022,success,,319,287,32,0,319,954788,0,0,0.0,13.14,2026-03-18T20:07:15.885157,large_doc_pymupdf_only,,
VERN_2024.pdf,VERN,2024,success,,268,239,29,0,268,778739,0,0,0.0,17.99,2026-03-18T20:07:20.703294,large_doc_pymupdf_only,,
VICI_2023.pdf,VICI,2023,success,,431,402,29,0,431,1111889,0,0,0.0,19.99,2026-03-18T20:07:22.741892,large_doc_pymupdf_only,,
VICI_2024.pdf,VICI,2024,success,,383,368,15,0,383,1097641,0,0,0.0,20.45,2026-03-18T20:07:23.196784,large_doc_pymupdf_only,,
VINS_2024.pdf,VINS,2024,success,,308,290,18,0,308,945294,0,0,0.0,18.11,2026-03-18T20:07:42.229473,large_doc_pymupdf_only,,
VINS_2023.pdf,VINS,2023,success,,294,283,11,0,294,954803,0,0,0.0,19.7,2026-03-18T20:07:42.680012,large_doc_pymupdf_only,,
VICO_2024.pdf,VICO,2024,success,,396,369,27,0,396,1420226,0,0,0.0,23.95,2026-03-18T20:07:45.023769,large_doc_pymupdf_only,,
VIVA_2022.pdf,VIVA,2022,success,,428,408,20,0,428,1050566,0,0,0.0,15.86,2026-03-18T20:07:58.239483,large_doc_pymupdf_only,,
VIVA_2023.pdf,VIVA,2023,success,,346,334,12,0,346,1096844,0,0,0.0,17.38,2026-03-18T20:08:00.421163,large_doc_pymupdf_only,,
VICO_2023.pdf,VICO,2023,success,,425,353,72,0,425,1039844,0,0,0.0,44.55,2026-03-18T20:08:00.691171,large_doc_pymupdf_only,,
VIVA_2024.pdf,VIVA,2024,success,,346,334,12,0,346,1096844,0,0,0.0,16.65,2026-03-18T20:08:01.800100,large_doc_pymupdf_only,,
VRNA_2022.pdf,VRNA,2022,success,,313,301,12,0,313,1132390,0,0,0.0,11.45,2026-03-18T20:08:12.640963,large_doc_pymupdf_only,,
VKTR_2023.pdf,VKTR,2023,success,,430,399,31,0,430,1325124,0,0,0.0,19.82,2026-03-18T20:08:18.151797,large_doc_pymupdf_only,,
VRNA_2023.pdf,VRNA,2023,success,,2,0,2,2,0,8020,2258,1605,0.002972,16.58,2026-03-18T20:08:18.500398,,,
VKTR_2024.pdf,VKTR,2024,success,,548,498,50,0,548,1557649,0,0,0.0,22.47,2026-03-18T20:08:23.059457,large_doc_pymupdf_only,,
VRNA_2024.pdf,VRNA,2024,success,,349,339,10,0,349,1243840,0,0,0.0,11.95,2026-03-18T20:08:24.685504,large_doc_pymupdf_only,,
WAPO_2023.pdf,WAPO,2023,success,,190,183,7,0,190,449214,0,0,0.0,7.97,2026-03-18T20:08:32.858302,large_doc_pymupdf_only,,
VTNY_2022.pdf,VTNY,2022,success,,330,299,31,0,330,886798,0,0,0.0,15.17,2026-03-18T20:08:33.484217,large_doc_pymupdf_only,,
VTNY_2023.pdf,VTNY,2023,success,,319,287,32,0,319,939113,0,0,0.0,16.44,2026-03-18T20:08:35.094749,large_doc_pymupdf_only,,
VTNY_2024.pdf,VTNY,2024,success,,296,294,2,0,296,1031115,0,0,0.0,15.39,2026-03-18T20:08:38.576791,large_doc_pymupdf_only,,
WAPO_2024.pdf,WAPO,2024,success,,193,186,7,0,193,460860,0,0,0.0,8.9,2026-03-18T20:08:42.023417,large_doc_pymupdf_only,,
WEHA_2022.pdf,WEHA,2022,success,,189,168,21,0,189,614717,0,0,0.0,15.03,2026-03-18T20:08:57.321743,large_doc_pymupdf_only,,
WEGE_2022.pdf,WEGE,2022,success,,612,584,28,0,612,1941642,0,0,0.0,28.24,2026-03-18T20:09:01.975962,large_doc_pymupdf_only,,
WEGE_2023.pdf,WEGE,2023,success,,687,658,29,0,687,2045800,0,0,0.0,36.53,2026-03-18T20:09:11.953180,large_doc_pymupdf_only,,
WEHA_2024.pdf,WEHA,2024,success,,202,192,10,0,202,673886,0,0,0.0,14.74,2026-03-18T20:09:17.090751,large_doc_pymupdf_only,,
WGSH_2022.pdf,WGSH,2022,success,,224,85,139,0,224,316295,0,0,0.0,18.23,2026-03-18T20:09:30.555620,large_doc_pymupdf_only,,
WEGE_2024.pdf,WEGE,2024,success,,976,947,29,0,976,2948395,0,0,0.0,52.25,2026-03-18T20:09:30.867907,large_doc_pymupdf_only,,
WICO_2022.pdf,WICO,2022,success,,263,242,21,0,263,729945,0,0,0.0,16.77,2026-03-18T20:09:47.912647,large_doc_pymupdf_only,,
WICO_2023.pdf,WICO,2023,success,,262,241,21,0,262,760099,0,0,0.0,25.34,2026-03-18T20:10:13.997071,large_doc_pymupdf_only,,
WGSH_2024.pdf,WGSH,2024,success,,293,0,293,0,293,0,0,0,0.0,43.23,2026-03-18T20:10:14.119642,large_doc_pymupdf_only,,
WIDI_2023.pdf,WIDI,2023,success,,272,246,26,0,272,723316,0,0,0.0,15.3,2026-03-18T20:10:29.950878,large_doc_pymupdf_only,,
WICO_2024.pdf,WICO,2024,success,,303,277,26,0,303,846587,0,0,0.0,16.85,2026-03-18T20:10:31.199799,large_doc_pymupdf_only,,
WIFI_2022.pdf,WIFI,2022,success,,288,144,144,0,288,594788,0,0,0.0,19.83,2026-03-18T20:10:51.591348,large_doc_pymupdf_only,,
WIDI_2024.pdf,WIDI,2024,success,,323,311,12,0,323,776539,0,0,0.0,23.08,2026-03-18T20:10:53.591797,large_doc_pymupdf_only,,
WIFI_2023.pdf,WIFI,2023,success,,296,124,172,0,296,519735,0,0,0.0,16.28,2026-03-18T20:11:08.141849,large_doc_pymupdf_only,,
WIFI_2024.pdf,WIFI,2024,success,,338,316,22,0,338,1108553,0,0,0.0,29.98,2026-03-18T20:11:23.887781,large_doc_pymupdf_only,,
WIIM_2022.pdf,WIIM,2022,success,,253,226,27,0,253,796902,0,0,0.0,15.8,2026-03-18T20:11:24.094209,large_doc_pymupdf_only,,
WIIM_2023.pdf,WIIM,2023,success,,288,264,24,0,288,756620,0,0,0.0,25.36,2026-03-18T20:11:49.767736,large_doc_pymupdf_only,,
WINE_2022.pdf,WINE,2022,success,,230,209,21,0,230,603592,0,0,0.0,14.24,2026-03-18T20:12:04.181233,large_doc_pymupdf_only,,
WINE_2023.pdf,WINE,2023,success,,256,232,24,0,256,667287,0,0,0.0,15.26,2026-03-18T20:12:19.826051,large_doc_pymupdf_only,,
WIKA_2023.pdf,WIKA,2023,success,,1076,1065,11,0,1076,3994576,0,0,0.0,64.16,2026-03-18T20:12:28.963983,large_doc_pymupdf_only,,
WINR_2022.pdf,WINR,2022,success,,253,236,17,0,253,743370,0,0,0.0,16.46,2026-03-18T20:12:45.758398,large_doc_pymupdf_only,,
WINE_2024.pdf,WINE,2024,success,,304,279,25,0,304,942150,0,0,0.0,27.53,2026-03-18T20:12:47.554681,large_doc_pymupdf_only,,
WINR_2024.pdf,WINR,2024,success,,269,259,10,0,269,753528,0,0,0.0,13.48,2026-03-18T20:13:01.385047,large_doc_pymupdf_only,,
WINR_2023.pdf,WINR,2023,success,,254,237,17,0,254,708320,0,0,0.0,27.63,2026-03-18T20:13:13.550822,large_doc_pymupdf_only,,
WINS_2022.pdf,WINS,2022,success,,105,100,5,0,105,646498,0,0,0.0,24.09,2026-03-18T20:13:25.907310,large_doc_pymupdf_only,,
WINS_2023.pdf,WINS,2023,success,,106,102,4,0,106,640250,0,0,0.0,25.22,2026-03-18T20:13:38.992143,large_doc_pymupdf_only,,
WINS_2024.pdf,WINS,2024,success,,210,189,21,0,210,657038,0,0,0.0,14.35,2026-03-18T20:13:40.474165,large_doc_pymupdf_only,,
WGSH_2023.pdf,WGSH,2023,success,,258,80,178,0,258,297675,0,0,0.0,891.25,2026-03-18T20:24:08.670935,large_doc_pymupdf_only,,
WEHA_2023.pdf,WEHA,2023,success,,203,0,203,0,203,0,0,0,0.0,1073.89,2026-03-18T20:26:51.339225,large_doc_pymupdf_only,,
WMPP_2023.pdf,WMPP,2023,success,,307,288,19,0,307,1173244,0,0,0.0,25.53,2026-03-18T20:27:16.895527,large_doc_pymupdf_only,,
WMPP_2022.pdf,WMPP,2022,success,,293,276,17,0,293,1172077,0,0,0.0,26.04,2026-03-18T20:27:17.407339,large_doc_pymupdf_only,,
WIRG_2024.pdf,WIRG,2024,success,,561,558,3,0,561,1866308,0,0,0.0,33.11,2026-03-18T20:27:24.477451,large_doc_pymupdf_only,,
WIRG_2022.pdf,WIRG,2022,success,,323,320,3,0,323,1376282,0,0,0.0,34.37,2026-03-18T20:27:25.741225,large_doc_pymupdf_only,,
WMUU_2023.pdf,WMUU,2023,success,,1,0,1,1,0,4330,1129,872,0.00159025,8.93,2026-03-18T20:27:33.745331,,,
WMUU_2024.pdf,WMUU,2024,success,,235,217,18,0,235,765090,0,0,0.0,15.14,2026-03-18T20:27:41.138319,large_doc_pymupdf_only,,
WMPP_2024.pdf,WMPP,2024,success,,277,253,24,0,277,1065749,0,0,0.0,25.0,2026-03-18T20:27:42.113345,large_doc_pymupdf_only,,
WOMF_2022.pdf,WOMF,2022,success,,624,616,8,0,624,2075228,0,0,0.0,28.96,2026-03-18T20:28:03.114814,large_doc_pymupdf_only,,
WOMF_2024.pdf,WOMF,2024,success,,742,732,10,0,742,2420523,0,0,0.0,29.82,2026-03-18T20:28:12.266011,large_doc_pymupdf_only,,
WOOD_2022.pdf,WOOD,2022,success,,212,192,20,0,212,733749,0,0,0.0,11.08,2026-03-18T20:28:14.638310,large_doc_pymupdf_only,,
WOOD_2023.pdf,WOOD,2023,success,,1,1,0,1,0,3657,1129,732,0.00138025,7.4,2026-03-18T20:28:19.989259,,,
WOMF_2023.pdf,WOMF,2023,success,,791,781,10,0,791,2319683,0,0,0.0,39.75,2026-03-18T20:28:21.338936,large_doc_pymupdf_only,,
WOOD_2024.pdf,WOOD,2024,success,,293,278,15,0,293,957736,0,0,0.0,16.81,2026-03-18T20:28:31.680681,large_doc_pymupdf_only,,
WOWS_2022.pdf,WOWS,2022,success,,305,284,21,0,305,829503,0,0,0.0,16.12,2026-03-18T20:28:36.437781,large_doc_pymupdf_only,,
WOWS_2023.pdf,WOWS,2023,success,,315,306,9,0,315,893198,0,0,0.0,15.96,2026-03-18T20:28:37.628350,large_doc_pymupdf_only,,
WOWS_2024.pdf,WOWS,2024,success,,191,170,21,0,191,541721,0,0,0.0,9.14,2026-03-18T20:28:41.123287,large_doc_pymupdf_only,,
WSBP_2022.pdf,WSBP,2022,success,,858,838,20,0,858,2854113,0,0,0.0,41.66,2026-03-18T20:29:18.224335,large_doc_pymupdf_only,,
WSBP_2023.pdf,WSBP,2023,success,,955,948,7,0,955,3347562,0,0,0.0,41.96,2026-03-18T20:29:19.933071,large_doc_pymupdf_only,,
WSBP_2024.pdf,WSBP,2024,success,,947,947,0,0,947,3489827,0,0,0.0,49.06,2026-03-18T20:29:30.446482,large_doc_pymupdf_only,,
WTON_2022.pdf,WTON,2022,success,,803,781,22,0,803,2336110,0,0,0.0,77.25,2026-03-18T20:30:37.393695,large_doc_pymupdf_only,,
WSKT_2022.pdf,WSKT,2022,success,,895,877,18,0,895,3697255,0,0,0.0,130.43,2026-03-18T20:31:28.954369,large_doc_pymupdf_only,,
YELO_2022.pdf,YELO,2022,success,,3,3,0,3,0,13894,3387,3130,0.00554175,43.02,2026-03-18T20:32:12.680851,,,
WTON_2024.pdf,WTON,2024,success,,854,833,21,0,854,2643320,0,0,0.0,115.01,2026-03-18T20:32:33.060259,large_doc_pymupdf_only,,
YELO_2023.pdf,YELO,2023,success,,211,186,25,0,211,651290,0,0,0.0,51.62,2026-03-18T20:33:04.645905,large_doc_pymupdf_only,,
YELO_2024.pdf,YELO,2024,success,,218,201,17,0,218,667934,0,0,0.0,40.78,2026-03-18T20:33:15.030297,large_doc_pymupdf_only,,
WTON_2023.pdf,WTON,2023,success,,800,769,31,0,800,2424147,0,0,0.0,239.89,2026-03-18T20:33:31.425689,large_doc_pymupdf_only,,
YOII_2024.pdf,YOII,2024,success,,2,2,0,2,0,9271,2258,1934,0.0034655,27.38,2026-03-18T20:33:32.568556,,,
YPAS_2023.pdf,YPAS,2023,success,,221,214,7,0,221,762477,0,0,0.0,15.54,2026-03-18T20:33:47.233133,large_doc_pymupdf_only,,
YPAS_2024.pdf,YPAS,2024,success,,2,2,0,2,0,8418,2258,1899,0.003413,20.28,2026-03-18T20:33:53.335501,,,
YULE_2022.pdf,YULE,2022,success,,211,208,3,0,211,493056,0,0,0.0,7.86,2026-03-18T20:33:55.374125,large_doc_pymupdf_only,,
YULE_2023.pdf,YULE,2023,success,,2,0,2,2,0,7971,2234,1697,0.003104,19.55,2026-03-18T20:34:13.234226,,,
YULE_2024.pdf,YULE,2024,success,,250,240,10,0,250,953647,0,0,0.0,19.55,2026-03-18T20:34:15.138847,large_doc_pymupdf_only,,
YUPI_2024.pdf,YUPI,2024,success,,212,196,16,0,212,642282,0,0,0.0,12.82,2026-03-18T20:34:26.478275,large_doc_pymupdf_only,,
ZATA_2022.pdf,ZATA,2022,success,,144,131,13,0,144,502787,0,0,0.0,11.25,2026-03-18T20:34:26.802428,large_doc_pymupdf_only,,
ZATA_2023.pdf,ZATA,2023,success,,1,0,1,1,0,4038,1129,1015,0.00180475,10.54,2026-03-18T20:34:37.356099,,,
ZATA_2024.pdf,ZATA,2024,success,,317,191,126,0,317,532848,0,0,0.0,19.99,2026-03-18T20:34:47.543323,large_doc_pymupdf_only,,
ZBRA_2022.pdf,ZBRA,2022,success,,152,126,26,0,152,461219,0,0,0.0,9.95,2026-03-18T20:34:47.799618,large_doc_pymupdf_only,,
ZBRA_2023.pdf,ZBRA,2023,success,,141,128,13,0,141,461853,0,0,0.0,15.65,2026-03-18T20:35:03.328490,large_doc_pymupdf_only,,
ZINC_2022.pdf,ZINC,2022,success,,239,231,8,0,239,1103089,0,0,0.0,23.71,2026-03-18T20:35:11.821600,large_doc_pymupdf_only,,
ZINC_2023.pdf,ZINC,2023,success,,84,79,5,0,84,460574,0,0,0.0,9.57,2026-03-18T20:35:13.020954,large_doc_pymupdf_only,,
ZONE_2022.pdf,ZONE,2022,success,,274,272,2,0,274,983594,0,0,0.0,20.39,2026-03-18T20:35:32.597106,large_doc_pymupdf_only,,
ZONE_2023.pdf,ZONE,2023,success,,302,281,21,0,302,1070678,0,0,0.0,20.88,2026-03-18T20:35:34.101138,large_doc_pymupdf_only,,
ZONE_2024.pdf,ZONE,2024,success,,344,312,32,0,344,1119643,0,0,0.0,24.16,2026-03-18T20:35:57.109933,large_doc_pymupdf_only,,
ZYRX_2023.pdf,ZYRX,2023,success,,253,80,173,0,253,284508,0,0,0.0,200.8,2026-03-18T20:39:18.296156,large_doc_pymupdf_only,,
ZYRX_2024.pdf,ZYRX,2024,success,,273,90,183,0,273,290903,0,0,0.0,20.7,2026-03-18T20:39:39.434307,large_doc_pymupdf_only,,
YPAS_2022.pdf,YPAS,2022,success,,201,0,201,0,201,0,0,0,0.0,1653.91,2026-03-18T21:00:50.195014,large_doc_pymupdf_only,,
WMUU_2022.pdf,WMUU,2022,success,,215,0,215,0,215,0,0,0,0.0,2018.19,2026-03-18T21:00:55.968384,large_doc_pymupdf_only,,
ZYRX_2022.pdf,ZYRX,2022,success,,234,0,234,0,234,0,0,0,0.0,1758.56,2026-03-18T21:04:52.903252,large_doc_pymupdf_only,,
AADI_2025.pdf,AADI,2025,success,,438,402,36,36,402,1490849,118982,9615,0.0157442,200.34,2026-09-30T15:37:45.605459,,0.0,google/gemini-2.5-flash-lite
AALI_2025.pdf,AALI,2025,success,,307,210,97,97,210,807012,325536,74440,0.0623296,613.45,2026-09-30T15:44:38.719996,,0.0,google/gemini-2.5-flash-lite
ABBA_2025.pdf,ABBA,2025,success,,326,300,26,26,300,1101416,88166,7619,0.01159321,156.36,2026-09-30T15:37:01.672726,,0.0,google/gemini-2.5-flash-lite
ABDA_2025.pdf,ABDA,2025,success,,341,322,19,19,322,1091002,64429,10021,0.0104513,113.98,2026-09-30T15:36:19.312054,,0.0,google/gemini-2.5-flash-lite
ABMM_2025.pdf,ABMM,2025,success,,670,651,19,19,651,1939881,64429,433,0.0066161,93.99,2026-09-30T15:37:53.309887,,0.0,google/gemini-2.5-flash-lite
ACES_2025.pdf,ACES,2025,success,,316,288,28,28,288,913681,94948,7272,0.01213261,114.78,2026-09-30T15:38:56.455847,,0.0,google/gemini-2.5-flash-lite
ACRO_2025.pdf,ACRO,2025,success,,365,355,10,10,355,1061605,33910,4585,0.0049523,64.98,2026-09-30T15:38:50.597045,,0.0,google/gemini-2.5-flash-lite
ACST_2025.pdf,ACST,2025,success,,442,409,33,33,409,1415604,108512,8967,0.014438,186.84,2026-09-30T15:41:00.155310,,0.0,google/gemini-2.5-flash-lite
ADCP_2025.pdf,ADCP,2025,success,,474,439,35,35,439,1551683,118685,13292,0.01691431,221.73,2026-09-30T15:42:32.400385,,0.0,google/gemini-2.5-flash-lite
ADES_2025.pdf,ADES,2025,success,,192,106,86,86,106,608369,286984,83708,0.0621816,596.06,2026-09-30T15:48:52.518877,,0.0,google/gemini-2.5-flash-lite
ADHI_2025.pdf,ADHI,2025,success,,780,754,26,26,754,2626082,88166,14518,0.0146238,172.52,2026-09-30T15:43:52.682614,,0.0,google/gemini-2.5-flash-lite
ADMF_2025.pdf,ADMF,2025,success,,672,640,32,32,640,2118747,108512,2341,0.0117876,188.35,2026-09-30T15:45:40.752464,,0.0,google/gemini-2.5-flash-lite
ADMG_2025.pdf,ADMG,2025,success,,255,241,14,14,241,922010,47474,622,0.0049962,55.84,2026-09-30T15:44:48.527334,,0.0,google/gemini-2.5-flash-lite
ADMR_2025.pdf,ADMR,2025,success,,428,397,31,31,397,1414282,105121,8158,0.0137753,154.66,2026-09-30T15:47:13.378025,,0.0,google/gemini-2.5-flash-lite
ADRO_2025.pdf,ADRO,2025,success,,472,445,27,27,445,1518884,88463,9262,0.0125511,212.29,2026-09-30T15:48:20.819903,,0.0,google/gemini-2.5-flash-lite
AEGS_2025.pdf,AEGS,2025,success,,281,254,27,27,254,578678,91557,2620,0.0102037,134.27,2026-09-30T15:47:55.021334,,0.0,google/gemini-2.5-flash-lite
AGAR_2025.pdf,AGAR,2025,success,,159,150,9,9,150,421470,27128,6436,0.0052872,68.44,2026-09-30T15:48:21.819064,,0.0,google/gemini-2.5-flash-lite
AGII_2025.pdf,AGII,2025,success,,546,525,21,21,525,1853744,71211,1696,0.0077995,143.03,2026-09-30T15:50:18.055786,,0.0,google/gemini-2.5-flash-lite
AGRO_2025.pdf,AGRO,2025,success,,798,793,5,5,793,3422030,16955,1739,0.0023911,37.63,2026-09-30T15:48:58.448749,,0.0,google/gemini-2.5-flash-lite
AGRS_2025.pdf,AGRS,2025,success,,620,602,18,18,602,2211728,57647,4853,0.0077059,127.86,2026-09-30T15:50:29.679955,,0.0,google/gemini-2.5-flash-lite
AHAP_2025.pdf,AHAP,2025,success,,262,245,17,17,245,780462,57647,7475,0.00848596,65.03,2026-09-30T15:49:57.548273,,0.0,google/gemini-2.5-flash-lite
AIMS_2025.pdf,AIMS,2025,success,,206,193,13,13,193,644002,44083,5709,0.0066919,84.25,2026-09-30T15:50:22.698971,,0.0,google/gemini-2.5-flash-lite
AISA_2025.pdf,AISA,2025,success,,309,298,11,11,298,978329,37301,226,0.0038205,61.72,2026-09-30T15:50:59.268283,,0.0,google/gemini-2.5-flash-lite
AKKU_2025.pdf,AKKU,2025,success,,169,78,91,91,78,486092,308581,84046,0.06420335,582.14,2026-09-30T16:00:00.195240,,0.0,google/gemini-2.5-flash-lite
AKPI_2025.pdf,AKPI,2025,success,,244,225,19,19,225,728413,64429,1201,0.0069233,68.58,2026-09-30T15:51:31.276727,,0.0,google/gemini-2.5-flash-lite
AKRA_2025.pdf,AKRA,2025,success,,453,428,25,25,428,1345461,84775,1131,0.00865675,92.68,2026-09-30T15:52:02.365125,,0.0,google/gemini-2.5-flash-lite
AKSI_2025.pdf,AKSI,2025,success,,239,231,8,8,231,900092,27128,6276,0.0052232,71.81,2026-09-30T15:52:11.385964,,0.0,google/gemini-2.5-flash-lite
ALDO_2025.pdf,ALDO,2025,success,,351,338,13,13,338,1329807,44083,635,0.0046623,95.07,2026-09-30T15:53:06.351528,,0.0,google/gemini-2.5-flash-lite
ALII_2025.pdf,ALII,2025,success,,334,313,21,21,313,1219637,71211,7047,0.0099399,138.96,2026-09-30T15:54:21.332876,,0.0,google/gemini-2.5-flash-lite
ALKA_2025.pdf,ALKA,2025,success,,252,242,10,10,242,675985,26170,6773,0.0053262,110.99,2026-09-30T15:54:02.374445,,0.0,google/gemini-2.5-flash-lite
ALMI_2025.pdf,ALMI,2025,success,,112,98,14,14,98,360720,47474,7499,0.007747,72.11,2026-09-30T15:54:19.290968,,0.0,google/gemini-2.5-flash-lite
AMAG_2025.pdf,AMAG,2025,success,,336,326,10,10,326,1112751,33910,6642,0.0060478,57.4,2026-09-30T15:54:59.777676,,0.0,google/gemini-2.5-flash-lite
AMAN_2025.pdf,AMAN,2025,success,,286,262,24,24,262,1033668,81384,14632,0.01371805,123.52,2026-09-30T15:56:22.811025,,0.0,google/gemini-2.5-flash-lite
AMAR_2025.pdf,AMAR,2025,success,,636,612,24,24,612,1814359,81384,1875,0.00861741,91.65,2026-09-30T15:55:52.984843,,0.0,google/gemini-2.5-flash-lite
AMFG_2025.pdf,AMFG,2025,success,,117,106,11,11,106,710530,37301,4795,0.0056481,61.11,2026-09-30T15:56:01.750254,,0.0,google/gemini-2.5-flash-lite
AMIN_2025.pdf,AMIN,2025,success,,356,339,17,17,339,1085421,57647,1594,0.0064023,61.5,2026-09-30T15:56:54.488234,,0.0,google/gemini-2.5-flash-lite
AMMN_2025.pdf,AMMN,2025,success,,347,332,15,15,332,1226775,50865,1167,0.0055533,60.6,2026-09-30T15:57:02.352621,,0.0,google/gemini-2.5-flash-lite
AMMS_2025.pdf,AMMS,2025,success,,190,172,18,18,172,569587,61038,6078,0.00826401,81.17,2026-09-30T15:57:43.988356,,0.0,google/gemini-2.5-flash-lite
AMOR_2025.pdf,AMOR,2025,success,,280,270,10,10,270,972957,33910,428,0.0035622,46.04,2026-09-30T15:57:40.528251,,0.0,google/gemini-2.5-flash-lite
AMRT_2025.pdf,AMRT,2025,success,,542,532,10,10,532,1869865,33910,1631,0.0040434,47.1,2026-09-30T15:57:49.458512,,0.0,google/gemini-2.5-flash-lite
ANDI_2025.pdf,ANDI,2025,success,,332,311,21,21,311,1041012,71211,1536,0.0077355,76.19,2026-09-30T15:58:56.720102,,0.0,google/gemini-2.5-flash-lite
ANJT_2025.pdf,ANJT,2025,success,,374,348,26,26,348,1002527,88166,1558,0.0094398,94.03,2026-09-30T15:59:18.024282,,0.0,google/gemini-2.5-flash-lite
ANTM_2025.pdf,ANTM,2025,success,,1096,1080,16,16,1080,4053496,54256,3306,0.006748,103.41,2026-09-30T15:59:32.870530,,0.0,google/gemini-2.5-flash-lite
APEX_2025.pdf,APEX,2025,success,,251,219,32,32,219,797581,108512,7319,0.0137788,138.96,2026-09-30T16:01:15.688041,,0.0,google/gemini-2.5-flash-lite
APIC_2025.pdf,APIC,2025,success,,227,222,5,5,222,1008834,16955,1472,0.0022843,21.33,2026-09-30T15:59:39.358347,,0.0,google/gemini-2.5-flash-lite
APII_2025.pdf,APII,2025,success,,274,253,21,21,253,834497,71211,6410,0.0096851,89.33,2026-09-30T16:01:02.253024,,0.0,google/gemini-2.5-flash-lite
APLI_2025.pdf,APLI,2025,success,,222,189,33,33,189,699747,111903,10770,0.0154983,152.24,2026-09-30T16:02:11.596608,,0.0,google/gemini-2.5-flash-lite
APLN_2025.pdf,APLN,2025,success,,512,502,10,10,502,1892175,33910,8259,0.0066946,70.31,2026-09-30T16:01:10.503942,,0.0,google/gemini-2.5-flash-lite
ARCI_2025.pdf,ARCI,2025,success,,307,284,23,23,284,955429,74899,2403,0.0084511,152.29,2026-09-30T16:03:34.543478,,0.0,google/gemini-2.5-flash-lite
AREA_2025.pdf,AREA,2025,success,,150,75,75,75,75,473676,247840,71300,0.053304,580.89,2026-09-30T16:10:51.394703,,0.0,google/gemini-2.5-flash-lite
ARGO_2025.pdf,ARGO,2025,success,,270,252,18,18,252,855770,61038,6246,0.0086022,98.8,2026-09-30T16:12:30.229423,,0.0,google/gemini-2.5-flash-lite
ARII_2025.pdf,ARII,2025,success,,317,302,15,15,302,1050974,50865,6525,0.0076965,97.48,2026-09-30T16:12:28.901251,,0.0,google/gemini-2.5-flash-lite
ARKO_2025.pdf,ARKO,2025,success,,347,318,29,29,318,1019740,98339,7149,0.0126935,196.97,2026-09-30T16:14:08.397240,,0.0,google/gemini-2.5-flash-lite
ARNA_2025.pdf,ARNA,2025,success,,310,302,8,8,302,1095872,27128,2054,0.0035344,42.3,2026-09-30T16:11:33.723686,,0.0,google/gemini-2.5-flash-lite
ARTA_2025.pdf,ARTA,2025,success,,207,185,22,22,185,652336,71508,1430,0.0077228,111.38,2026-09-30T16:13:25.102963,,0.0,google/gemini-2.5-flash-lite
ARTI_2025.pdf,ARTI,2025,success,,166,165,1,1,165,541113,1843,46,0.0002027,8.52,2026-09-30T16:12:37.420660,,0.0,google/gemini-2.5-flash-lite
ARTO_2025.pdf,ARTO,2025,success,,652,487,165,165,487,1813709,549639,136164,0.1094295,1127.74,2026-09-30T16:31:17.975623,,0.0,google/gemini-2.5-flash-lite
ASBI_2025.pdf,ASBI,2025,success,,382,363,19,19,363,1509665,64429,1133,0.00662295,81.61,2026-09-30T16:13:59.034105,,0.0,google/gemini-2.5-flash-lite
ASDM_2025.pdf,ASDM,2025,success,,393,382,11,11,382,1298476,37301,2033,0.0045433,66.21,2026-09-30T16:14:31.318099,,0.0,google/gemini-2.5-flash-lite
ASGR_2025.pdf,ASGR,2025,success,,288,269,19,19,269,877120,64429,6646,0.0091013,122.8,2026-09-30T16:16:01.838293,,0.0,google/gemini-2.5-flash-lite
ASHA_2025.pdf,ASHA,2025,success,,261,81,180,180,81,751090,607286,107397,0.1036874,1332.97,2026-09-30T16:36:21.367044,,0.0,google/gemini-2.5-flash-lite
ASII_2025.pdf,ASII,2025,success,,570,546,24,24,546,1662264,81384,17167,0.0150052,208.88,2026-09-30T16:18:00.201958,,0.0,google/gemini-2.5-flash-lite
ASJT_2025.pdf,ASJT,2025,success,,312,312,0,0,312,997279,0,0,0.0,6.71,2026-09-30T16:16:08.552355,,0.0,
ASLC_2025.pdf,ASLC,2025,success,,325,308,17,17,308,1042062,57647,1965,0.0065507,95.95,2026-09-30T16:17:44.502491,,0.0,google/gemini-2.5-flash-lite
ASLI_2025.pdf,ASLI,2025,success,,260,235,25,25,235,770007,84775,7538,0.0114927,194.05,2026-09-30T16:20:58.555374,,0.0,google/gemini-2.5-flash-lite
ASMI_2025.pdf,ASMI,2025,success,,411,388,23,23,388,1327187,77993,7592,0.0108361,156.5,2026-09-30T16:20:36.709396,,0.0,google/gemini-2.5-flash-lite
ASPI_2025.pdf,ASPI,2025,success,,147,140,7,7,140,456074,23737,696,0.0026521,28.43,2026-09-30T16:21:05.147105,,0.0,google/gemini-2.5-flash-lite
ASPR_2025.pdf,ASPR,2025,success,,255,251,4,4,251,735802,13564,78,0.0013876,24.58,2026-09-30T16:21:23.134331,,0.0,google/gemini-2.5-flash-lite
ASRI_2025.pdf,ASRI,2025,success,,335,307,28,28,307,1076524,94948,7826,0.0126252,157.49,2026-09-30T16:23:42.637115,,0.0,google/gemini-2.5-flash-lite
ASRM_2025.pdf,ASRM,2025,success,,270,254,16,16,254,861503,54256,7775,0.0085356,86.77,2026-09-30T16:22:49.903157,,0.0,google/gemini-2.5-flash-lite
ASSA_2025.pdf,ASSA,2025,success,,544,531,13,13,531,1937140,40692,2404,0.0050308,65.94,2026-09-30T16:23:55.851540,,0.0,google/gemini-2.5-flash-lite
ATAP_2025.pdf,ATAP,2025,success,,242,210,32,32,210,587433,105418,7030,0.0133538,198.5,2026-09-30T16:27:01.142962,,0.0,google/gemini-2.5-flash-lite
ATIC_2025.pdf,ATIC,2025,success,,436,425,11,11,425,1279700,37301,1880,0.0044821,48.11,2026-09-30T16:24:43.963331,,0.0,google/gemini-2.5-flash-lite
ATLA_2025.pdf,ATLA,2025,success,,239,228,11,11,228,781777,37301,1220,0.0042181,78.7,2026-09-30T16:26:02.668171,,0.0,google/gemini-2.5-flash-lite
AUTO_2025.pdf,AUTO,2025,success,,384,357,27,27,357,1113885,91557,8951,0.01248545,179.38,2026-09-30T16:29:02.052333,,0.0,google/gemini-2.5-flash-lite
AVIA_2025.pdf,AVIA,2025,success,,218,213,5,5,213,1056803,16955,1176,0.0021659,23.74,2026-09-30T16:27:24.887153,,0.0,google/gemini-2.5-flash-lite
AWAN_2025.pdf,AWAN,2025,success,,270,247,23,23,247,732032,77993,4713,0.0096845,85.56,2026-09-30T16:28:50.452201,,0.0,google/gemini-2.5-flash-lite
AXIO_2025.pdf,AXIO,2025,success,,545,466,79,79,466,1407437,261701,25629,0.0364217,387.82,2026-09-30T16:35:18.274548,,0.0,google/gemini-2.5-flash-lite
AYAM_2025.pdf,AYAM,2025,success,,272,255,17,17,255,795659,57647,544,0.0059823,93.51,2026-09-30T16:30:35.565219,,0.0,google/gemini-2.5-flash-lite
AYLS_2025.pdf,AYLS,2025,success,,201,180,21,21,180,614749,71211,5092,0.0091579,78.54,2026-09-30T16:31:54.116345,,0.0,google/gemini-2.5-flash-lite
BABP_2025.pdf,BABP,2025,success,,630,620,10,10,620,2184605,33910,6058,0.0058142,52.82,2026-09-30T16:32:10.834234,,0.0,google/gemini-2.5-flash-lite
BABY_2025.pdf,BABY,2025,success,,275,252,23,23,252,947260,77993,12030,0.0126113,118.51,2026-09-30T16:33:52.632738,,0.0,google/gemini-2.5-flash-lite
BACA_2025.pdf,BACA,2025,success,,546,517,29,29,517,1651017,92151,2522,0.0102239,128.43,2026-09-30T16:34:19.270388,,0.0,google/gemini-2.5-flash-lite
BAIK_2025.pdf,BAIK,2025,success,,148,137,11,11,137,744310,37301,1297,0.0042489,48.91,2026-09-30T16:34:41.548387,,0.0,google/gemini-2.5-flash-lite
BAJA_2025.pdf,BAJA,2025,success,,220,205,15,15,205,767285,50865,1063,0.0055117,57.5,2026-09-30T16:35:16.780414,,0.0,google/gemini-2.5-flash-lite
BALI_2025.pdf,BALI,2025,success,,306,284,22,22,284,1136936,71508,6822,0.0098796,99.08,2026-09-30T16:36:20.635432,,0.0,google/gemini-2.5-flash-lite
BANK_2025.pdf,BANK,2025,success,,848,821,27,27,821,2557068,91557,11117,0.0136025,121.13,2026-09-30T16:37:17.972571,,0.0,google/gemini-2.5-flash-lite
BAPA-2025.pdf,BAPA,2025,success,,145,143,2,2,143,408832,6782,886,0.0010326,10.87,2026-09-30T16:35:29.152629,,0.0,google/gemini-2.5-flash-lite
BAPI_2025.pdf,BAPI,2025,success,,180,171,9,9,171,562672,30519,2400,0.0040119,38.6,2026-09-30T16:36:07.804143,,0.0,google/gemini-2.5-flash-lite
BATA_2025.pdf,BATA,2025,success,,263,249,14,14,249,776484,47474,1857,0.0054902,96.05,2026-09-30T16:37:43.856977,,0.0,google/gemini-2.5-flash-lite
BATR_2025.pdf,BATR,2025,success,,364,348,16,16,348,1088418,54256,1794,0.0061432,64.48,2026-09-30T16:37:25.228837,,0.0,google/gemini-2.5-flash-lite
BAUT_2025.pdf,BAUT,2025,success,,283,258,25,25,258,950973,81384,7068,0.0109656,123.46,2026-09-30T16:38:24.891431,,0.0,google/gemini-2.5-flash-lite
BAYU_2025.pdf,BAYU,2025,success,,200,188,12,12,188,702888,40692,5891,0.0064256,61.02,2026-09-30T16:38:18.993359,,0.0,google/gemini-2.5-flash-lite
BBCA_2025.pdf,BBCA,2025,success,,606,590,16,16,590,1890693,50865,3843,0.0066237,65.13,2026-09-30T16:38:30.356935,,0.0,google/gemini-2.5-flash-lite
BBHI_2025.pdf,BBHI,2025,success,,710,679,31,31,679,2423082,105121,9425,0.01374651,152.66,2026-09-30T16:40:16.520243,,0.0,google/gemini-2.5-flash-lite
BBKP_2025.pdf,BBKP,2025,success,,920,890,30,30,890,3227826,101730,7784,0.01301561,142.7,2026-09-30T16:40:41.695292,,0.0,google/gemini-2.5-flash-lite
BBLD_2025.pdf,BBLD,2025,success,,370,342,28,28,342,1346326,94948,8470,0.0128828,132.43,2026-09-30T16:40:37.326064,,0.0,google/gemini-2.5-flash-lite
BBMD_2025.pdf,BBMD,2025,success,,703,670,33,33,670,2074606,111903,12453,0.0161715,165.61,2026-09-30T16:41:15.966620,,0.0,google/gemini-2.5-flash-lite
BBNI_2025.pdf,BBNI,2025,success,,1602,1569,33,33,1569,5566424,111903,10482,0.0153831,148.06,2026-09-30T16:42:44.582852,,0.0,google/gemini-2.5-flash-lite
BBRI_2025.pdf,BBRI,2025,success,,1407,1387,20,20,1387,4462973,67820,2379,0.00746261,82.12,2026-09-30T16:41:59.505137,,0.0,google/gemini-2.5-flash-lite
BBRM_2025.pdf,BBRM,2025,success,,200,182,18,18,182,703143,61038,8312,0.00919631,88.75,2026-09-30T16:44:13.450217,,0.0,google/gemini-2.5-flash-lite
BBSI_2025.pdf,BBSI,2025,success,,453,417,36,36,417,1501195,118685,8129,0.0151201,187.75,2026-09-30T16:45:52.452922,,0.0,google/gemini-2.5-flash-lite
BBSS_2025.pdf,BBSS,2025,success,,264,246,18,18,246,719124,61038,1693,0.006781,77.26,2026-09-30T16:44:02.007041,,0.0,google/gemini-2.5-flash-lite
BBTN_2025.pdf,BBTN,2025,success,,1449,1426,23,23,1426,4161520,77219,6248,0.0102211,135.84,2026-09-30T16:45:00.893863,,0.0,google/gemini-2.5-flash-lite
BBYB_2025.pdf,BBYB,2025,success,,726,701,25,25,701,2118359,84775,2859,0.00934795,95.71,2026-09-30T16:45:37.719267,,0.0,google/gemini-2.5-flash-lite
BCAP_2025.pdf,BCAP,2025,success,,428,426,2,2,426,1586277,6782,84,0.0007118,18.69,2026-09-30T16:44:32.144622,,0.0,google/gemini-2.5-flash-lite
BCIP_2025.pdf,BCIP,2025,success,,271,251,20,20,251,727140,64726,633,0.0067258,119.61,2026-09-30T16:46:31.802099,,0.0,google/gemini-2.5-flash-lite
BDKR_2025.pdf,BDKR,2025,success,,286,258,28,28,258,1042122,94948,586,0.0097292,112.22,2026-09-30T17:43:36.399267,,0.0,google/gemini-2.5-flash-lite
BDMN_2025.pdf,BDMN,2025,success,,816,770,46,46,770,2461810,152595,21057,0.0236823,227.23,2026-09-30T17:45:31.411756,,0.0,google/gemini-2.5-flash-lite
BEEF_2025.pdf,BEEF,2025,success,,244,228,16,16,228,708863,54256,368,0.0055728,72.78,2026-09-30T17:42:56.980130,,0.0,google/gemini-2.5-flash-lite
BEER_2025.pdf,BEER,2025,success,,231,209,22,22,209,781610,74602,2246,0.0083586,97.79,2026-09-30T17:43:21.995380,,0.0,google/gemini-2.5-flash-lite
BEKS_2025.pdf,BEKS,2025,success,,549,523,26,26,523,1982115,88166,7788,0.0119318,126.57,2026-09-30T17:45:03.551752,,0.0,google/gemini-2.5-flash-lite
BELI_2025.pdf,BELI,2025,success,,266,266,0,0,266,1671555,0,0,0.0,6.2,2026-09-30T17:43:28.200829,,0.0,
BELL_2025.pdf,BELL,2025,success,,355,331,24,24,331,1264417,81384,6782,0.0108512,104.67,2026-09-30T17:45:12.946165,,0.0,google/gemini-2.5-flash-lite
BESS_2025.pdf,BESS,2025,success,,245,238,7,7,238,911217,23737,6126,0.0048241,45.19,2026-09-30T17:44:21.591520,,0.0,google/gemini-2.5-flash-lite
BEST_2025.pdf,BEST,2025,success,,167,163,4,4,163,966018,13564,5583,0.0035896,34.41,2026-09-30T17:44:56.000891,,0.0,google/gemini-2.5-flash-lite
BFIN_2025.pdf,BFIN,2025,success,,462,430,32,32,430,1185054,108512,6562,0.013476,138.99,2026-09-30T17:47:14.991297,,0.0,google/gemini-2.5-flash-lite
BGTG_2025.pdf,BGTG,2025,success,,603,583,20,20,583,2109438,67820,2691,0.0078584,130.05,2026-09-30T17:47:13.607300,,0.0,google/gemini-2.5-flash-lite
BHIT_2025.pdf,BHIT,2025,success,,437,436,1,1,436,1612743,3391,62,0.0003639,15.76,2026-09-30T17:45:28.713260,,0.0,google/gemini-2.5-flash-lite
BIKE_2025.pdf,BIKE,2025,success,,271,258,13,13,258,779149,37895,1461,0.0043739,83.37,2026-09-30T17:46:52.131728,,0.0,google/gemini-2.5-flash-lite
BIMA_2025.pdf,BIMA,2025,success,,140,119,21,21,119,404453,71211,3900,0.0086811,85.7,2026-09-30T17:46:57.118984,,0.0,google/gemini-2.5-flash-lite
BINA_2025.pdf,BINA,2025,success,,602,583,19,19,583,2073015,64429,2535,0.0074569,72.33,2026-09-30T17:48:04.466719,,0.0,google/gemini-2.5-flash-lite
BINO_2025.pdf,BINO,2025,success,,328,314,14,14,314,1039737,47474,1413,0.0053126,92.18,2026-09-30T17:48:29.295877,,0.0,google/gemini-2.5-flash-lite
BIPI_2025.pdf,BIPI,2025,success,,372,345,27,27,345,1183134,91557,7262,0.01178951,113.49,2026-09-30T17:49:07.101575,,0.0,google/gemini-2.5-flash-lite
BIPP_2025.pdf,BIPP,2025,success,,387,345,42,42,345,1098030,142422,1083,0.0146754,146.36,2026-09-30T17:49:41.357198,,0.0,google/gemini-2.5-flash-lite
BIRD_2025.pdf,BIRD,2025,success,,410,380,30,30,380,1272497,91557,7632,0.0122085,135.95,2026-09-30T17:50:20.593371,,0.0,google/gemini-2.5-flash-lite
BISI_2025.pdf,BISI,2025,success,,178,173,5,5,173,602010,16955,1907,0.0024583,22.1,2026-09-30T17:48:51.393600,,0.0,google/gemini-2.5-flash-lite
BJBR_2025.pdf,BJBR,2025,success,,1502,1473,29,29,1473,5363289,98339,8495,0.0132319,150.94,2026-09-30T17:51:22.336765,,0.0,google/gemini-2.5-flash-lite
BJTM_2025.pdf,BJTM,2025,success,,867,839,28,28,839,2804356,94948,9031,0.0131072,139.64,2026-09-30T17:51:26.744347,,0.0,google/gemini-2.5-flash-lite
BKDP_2025.pdf,BKDP,2025,success,,140,127,13,13,127,570916,40989,8679,0.0075705,81.98,2026-09-30T17:51:03.391401,,0.0,google/gemini-2.5-flash-lite
BKSL_2025.pdf,BKSL,2025,success,,332,306,26,26,306,1079219,88166,1943,0.00932281,103.65,2026-09-30T17:52:04.243859,,0.0,google/gemini-2.5-flash-lite
BKSW_2025.pdf,BKSW,2025,success,,220,217,3,3,217,1127332,10173,108,0.0010605,20.74,2026-09-30T17:51:24.131075,,0.0,google/gemini-2.5-flash-lite
BLES_2025.pdf,BLES,2025,success,,319,301,18,18,301,1020102,61038,777,0.0064146,61.04,2026-09-30T17:52:23.382479,,0.0,google/gemini-2.5-flash-lite
BLOG_2025.pdf,BLOG,2025,success,,296,275,21,21,275,937985,71211,8223,0.0104103,95.35,2026-09-30T17:52:59.554205,,0.0,google/gemini-2.5-flash-lite
BLTA_2025.pdf,BLTA,2025,success,,259,236,23,23,236,802841,77993,10212,0.0118841,114.74,2026-09-30T17:53:21.489837,,0.0,google/gemini-2.5-flash-lite
BLTZ_2025.pdf,BLTZ,2025,success,,370,343,27,27,343,1000767,91557,7643,0.0122129,120.63,2026-09-30T17:54:04.878560,,0.0,google/gemini-2.5-flash-lite
BLUE_2025.pdf,BLUE,2025,success,,200,182,18,18,182,597367,61038,1155,0.00629481,74.98,2026-09-30T17:53:38.370188,,0.0,google/gemini-2.5-flash-lite
BMAS_2025.pdf,BMAS,2025,success,,664,628,36,36,628,2394113,118982,3010,0.0131022,166.59,2026-09-30T17:55:46.146729,,0.0,google/gemini-2.5-flash-lite
BMBL_2025.pdf,BMBL,2025,success,,214,200,14,14,200,618080,44380,5429,0.0066096,71.63,2026-09-30T17:54:33.120748,,0.0,google/gemini-2.5-flash-lite
BMHS_2025.pdf,BMHS,2025,success,,286,272,14,14,272,964306,44380,7258,0.0073412,70.25,2026-09-30T17:54:48.622183,,0.0,google/gemini-2.5-flash-lite
BMRI_2025.pdf,BMRI,2025,success,,1467,1453,14,14,1453,4873352,47474,2765,0.0058534,106.24,2026-09-30T17:55:51.123586,,0.0,google/gemini-2.5-flash-lite
BMSR_2025.pdf,BMSR,2025,success,,279,259,20,20,259,795402,64429,3498,0.0078421,78.82,2026-09-30T17:55:51.942011,,0.0,google/gemini-2.5-flash-lite
BMTR_2025.pdf,BMTR,2025,success,,341,309,32,32,309,1202148,108512,2161,0.0117156,138.74,2026-09-30T17:57:07.471973,,0.0,google/gemini-2.5-flash-lite
BNBA_2025.pdf,BNBA,2025,success,,586,569,17,17,569,1927446,56873,11172,0.00988295,98.85,2026-09-30T17:57:25.049995,,0.0,google/gemini-2.5-flash-lite
BNBR_2025.pdf,BNBR,2025,success,,612,612,0,0,612,2046265,0,0,0.0,13.77,2026-09-30T17:56:04.901573,,0.0,
BNGA_2025.pdf,BNGA,2025,success,,984,974,10,10,974,3459306,33910,8305,0.006713,65.53,2026-09-30T17:56:57.543873,,0.0,google/gemini-2.5-flash-lite
BNII_2025.pdf,BNII,2025,success,,1050,1028,22,22,1028,3497572,74602,2624,0.0085098,111.78,2026-09-30T17:57:56.754850,,0.0,google/gemini-2.5-flash-lite
BNLI_2025.pdf,BNLI,2025,success,,1042,1012,30,30,1012,3870716,101730,7514,0.01290761,141.82,2026-09-30T17:59:19.410845,,0.0,google/gemini-2.5-flash-lite
BOAT_2025.pdf,BOAT,2025,success,,225,222,3,3,222,744989,10173,1132,0.0014701,17.05,2026-09-30T17:57:24.589969,,0.0,google/gemini-2.5-flash-lite
BOBA_2025.pdf,BOBA,2025,success,,343,332,11,11,332,1131931,37301,6610,0.0063741,55.67,2026-09-30T17:58:20.275951,,0.0,google/gemini-2.5-flash-lite
BOGA_2025.pdf,BOGA,2025,success,,231,215,16,16,215,779423,51160,3826,0.0066464,60.52,2026-09-30T17:58:25.578577,,0.0,google/gemini-2.5-flash-lite
BOLA_2025.pdf,BOLA,2025,success,,312,298,14,14,298,926778,47474,1524,0.005357,63.45,2026-09-30T17:59:00.210360,,0.0,google/gemini-2.5-flash-lite
BOLT_2025.pdf,BOLT,2025,success,,429,393,36,36,393,1381036,122076,11474,0.0167972,181.02,2026-09-30T18:01:21.299500,,0.0,google/gemini-2.5-flash-lite
BPFI_2025.pdf,BPFI,2025,success,,268,245,23,23,245,965458,74602,6247,0.009959,111.42,2026-09-30T18:00:17.004084,,0.0,google/gemini-2.5-flash-lite
BPII_2025.pdf,BPII,2025,success,,374,369,5,5,369,1227708,16955,1581,0.0023279,25.25,2026-09-30T17:59:25.459667,,0.0,google/gemini-2.5-flash-lite
BPTR_2025.pdf,BPTR,2025,success,,327,317,10,10,317,1036048,33910,220,0.003479,54.16,2026-09-30T18:00:13.622559,,0.0,google/gemini-2.5-flash-lite
BRAM_2025.pdf,BRAM,2025,success,,322,296,26,26,296,875546,81384,6407,0.0107012,96.13,2026-09-30T18:01:01.597410,,0.0,google/gemini-2.5-flash-lite
BREN_2025.pdf,BREN,2025,success,,369,347,22,22,347,1358840,74602,6841,0.0101966,9427.34,2026-09-30T20:38:28.670480,,0.0,google/gemini-2.5-flash-lite
BRIS_2025.pdf,BRIS,2025,success,,831,822,9,9,822,2375636,30519,1089,0.0034875,51.79,2026-09-30T18:02:13.117651,,0.0,google/gemini-2.5-flash-lite
BRMS_2025.pdf,BRMS,2025,success,,346,322,24,24,322,1082830,77993,5494,0.0099969,20524.32,2026-09-30T23:43:25.657951,,0.0,google/gemini-2.5-flash-lite
BRNA_2025.pdf,BRNA,2025,success,,258,245,13,13,245,690012,44083,8115,0.0076543,81.84,2026-09-30T18:02:43.177619,,0.0,google/gemini-2.5-flash-lite
BRPT_2025.pdf,BRPT,2025,success,,520,497,23,23,497,2078484,77993,9511,0.0116037,40129.6,2026-10-01T05:11:02.718514,,0.0,google/gemini-2.5-flash-lite
BRRC_2025.pdf,BRRC,2025,success,,273,238,35,35,238,740972,115591,5375,0.0137091,197.8,2026-10-01T08:54:59.222863,,0.0,google/gemini-2.5-flash-lite
BSBK_2025.pdf,BSBK,2025,success,,279,265,14,14,265,913869,47474,1461,0.0053318,77.27,2026-10-01T08:52:58.693642,,0.0,google/gemini-2.5-flash-lite
BSDE_2025.pdf,BSDE,2025,success,,497,479,18,18,479,1729687,61038,1627,0.0067546,106.5,2026-10-01T08:53:27.926523,,0.0,google/gemini-2.5-flash-lite
BSIM_2025.pdf,BSIM,2025,success,,792,770,22,22,770,3039733,71508,8519,0.0105584,150.2,2026-10-01T08:54:11.631541,,0.0,google/gemini-2.5-flash-lite
BSML_2025.pdf,BSML,2025,success,,331,311,20,20,311,980681,64726,1235,0.0069666,120.27,2026-10-01T08:54:58.969702,,0.0,google/gemini-2.5-flash-lite
BSSR_2025.pdf,BSSR,2025,success,,320,281,39,39,281,1044252,126061,11049,0.0170257,225.9,2026-10-01T08:57:13.830266,,0.0,google/gemini-2.5-flash-lite
BSWD_2025.pdf,BSWD,2025,success,,286,279,7,7,279,1669365,23737,6443,0.0049509,51.68,2026-10-01T08:55:03.317122,,0.0,google/gemini-2.5-flash-lite
BTEK_2025.pdf,BTEK,2025,success,,231,203,28,28,203,815862,94948,9479,0.0132864,146.1,2026-10-01T08:57:25.075431,,0.0,google/gemini-2.5-flash-lite
BTON_2025.pdf,BTON,2025,success,,234,226,8,8,226,763789,23737,4364,0.0041193,53.37,2026-10-01T08:55:52.599094,,0.0,google/gemini-2.5-flash-lite
BTPN_2025.pdf,BTPN,2025,success,,714,689,25,25,689,2343999,84775,49562,0.0283023,233.15,2026-10-01T08:58:56.474021,,0.0,google/gemini-2.5-flash-lite
BTPS_2025.pdf,BTPS,2025,success,,876,856,20,20,856,3380424,67820,8096,0.0100204,137.57,2026-10-01T08:58:10.172802,,0.0,google/gemini-2.5-flash-lite
BUAH_2025.pdf,BUAH,2025,success,,180,164,16,16,164,512278,51162,870,0.0054642,73.37,2026-10-01T08:58:27.208962,,0.0,google/gemini-2.5-flash-lite
BUDI_2025.pdf,BUDI,2025,success,,256,226,30,30,226,768760,98636,7557,0.0128864,146.21,2026-10-01T08:59:51.287560,,0.0,google/gemini-2.5-flash-lite
BUKA_2025.pdf,BUKA,2025,success,,359,346,13,13,346,1410296,37895,1140,0.0042455,82.58,2026-10-01T08:59:32.755649,,0.0,google/gemini-2.5-flash-lite
BUKK_2025.pdf,BUKK,2025,success,,562,540,22,22,540,1653108,74602,8390,0.0108162,119.78,2026-10-01T09:00:26.992030,,0.0,google/gemini-2.5-flash-lite
BULL_2025.pdf,BULL,2025,success,,297,281,16,16,281,955236,51162,337,0.005251,86.61,2026-10-01T09:00:23.086180,,0.0,google/gemini-2.5-flash-lite
BUMI_2025.pdf,BUMI,2025,success,,514,500,14,14,500,1719498,47474,5926,0.0071178,83.59,2026-10-01T09:00:56.346450,,0.0,google/gemini-2.5-flash-lite
BUVA_2025.pdf,BUVA,2025,success,,358,339,19,19,339,1097054,64429,1286,0.0069573,96.16,2026-10-01T09:01:27.451856,,0.0,google/gemini-2.5-flash-lite
BVIC_2025.pdf,BVIC,2025,success,,747,725,22,22,725,2614849,74602,692,0.007737,89.47,2026-10-01T09:01:52.614615,,0.0,google/gemini-2.5-flash-lite
BWPT_2025.pdf,BWPT,2025,success,,348,323,25,25,323,1001628,81384,6875,0.0108884,135.92,2026-10-01T09:02:42.912927,,0.0,google/gemini-2.5-flash-lite
BYAN_2025.pdf,BYAN,2025,success,,268,240,28,28,240,954515,88760,7696,0.0119544,171.95,2026-10-01T09:03:48.303461,,0.0,google/gemini-2.5-flash-lite
CAKK_2025.pdf,CAKK,2025,success,,336,323,13,13,323,1110022,44083,1767,0.0051151,63.81,2026-10-01T09:02:31.262667,,0.0,google/gemini-2.5-flash-lite
CAMP_2025.pdf,CAMP,2025,success,,243,241,2,2,241,743996,3688,1149,0.0008284,25.42,2026-10-01T09:02:18.043217,,0.0,google/gemini-2.5-flash-lite
CARE_2025.pdf,CARE,2025,success,,304,276,28,28,276,1000228,88760,9480,0.012668,162.59,2026-10-01T09:05:00.632347,,0.0,google/gemini-2.5-flash-lite
CARS_2025.pdf,CARS,2025,success,,420,401,19,19,401,1430724,61335,10985,0.0105275,125.55,2026-10-01T09:04:36.811897,,0.0,google/gemini-2.5-flash-lite
CASH_2025.pdf,CASH,2025,success,,433,410,23,23,410,1226600,68711,2380,0.0078231,205.98,2026-10-01T09:06:08.962644,,0.0,google/gemini-2.5-flash-lite
CASS_2025.pdf,CASS,2025,success,,390,371,19,19,371,1222219,61335,2043,0.0069507,117.99,2026-10-01T09:05:46.295489,,0.0,google/gemini-2.5-flash-lite
CBDK_2025.pdf,CBDK,2025,success,,424,394,30,30,394,1373910,95542,7485,0.0125482,183.78,2026-10-01T09:07:40.592488,,0.0,google/gemini-2.5-flash-lite
CBPE_2025.pdf,CBPE,2025,success,,268,248,20,20,248,782630,67820,1501,0.0073824,115.95,2026-10-01T09:06:56.584390,,0.0,google/gemini-2.5-flash-lite
CBRE_2025.pdf,CBRE,2025,success,,297,277,20,20,277,926497,67820,7534,0.0097956,105.71,2026-10-01T09:07:32.130512,,0.0,google/gemini-2.5-flash-lite
CBUT_2025.pdf,CBUT,2025,success,,360,338,22,22,338,1092752,74602,1784,0.0081738,99.84,2026-10-01T09:07:48.808617,,0.0,google/gemini-2.5-flash-lite
CCSI_2025.pdf,CCSI,2025,success,,411,405,6,6,405,1255448,16181,1841,0.0023545,44.28,2026-10-01T09:07:40.867483,,0.0,google/gemini-2.5-flash-lite
CDIA_2025.pdf,CDIA,2025,success,,344,334,10,10,334,1205475,30816,1568,0.0037088,65.7,2026-10-01T09:08:37.834845,,0.0,google/gemini-2.5-flash-lite
CEKA_2025.pdf,CEKA,2025,success,,207,203,4,4,203,649629,13564,1840,0.0020924,25.69,2026-10-01T09:08:06.290954,,0.0,google/gemini-2.5-flash-lite
CENT_2025.pdf,CENT,2025,success,,306,286,20,20,286,908943,61335,1449,0.0067131,94.4,2026-10-01T09:09:15.268713,,0.0,google/gemini-2.5-flash-lite
CGAS_2025.pdf,CGAS,2025,success,,298,277,21,21,277,934243,71211,9350,0.0108611,129.54,2026-10-01T09:09:58.350373,,0.0,google/gemini-2.5-flash-lite
CHEK_2025.pdf,CHEK,2025,success,,245,232,13,13,232,880840,44083,5259,0.0065119,74.34,2026-10-01T09:09:20.697773,,0.0,google/gemini-2.5-flash-lite
CHEM_2025.pdf,CHEM,2025,success,,188,172,16,16,172,489929,54256,506,0.005628,80.59,2026-10-01T09:09:58.431966,,0.0,google/gemini-2.5-flash-lite
CHIP_2025.pdf,CHIP,2025,success,,220,201,19,19,201,751824,61335,9937,0.0101083,99.66,2026-10-01T09:10:54.932146,,0.0,google/gemini-2.5-flash-lite
CINT_2025.pdf,CINT,2025,success,,399,380,19,19,380,1447680,64429,6102,0.0088837,93.54,2026-10-01T09:10:54.241365,,0.0,google/gemini-2.5-flash-lite
CITA_2025.pdf,CITA,2025,success,,272,254,18,18,254,907185,61038,1605,0.0067458,81.51,2026-10-01T09:11:19.896403,,0.0,google/gemini-2.5-flash-lite
CITY_2025.pdf,CITY,2025,success,,254,246,8,8,246,868798,24034,5540,0.0046194,63.03,2026-10-01T09:11:01.933541,,0.0,google/gemini-2.5-flash-lite
CLAY_2025.pdf,CLAY,2025,success,,302,103,199,199,103,720038,662433,155193,0.1283205,1209.04,2026-10-01T09:31:03.283079,,0.0,google/gemini-2.5-flash-lite
CLEO_2025.pdf,CLEO,2025,success,,273,264,9,9,264,884042,30519,1162,0.0035167,42.23,2026-10-01T09:11:37.212332,,0.0,google/gemini-2.5-flash-lite
CLPI_2025.pdf,CLPI,2025,success,,326,303,23,23,303,931076,74899,8655,0.0109519,121.23,2026-10-01T09:13:03.170665,,0.0,google/gemini-2.5-flash-lite
CMNP_2025.pdf,CMNP,2025,success,,415,403,12,12,403,1383223,37598,504,0.0039614,67.49,2026-10-01T09:12:27.391155,,0.0,google/gemini-2.5-flash-lite
CMNT_2025.pdf,CMNT,2025,success,,514,501,13,13,501,1706648,44083,1934,0.0051819,55.02,2026-10-01T09:12:32.237924,,0.0,google/gemini-2.5-flash-lite
CMPP_2025.pdf,CMPP,2025,success,,582,568,14,14,568,2008373,47474,4177,0.0064182,76.19,2026-10-01T09:13:43.585025,,0.0,google/gemini-2.5-flash-lite
CMRY_2025.pdf,CMRY,2025,success,,352,341,11,11,341,1047865,37301,1827,0.0044609,57.38,2026-10-01T09:13:29.619354,,0.0,google/gemini-2.5-flash-lite
CNKO_2025.pdf,CNKO,2025,success,,218,204,14,14,204,714391,44083,1645,0.00452,65.32,2026-10-01T09:14:08.494059,,0.0,google/gemini-2.5-flash-lite
CNMA_2025.pdf,CNMA,2025,success,,358,335,23,23,335,960647,77993,6780,0.0105113,113.44,2026-10-01T09:32:56.761414,,0.0,google/gemini-2.5-flash-lite
COCO_2025.pdf,COCO,2025,success,,364,249,115,115,249,844346,296018,96823,0.068331,678.69,2026-10-01T09:42:22.011399,,0.0,google/gemini-2.5-flash-lite
COIN_2025.pdf,COIN,2025,success,,280,258,22,22,258,945811,71508,7348,0.01009,117.82,2026-10-01T09:33:01.142184,,0.0,google/gemini-2.5-flash-lite
CPIN_2025.pdf,CPIN,2025,success,,199,195,4,4,195,640383,13564,1879,0.002108,22.42,2026-10-01T09:31:25.745460,,0.0,google/gemini-2.5-flash-lite
CPRO_2025.pdf,CPRO,2025,success,,354,345,9,9,345,1134727,27425,1557,0.0033653,50.39,2026-10-01T09:32:16.132785,,0.0,google/gemini-2.5-flash-lite
CRAB_2025.pdf,CRAB,2025,success,,253,247,6,6,247,791387,20346,1203,0.0025158,27.66,2026-10-01T09:32:43.797978,,0.0,google/gemini-2.5-flash-lite
CRSN_2025.pdf,CRSN,2025,success,,572,555,17,17,555,1659659,57647,7166,0.00836011,90.66,2026-10-01T09:34:14.463711,,0.0,google/gemini-2.5-flash-lite
CSAP_2025.pdf,CSAP,2025,success,,325,301,24,24,301,943110,81384,2427,0.0091092,99.68,2026-10-01T09:34:36.497918,,0.0,google/gemini-2.5-flash-lite
CSIS_2025.pdf,CSIS,2025,success,,377,362,15,15,362,1252883,50865,2845,0.0062245,61.26,2026-10-01T09:34:02.406457,,0.0,google/gemini-2.5-flash-lite
CSMI_2025.pdf,CSMI,2025,success,,115,107,8,8,107,343404,27128,4964,0.0046984,45.97,2026-10-01T09:34:48.378560,,0.0,google/gemini-2.5-flash-lite
CSRA_2025.pdf,CSRA,2025,success,,420,401,19,19,401,1447253,64429,9946,0.0104213,122.93,2026-10-01T09:36:17.401222,,0.0,google/gemini-2.5-flash-lite
CTBN_2025.pdf,CTBN,2025,success,,352,326,26,26,326,1031814,88166,8134,0.0120702,121.3,2026-10-01T09:36:37.798275,,0.0,google/gemini-2.5-flash-lite
CTRA_2025.pdf,CTRA,2025,success,,357,340,17,17,340,1335206,57647,6216,0.0082511,92.09,2026-10-01T09:36:20.473215,,0.0,google/gemini-2.5-flash-lite
CTTH_2025.pdf,CTTH,2025,success,,244,216,28,28,216,824561,94948,6387,0.0120496,138.1,2026-10-01T09:38:35.556920,,0.0,google/gemini-2.5-flash-lite
CUAN_2025.pdf,CUAN,2025,success,,377,375,2,2,375,1531736,6782,50,0.0006982,14.45,2026-10-01T09:36:34.923145,,0.0,google/gemini-2.5-flash-lite
CYBR_2025.pdf,CYBR,2025,success,,376,359,17,17,359,1161838,51459,1439,0.0057215,103.84,2026-10-01T09:38:18.767573,,0.0,google/gemini-2.5-flash-lite
DAAZ_2025.pdf,DAAZ,2025,success,,282,257,25,25,257,814728,81681,6084,0.0106017,124.34,2026-10-01T09:38:42.144677,,0.0,google/gemini-2.5-flash-lite
DADA_2025.pdf,DADA,2025,success,,165,99,66,66,99,402038,223806,36235,0.0368746,373.45,2026-10-01T09:44:32.220154,,0.0,google/gemini-2.5-flash-lite
DART_2025.pdf,DART,2025,success,,274,252,22,22,252,1085169,74602,9573,0.0112894,111.32,2026-10-01T09:40:26.879349,,0.0,google/gemini-2.5-flash-lite
DATA-2025.pdf,DATA,2025,success,,355,340,15,15,340,1066492,47771,7196,0.00738235,85.07,2026-10-01T09:40:07.292547,,0.0,google/gemini-2.5-flash-lite
DAYA_2025.pdf,DAYA,2025,success,,294,271,23,23,271,889886,74899,7919,0.0106575,109.87,2026-10-01T09:41:57.171785,,0.0,google/gemini-2.5-flash-lite
DCII_2025.pdf,DCII,2025,success,,559,425,134,134,425,849585,442018,3871,0.0457502,590.0,2026-10-01T09:50:16.879486,,0.0,google/gemini-2.5-flash-lite
DEFI_2025.pdf,DEFI,2025,success,,252,217,35,35,217,710078,118685,12596,0.0169069,196.2,2026-10-01T09:45:13.372550,,0.0,google/gemini-2.5-flash-lite
DEPO_2025.pdf,DEPO,2025,success,,325,307,18,18,307,1066574,57944,1281,0.00604022,82.83,2026-10-01T09:43:44.843776,,0.0,google/gemini-2.5-flash-lite
DEWA_2025.pdf,DEWA,2025,success,,382,355,27,27,355,1353372,91557,12350,0.0140957,153.45,2026-10-01T09:46:18.296496,,0.0,google/gemini-2.5-flash-lite
DEWI_2025.pdf,DEWI,2025,success,,344,322,22,22,322,911737,74602,7579,0.0104918,130.21,2026-10-01T09:46:42.429642,,0.0,google/gemini-2.5-flash-lite
DFAM_2025.pdf,DFAM,2025,success,,388,363,25,25,363,1349414,81681,8604,0.0116097,137.71,2026-10-01T09:47:31.083696,,0.0,google/gemini-2.5-flash-lite
DGIK_2025.pdf,DGIK,2025,success,,296,285,11,11,285,1325325,37301,7346,0.0066685,72.09,2026-10-01T09:47:30.473628,,0.0,google/gemini-2.5-flash-lite
DGNS_2025.pdf,DGNS,2025,success,,302,283,19,19,283,900950,61335,8231,0.0094259,145.8,2026-10-01T09:49:08.237053,,0.0,google/gemini-2.5-flash-lite
DGWG_2025.pdf,DGWG,2025,success,,388,377,11,11,377,1223445,34207,1677,0.0040915,67.3,2026-10-01T09:48:37.779786,,0.0,google/gemini-2.5-flash-lite
DIGI_2025.pdf,DIGI,2025,success,,242,223,19,19,223,410710,61335,34986,0.0201279,154.79,2026-10-01T09:50:05.874323,,0.0,google/gemini-2.5-flash-lite
DILD_2025.pdf,DILD,2025,success,,458,435,23,23,435,1465752,77993,6935,0.0105733,116.3,2026-10-01T09:50:34.081714,,0.0,google/gemini-2.5-flash-lite
DIVA_2025.pdf,DIVA,2025,success,,472,329,143,143,329,1720935,484913,171597,0.1171301,957.22,2026-10-01T10:05:05.461353,,0.0,google/gemini-2.5-flash-lite
DKFT_2025.pdf,DKFT,2025,success,,302,301,1,1,301,970728,3391,66,0.0003655,8.39,2026-10-01T09:50:14.269755,,0.0,google/gemini-2.5-flash-lite
DKHH_2025.pdf,DKHH,2025,success,,326,306,20,20,306,962901,67820,864,0.0071276,82.96,2026-10-01T09:51:37.233225,,0.0,google/gemini-2.5-flash-lite
DLTA_2025.pdf,DLTA,2025,success,,253,244,9,9,244,813217,30519,6208,0.0055351,61.45,2026-10-01T09:51:18.337018,,0.0,google/gemini-2.5-flash-lite
DMAS_2025.pdf,DMAS,2025,success,,361,344,17,17,344,1098312,57647,7551,0.0087851,87.63,2026-10-01T09:52:01.718574,,0.0,google/gemini-2.5-flash-lite
DMMX_2025.pdf,DMMX,2025,success,,365,354,11,11,354,1237819,37301,1910,0.0044941,59.21,2026-10-01T09:52:17.547026,,0.0,google/gemini-2.5-flash-lite
DMND_2025.pdf,DMND,2025,success,,268,254,14,14,254,842930,44380,6401,0.0069984,88.85,2026-10-01T09:53:06.087879,,0.0,google/gemini-2.5-flash-lite
DNAR_2025.pdf,DNAR,2025,success,,656,628,28,28,628,2353802,94948,9399,0.0132544,142.46,2026-10-01T09:54:24.185299,,0.0,google/gemini-2.5-flash-lite
DNET_2025.pdf,DNET,2025,success,,328,314,14,14,314,1063326,47474,1856,0.00521665,68.81,2026-10-01T09:53:26.357857,,0.0,google/gemini-2.5-flash-lite
DOID_2025.pdf,DOID,2025,success,,433,417,16,16,417,1533546,54256,6397,0.0079844,80.44,2026-10-01T09:54:26.530632,,0.0,google/gemini-2.5-flash-lite
DOOH_2025.pdf,DOOH,2025,success,,264,242,22,22,242,795495,70437,1831,0.0077761,101.54,2026-10-01T09:55:07.904342,,0.0,google/gemini-2.5-flash-lite
DOSS_2025.pdf,DOSS,2025,success,,308,271,37,37,271,953510,122373,10698,0.01624335,167.34,2026-10-01T09:57:11.589694,,0.0,google/gemini-2.5-flash-lite
DPUM_2025.pdf,DPUM,2025,success,,167,155,12,12,155,545873,40692,1292,0.004586,54.47,2026-10-01T09:55:21.007459,,0.0,google/gemini-2.5-flash-lite
DRMA_2025.pdf,DRMA,2025,success,,364,357,7,7,357,1171621,20643,5487,0.0042591,52.01,2026-10-01T09:55:59.914801,,0.0,google/gemini-2.5-flash-lite
DSFI_2025.pdf,DSFI,2025,success,,246,221,25,25,221,714686,84775,15804,0.0147991,132.97,2026-10-01T09:57:33.983640,,0.0,google/gemini-2.5-flash-lite
DSNG_2025.pdf,DSNG,2025,success,,370,352,18,18,352,1208550,61038,4911,0.0080682,90.05,2026-10-01T09:57:29.970401,,0.0,google/gemini-2.5-flash-lite
DSSA_2025.pdf,DSSA,2025,success,,622,611,11,11,611,2688378,37301,7681,0.0068025,67.63,2026-10-01T09:58:19.221186,,0.0,google/gemini-2.5-flash-lite
DUTI_2025.pdf,DUTI,2025,success,,359,339,20,20,339,1127179,67820,1292,0.0072988,86.53,2026-10-01T09:58:56.506290,,0.0,google/gemini-2.5-flash-lite
DVLA_2025.pdf,DVLA,2025,success,,282,263,19,19,263,1044326,58241,1394,0.0063817,101.66,2026-10-01T10:06:47.240640,,0.0,google/gemini-2.5-flash-lite
DWGL_2025.pdf,DWGL,2025,success,,196,181,15,15,181,675722,50865,1661,0.0057509,70.32,2026-10-01T10:06:15.903117,,0.0,google/gemini-2.5-flash-lite
DYAN_2025.pdf,DYAN,2025,success,,298,279,19,19,279,1008880,64429,6262,0.0089477,121.19,2026-10-01T10:07:06.774492,,0.0,google/gemini-2.5-flash-lite
EAST_2025.pdf,EAST,2025,success,,91,81,10,10,81,511374,30816,6208,0.0055648,79.38,2026-10-01T10:06:24.964804,,0.0,google/gemini-2.5-flash-lite
ECII_2025.pdf,ECII,2025,success,,270,247,23,23,247,897324,77993,2622,0.0088481,108.13,2026-10-01T10:08:04.259463,,0.0,google/gemini-2.5-flash-lite
EDGE_2025.pdf,EDGE,2025,success,,267,250,17,17,250,880359,53482,6089,0.0077838,81.57,2026-10-01T10:07:46.596337,,0.0,google/gemini-2.5-flash-lite
EKAD_2025.pdf,EKAD,2025,success,,192,117,75,75,117,598361,248137,51589,0.0454493,455.02,2026-10-01T10:14:22.265065,,0.0,google/gemini-2.5-flash-lite
ELIT_2025.pdf,ELIT,2025,success,,457,440,17,17,440,1557592,56873,239,0.0057829,66.31,2026-10-01T10:08:13.082717,,0.0,google/gemini-2.5-flash-lite
ELPI_2025.pdf,ELPI,2025,success,,371,336,35,35,336,1035278,102918,7033,0.013105,190.4,2026-10-01T10:10:57.001030,,0.0,google/gemini-2.5-flash-lite
ELSA_2025.pdf,ELSA,2025,success,,674,663,11,11,663,2215551,34207,2462,0.0044055,70.4,2026-10-01T10:09:14.658593,,0.0,google/gemini-2.5-flash-lite
ELTY_2025.pdf,ELTY,2025,success,,458,430,28,28,430,1614874,94948,8920,0.0130628,143.99,2026-10-01T10:10:37.077467,,0.0,google/gemini-2.5-flash-lite
EMAS_2025.pdf,EMAS,2025,success,,256,252,4,4,252,890181,13564,1256,0.0018588,18.42,2026-10-01T10:09:33.080915,,0.0,google/gemini-2.5-flash-lite
EMDE_2025.pdf,EMDE,2025,success,,386,365,21,21,365,1100689,71211,6825,0.0098511,102.72,2026-10-01T10:11:15.804684,,0.0,google/gemini-2.5-flash-lite
EMTK_2025.pdf,EMTK,2025,success,,298,290,8,8,290,2016374,27128,524,0.0029224,52.43,2026-10-01T10:11:29.509401,,0.0,google/gemini-2.5-flash-lite
ENAK_2025.pdf,ENAK,2025,success,,268,233,35,35,233,820937,118685,11606,0.0165109,200.71,2026-10-01T10:14:17.721994,,0.0,google/gemini-2.5-flash-lite
ENRG_2025.pdf,ENRG,2025,success,,488,472,16,16,472,1595862,54256,10360,0.0095696,102.31,2026-10-01T10:12:58.231797,,0.0,google/gemini-2.5-flash-lite
ENZO_2025.pdf,ENZO,2025,success,,286,271,15,15,271,784527,47474,1742,0.0054442,79.39,2026-10-01T10:12:48.901511,,0.0,google/gemini-2.5-flash-lite
EPAC_2025.pdf,EPAC,2025,success,,258,235,23,23,235,847039,77993,7121,0.0106477,106.04,2026-10-01T10:14:35.333145,,0.0,google/gemini-2.5-flash-lite
EPMT_2025.pdf,EPMT,2025,success,,366,358,8,8,358,1035759,27128,1845,0.0034508,44.49,2026-10-01T10:13:42.750605,,0.0,google/gemini-2.5-flash-lite
ERAA_2025.pdf,ERAA,2025,success,,458,438,20,20,438,1415166,61632,1614,0.0068088,118.09,2026-10-01T10:15:40.845994,,0.0,google/gemini-2.5-flash-lite
ERAL_2025.pdf,ERAL,2025,success,,456,434,22,22,434,1326415,71211,1678,0.0077923,101.09,2026-10-01T10:15:58.885647,,0.0,google/gemini-2.5-flash-lite
ERTX_2025.pdf,ERTX,2025,success,,98,92,6,6,92,626066,17252,5819,0.0040528,57.56,2026-10-01T10:15:19.825355,,0.0,google/gemini-2.5-flash-lite
ESIP_2025.pdf,ESIP,2025,success,,234,214,20,20,214,785608,61632,1597,0.006802,112.56,2026-10-01T10:16:27.900997,,0.0,google/gemini-2.5-flash-lite
ESSA_2025.pdf,ESSA,2025,success,,288,272,16,16,272,939837,54256,8030,0.0086376,89.98,2026-10-01T10:16:49.807924,,0.0,google/gemini-2.5-flash-lite
ESTA_2025.pdf,ESTA,2025,success,,269,248,21,21,248,913890,61929,7461,0.0091773,131.38,2026-10-01T10:17:52.234181,,0.0,google/gemini-2.5-flash-lite
ESTI_2025.pdf,ESTI,2025,success,,284,268,16,16,268,1023179,54256,705,0.0057076,87.18,2026-10-01T10:17:26.071904,,0.0,google/gemini-2.5-flash-lite
EURO_2025.pdf,EURO,2025,success,,239,212,27,27,212,769329,88463,1895,0.0096043,135.45,2026-10-01T10:18:43.351344,,0.0,google/gemini-2.5-flash-lite
EXCL_2025.pdf,EXCL,2025,success,,476,454,22,22,454,1362904,71211,10942,0.01122475,119.68,2026-10-01T10:18:49.494235,,0.0,google/gemini-2.5-flash-lite
FAPA_2025.pdf,FAPA,2025,success,,342,318,24,24,318,1096432,78290,7560,0.010853,137.92,2026-10-01T10:19:43.993314,,0.0,google/gemini-2.5-flash-lite
FAST_2025.pdf,FAST,2025,success,,447,436,11,11,436,1374088,34207,1113,0.0038659,62.19,2026-10-01T10:18:54.432526,,0.0,google/gemini-2.5-flash-lite
FASW_2025.pdf,FASW,2025,success,,309,207,102,102,207,960304,268967,92429,0.0638683,673.53,2026-10-01T10:29:56.879012,,0.0,google/gemini-2.5-flash-lite
FILM_2025.pdf,FILM,2025,success,,368,347,21,21,347,1141063,68117,8905,0.0103737,117.27,2026-10-01T10:20:46.773032,,0.0,google/gemini-2.5-flash-lite
FIMP_2025.pdf,FIMP,2025,success,,208,187,21,21,187,507991,71211,1366,0.0076675,101.61,2026-10-01T10:20:36.048193,,0.0,google/gemini-2.5-flash-lite
FIRE_2025.pdf,FIRE,2025,success,,362,329,33,33,329,1130963,108809,11883,0.0156341,158.17,2026-10-01T10:22:22.167755,,0.0,google/gemini-2.5-flash-lite
FISH_2025.pdf,FISH,2025,success,,254,233,21,21,233,947174,68117,1740,0.0075077,89.45,2026-10-01T10:22:05.503625,,0.0,google/gemini-2.5-flash-lite
FITT_2025.pdf,FITT,2025,success,,218,149,69,69,149,662106,230885,59209,0.0467721,441.51,2026-10-01T10:28:08.288629,,0.0,google/gemini-2.5-flash-lite
FLMC_2025.pdf,FLMC,2025,success,,252,143,109,109,143,734840,356649,107425,0.0786349,782.39,2026-10-01T10:35:07.901285,,0.0,google/gemini-2.5-flash-lite
FMII_2025.pdf,FMII,2025,success,,160,153,7,7,153,505735,23737,212,0.0024585,29.8,2026-10-01T10:22:51.976080,,0.0,google/gemini-2.5-flash-lite
FOLK_2025.pdf,FOLK,2025,success,,347,334,13,13,334,1268130,40989,1202,0.0045797,61.77,2026-10-01T10:23:53.746253,,0.0,google/gemini-2.5-flash-lite
FOOD_2025.pdf,FOOD,2025,success,,213,198,15,15,198,768939,47474,10676,0.0090178,105.32,2026-10-01T10:25:39.072164,,0.0,google/gemini-2.5-flash-lite
FORE_2025.pdf,FORE,2025,success,,320,308,12,12,308,1089695,40692,6423,0.0066384,65.53,2026-10-01T10:26:44.604734,,0.0,google/gemini-2.5-flash-lite
FORU_2025.pdf,FORU,2025,success,,144,99,45,45,99,681777,152595,77118,0.0461067,418.72,2026-10-01T10:33:43.328748,,0.0,google/gemini-2.5-flash-lite
FPNI_2025.pdf,FPNI,2025,success,,256,235,21,21,235,815999,71211,2495,0.0081191,98.01,2026-10-01T10:29:46.302231,,0.0,google/gemini-2.5-flash-lite
FUJI_2025.pdf,FUJI,2025,success,,211,195,16,16,195,574865,51162,6095,0.0075542,102.35,2026-10-01T10:31:28.658273,,0.0,google/gemini-2.5-flash-lite
FUTR_2025.pdf,FUTR,2025,success,,299,0,299,299,0,847138,988860,243496,0.1962844,2809.19,2026-10-01T11:16:46.069764,,0.0,google/gemini-2.5-flash-lite
FWCT_2025.pdf,FWCT,2025,success,,289,278,11,11,278,1008818,34207,6472,0.0060095,67.15,2026-10-01T10:32:35.810031,,0.0,google/gemini-2.5-flash-lite
GDST_2025.pdf,GDST,2025,success,,301,287,14,14,287,963365,47474,5690,0.0070234,80.24,2026-10-01T10:33:56.054086,,0.0,google/gemini-2.5-flash-lite
GDYR_2025.pdf,GDYR,2025,success,,210,183,27,27,183,609680,88463,6575,0.0114763,187.11,2026-10-01T10:36:50.443587,,0.0,google/gemini-2.5-flash-lite
GEMA_2025.pdf,GEMA,2025,success,,350,320,30,30,320,1096888,94948,6248,0.011994,173.88,2026-10-01T10:36:49.937912,,0.0,google/gemini-2.5-flash-lite
GEMS_2025.pdf,GEMS,2025,success,,284,281,3,3,281,1143412,10173,1138,0.0014725,29.13,2026-10-01T10:35:37.039407,,0.0,google/gemini-2.5-flash-lite
GGRM_2025.pdf,GGRM,2025,success,,166,151,15,15,151,458162,50865,1460,0.0056705,80.64,2026-10-01T11:18:06.851401,,0.0,google/gemini-2.5-flash-lite
GGRP_2025.pdf,GGRP,2025,success,,274,254,20,20,254,902592,67820,7552,0.0098028,121.26,2026-10-01T11:18:47.466650,,0.0,google/gemini-2.5-flash-lite
GHON_2025.pdf,GHON,2025,success,,161,155,6,6,155,801623,20346,5761,0.004339,47.13,2026-10-01T11:17:33.341940,,0.0,google/gemini-2.5-flash-lite
GIAA_2025.pdf,GIAA,2025,success,,712,709,3,3,709,2735984,10173,1726,0.0017077,31.86,2026-10-01T11:17:18.069226,,0.0,google/gemini-2.5-flash-lite
GJTL_2025.pdf,GJTL,2025,success,,254,236,18,18,236,845446,61038,1141,0.0065602,106.56,2026-10-01T11:19:04.637854,,0.0,google/gemini-2.5-flash-lite
GLOB_2025.pdf,GLOB,2025,success,,218,210,8,8,210,852811,27128,6789,0.0054284,78.53,2026-10-01T11:18:51.870189,,0.0,google/gemini-2.5-flash-lite
GLVA_2025.pdf,GLVA,2025,success,,318,306,12,12,306,1127099,40692,8806,0.0075916,73.86,2026-10-01T11:19:20.714703,,0.0,google/gemini-2.5-flash-lite
GMFI_2025.pdf,GMFI,2025,success,,457,437,20,20,437,1424037,67820,423,0.0069512,111.13,2026-10-01T11:20:38.597659,,0.0,google/gemini-2.5-flash-lite
GMTD_2025.pdf,GMTD,2025,success,,284,261,23,23,261,644177,77993,418,0.0079665,106.07,2026-10-01T11:20:38.000398,,0.0,google/gemini-2.5-flash-lite
GOLD_2025.pdf,GOLD,2025,success,,248,233,15,15,233,855530,50865,6849,0.0078261,95.88,2026-10-01T11:20:40.520088,,0.0,google/gemini-2.5-flash-lite
GOLF_2025.pdf,GOLF,2025,success,,506,495,11,11,495,1518916,37301,6563,0.0063553,74.81,2026-10-01T11:20:35.531991,,0.0,google/gemini-2.5-flash-lite
GOOD_2025.pdf,GOOD,2025,success,,416,404,12,12,404,1325593,37598,323,0.003889,93.06,2026-10-01T11:22:08.601089,,0.0,google/gemini-2.5-flash-lite
GOTO_2025.pdf,GOTO,2025,success,,497,479,18,18,479,1731821,61038,1102,0.0065446,136.85,2026-10-01T11:22:54.959452,,0.0,google/gemini-2.5-flash-lite
GPRA_2025.pdf,GPRA,2025,success,,534,495,39,39,495,1479281,129155,7986,0.01583675,209.07,2026-10-01T11:24:07.671387,,0.0,google/gemini-2.5-flash-lite
GPSO_2025.pdf,GPSO,2025,success,,222,204,18,18,204,694992,54553,9220,0.00887015,122.42,2026-10-01T11:22:42.939646,,0.0,google/gemini-2.5-flash-lite
GRIA_2025.pdf,GRIA,2025,success,,296,284,12,12,284,903037,40692,225,0.0041592,61.21,2026-10-01T11:23:09.819625,,0.0,google/gemini-2.5-flash-lite
GRPH_2025.pdf,GRPH,2025,success,,217,195,22,22,195,505019,74602,1019,0.0078678,104.83,2026-10-01T11:24:27.779053,,0.0,google/gemini-2.5-flash-lite
GRPM_2025.pdf,GRPM,2025,success,,237,208,29,29,208,627468,98339,9156,0.0134963,146.78,2026-10-01T11:25:21.745557,,0.0,google/gemini-2.5-flash-lite
GSMF_2025.pdf,GSMF,2025,success,,286,282,4,4,282,1145753,13564,1503,0.0019576,29.42,2026-10-01T11:23:39.245482,,0.0,google/gemini-2.5-flash-lite
GTBO_2025.pdf,GTBO,2025,success,,107,103,4,4,103,393406,11242,883,0.0014774,16.55,2026-10-01T11:23:55.800136,,0.0,google/gemini-2.5-flash-lite
GTRA_2025.pdf,GTRA,2025,success,,269,247,22,22,247,869312,71508,800,0.0074708,116.16,2026-10-01T11:25:51.959397,,0.0,google/gemini-2.5-flash-lite
GTSI_2025.pdf,GTSI,2025,success,,312,295,17,17,295,997209,54256,1851,0.006166,81.98,2026-10-01T11:25:29.652971,,0.0,google/gemini-2.5-flash-lite
GULA_2025.pdf,GULA,2025,success,,214,204,10,10,204,621823,33910,880,0.003743,52.3,2026-10-01T11:25:20.082985,,0.0,google/gemini-2.5-flash-lite
GUNA_2025.pdf,GUNA,2025,success,,340,323,17,17,323,1000351,57647,7894,0.0089223,95.7,2026-10-01T11:26:55.783837,,0.0,google/gemini-2.5-flash-lite
GWSA_2025.pdf,GWSA,2025,success,,294,274,20,20,274,987719,67820,1953,0.0075632,82.03,2026-10-01T11:26:43.781885,,0.0,google/gemini-2.5-flash-lite
GZCO_2025.pdf,GZCO,2025,success,,271,258,13,13,258,965407,44083,5945,0.0067863,84.64,2026-10-01T11:26:54.298825,,0.0,google/gemini-2.5-flash-lite
HADE_2025.pdf,HADE,2025,success,,259,242,17,17,242,589640,57647,9060,0.0093887,91.88,2026-10-01T11:27:23.846091,,0.0,google/gemini-2.5-flash-lite
HAIS_2025.pdf,HAIS,2025,success,,326,315,11,11,315,1210831,37301,5965,0.00557412,63.2,2026-10-01T11:27:46.987146,,0.0,google/gemini-2.5-flash-lite
HAJJ_2025.pdf,HAJJ,2025,success,,322,319,3,3,319,902717,10173,927,0.0013881,20.11,2026-10-01T11:27:14.589560,,0.0,google/gemini-2.5-flash-lite
HALO_2025.pdf,HALO,2025,success,,245,224,21,21,224,681901,56505,464,0.0058361,113.25,2026-10-01T11:28:49.170383,,0.0,google/gemini-2.5-flash-lite
HATM_2025.pdf,HATM,2025,success,,303,284,19,19,284,968376,64429,1102,0.0068837,80.12,2026-10-01T11:28:34.717208,,0.0,google/gemini-2.5-flash-lite
HBAT_2025.pdf,HBAT,2025,success,,215,201,14,14,201,602162,39736,4990,0.0059696,110.57,2026-10-01T11:29:14.421840,,0.0,google/gemini-2.5-flash-lite
HDFA_2025.pdf,HDFA,2025,success,,545,538,7,7,538,1985833,23737,5605,0.0046157,77.56,2026-10-01T11:29:04.547851,,0.0,google/gemini-2.5-flash-lite
HDIT_2025.pdf,HDIT,2025,success,,458,434,24,24,434,1073752,53225,4569,0.0071501,110.85,2026-10-01T11:30:25.567944,,0.0,google/gemini-2.5-flash-lite
HEAL_2025.pdf,HEAL,2025,success,,406,392,14,14,392,1139405,44083,1147,0.0048671,60.61,2026-10-01T11:29:49.779283,,0.0,google/gemini-2.5-flash-lite
HELI_2025.pdf,HELI,2025,success,,267,252,15,15,252,964414,50865,226,0.0051769,61.3,2026-10-01T11:30:05.849328,,0.0,google/gemini-2.5-flash-lite
HERO_2025.pdf,HERO,2025,success,,345,330,15,15,330,1043815,50865,8160,0.0083505,82.4,2026-10-01T11:30:36.824721,,0.0,google/gemini-2.5-flash-lite
HEXA_2025.pdf,HEXA,2025,success,,492,474,18,18,474,1682393,57944,1863,0.0065396,98.48,2026-10-01T11:31:28.261744,,0.0,google/gemini-2.5-flash-lite
HGII_2025.pdf,HGII,2025,success,,308,283,25,25,283,971709,84775,6256,0.0109799,112.79,2026-10-01T11:31:58.641618,,0.0,google/gemini-2.5-flash-lite
HILL_2025.pdf,HILL,2025,success,,307,285,22,22,285,1043742,74602,7399,0.0104198,109.36,2026-10-01T11:32:14.926471,,0.0,google/gemini-2.5-flash-lite
HMSP_2025.pdf,HMSP,2025,success,,585,539,46,46,539,1592585,152892,14575,0.0211192,243.19,2026-10-01T11:34:40.023751,,0.0,google/gemini-2.5-flash-lite
HOKI_2025.pdf,HOKI,2025,success,,295,273,22,22,273,972768,71508,1355,0.0076928,94.04,2026-10-01T11:33:02.305639,,0.0,google/gemini-2.5-flash-lite
HOMI_2025.pdf,HOMI,2025,success,,376,358,18,18,358,1092434,61038,1263,0.006609,77.15,2026-10-01T11:33:15.797286,,0.0,google/gemini-2.5-flash-lite
HOPE_2025.pdf,HOPE,2025,success,,273,255,18,18,255,752763,61038,559,0.0063274,63.72,2026-10-01T11:33:18.652817,,0.0,google/gemini-2.5-flash-lite
HRME_2025.pdf,HRME,2025,success,,175,160,15,15,160,581259,50865,9222,0.0087753,94.15,2026-10-01T11:34:36.456927,,0.0,google/gemini-2.5-flash-lite
HRTA_2025.pdf,HRTA,2025,success,,478,448,30,30,448,1527836,98636,8359,0.0132072,141.96,2026-10-01T11:35:37.760630,,0.0,google/gemini-2.5-flash-lite
HRUM_2025.pdf,HRUM,2025,success,,327,304,23,23,304,1040203,74899,1421,0.0080583,103.76,2026-10-01T11:35:02.419235,,0.0,google/gemini-2.5-flash-lite
HUMI_2025.pdf,HUMI,2025,success,,518,496,22,22,496,1811396,68414,2040,0.00738425,118.54,2026-10-01T11:36:35.005121,,0.0,google/gemini-2.5-flash-lite
HYGN_2025.pdf,HYGN,2025,success,,285,267,18,18,267,864598,61038,7104,0.0089454,102.81,2026-10-01T11:36:22.835601,,0.0,google/gemini-2.5-flash-lite
IATA_2025.pdf,IATA,2025,success,,288,287,1,1,287,920304,3391,57,0.0003619,12.3,2026-10-01T11:35:14.788597,,0.0,google/gemini-2.5-flash-lite
IBFN_2025.pdf,IBFN,2025,success,,356,337,19,19,337,996896,61335,1338,0.0066687,83.42,2026-10-01T11:37:58.452181,,0.0,google/gemini-2.5-flash-lite
IBOS_2025.pdf,IBOS,2025,success,,285,265,20,20,265,803298,67820,1313,0.0073072,84.87,2026-10-01T11:37:59.902329,,0.0,google/gemini-2.5-flash-lite
IBST_2025.pdf,IBST,2025,success,,377,353,24,24,353,1253991,77993,5538,0.0100145,120.49,2026-10-01T11:38:35.530582,,0.0,google/gemini-2.5-flash-lite
ICBP_2025.pdf,ICBP,2025,success,,292,254,38,38,254,850993,128858,3662,0.0143506,152.1,2026-10-01T11:39:07.138711,,0.0,google/gemini-2.5-flash-lite
ICON_2025.pdf,ICON,2025,success,,217,203,14,14,203,739357,47474,8479,0.008139,67.88,2026-10-01T11:39:06.334364,,0.0,google/gemini-2.5-flash-lite
IDEA_2025.pdf,IDEA,2025,success,,185,117,68,68,117,493155,227494,41716,0.0394358,395.35,2026-10-01T11:44:35.249640,,0.0,google/gemini-2.5-flash-lite
IDPR_2025.pdf,IDPR,2025,success,,293,278,15,15,278,1055254,47771,9760,0.0086811,103.55,2026-10-01T11:40:19.080125,,0.0,google/gemini-2.5-flash-lite
IFII_2025.pdf,IFII,2025,success,,353,341,12,12,341,1116818,37598,4328,0.005491,86.05,2026-10-01T11:40:32.389623,,0.0,google/gemini-2.5-flash-lite
IFSH_2025.pdf,IFSH,2025,success,,335,320,15,15,320,1000408,44380,6520,0.007046,110.79,2026-10-01T11:40:57.934823,,0.0,google/gemini-2.5-flash-lite
IGAR_2025.pdf,IGAR,2025,success,,332,326,6,6,326,1106972,20346,1458,0.0026178,27.09,2026-10-01T11:40:46.175355,,0.0,google/gemini-2.5-flash-lite
IIKP_2025.pdf,IIKP,2025,success,,150,58,92,92,58,476617,295728,66387,0.0561276,588.67,2026-10-01T11:50:21.064330,,0.0,google/gemini-2.5-flash-lite
IKAI_2025.pdf,IKAI,2025,success,,432,405,27,27,405,1339376,91557,1618,0.0098029,100.83,2026-10-01T11:42:27.011383,,0.0,google/gemini-2.5-flash-lite
IKAN_2025.pdf,IKAN,2025,success,,258,237,21,21,237,668329,61929,515,0.0063989,126.52,2026-10-01T11:43:04.456511,,0.0,google/gemini-2.5-flash-lite
IKBI_2025.pdf,IKBI,2025,success,,180,154,26,26,154,496335,78884,7735,0.0109824,151.09,2026-10-01T11:44:58.107305,,0.0,google/gemini-2.5-flash-lite
IKPM_2025.pdf,IKPM,2025,success,,290,268,22,22,268,861278,71508,1265,0.0076568,105.95,2026-10-01T11:44:50.413700,,0.0,google/gemini-2.5-flash-lite
IMAS_2025.pdf,IMAS,2025,success,,456,432,24,24,432,1442456,78290,2142,0.0086858,122.0,2026-10-01T11:46:37.252388,,0.0,google/gemini-2.5-flash-lite
IMJS_2025.pdf,IMJS,2025,success,,386,369,17,17,369,1289540,57647,10059,0.0097883,92.16,2026-10-01T11:46:22.579434,,0.0,google/gemini-2.5-flash-lite
IMPC_2025.pdf,IMPC,2025,success,,370,349,21,21,349,1337425,71211,8835,0.01038195,112.53,2026-10-01T11:46:50.641541,,0.0,google/gemini-2.5-flash-lite
INAF_2025.pdf,INAF,2025,success,,556,528,28,28,528,1620101,94948,1754,0.00992325,112.28,2026-10-01T11:48:14.861108,,0.0,google/gemini-2.5-flash-lite
INAI_2025.pdf,INAI,2025,success,,204,188,16,16,188,693549,54256,8183,0.0086988,84.06,2026-10-01T11:48:01.317681,,0.0,google/gemini-2.5-flash-lite
INCI_2025.pdf,INCI,2025,success,,376,356,20,20,356,1208077,67820,1371,0.0073304,90.43,2026-10-01T11:48:21.078192,,0.0,google/gemini-2.5-flash-lite
INCO_2025.pdf,INCO,2025,success,,481,469,12,12,469,1520863,37598,7404,0.0067214,84.99,2026-10-01T11:49:26.317245,,0.0,google/gemini-2.5-flash-lite
INDF_2025.pdf,INDF,2025,success,,298,282,16,16,282,941829,54256,2861,0.00657,73.44,2026-10-01T11:49:28.309569,,0.0,google/gemini-2.5-flash-lite
INDO_2025.pdf,INDO,2025,success,,147,136,11,11,136,516800,27425,286,0.0028569,68.56,2026-10-01T11:49:29.638148,,0.0,google/gemini-2.5-flash-lite
INDR_2025.pdf,INDR,2025,success,,191,187,4,4,187,687734,13564,4134,0.00301,29.04,2026-10-01T11:49:55.360590,,0.0,google/gemini-2.5-flash-lite
INDS_2025.pdf,INDS,2025,success,,302,291,11,11,291,1047243,34207,1706,0.0041031,64.61,2026-10-01T11:50:32.924281,,0.0,google/gemini-2.5-flash-lite
INDY_2025.pdf,INDY,2025,success,,622,573,49,49,573,2290702,159674,15352,0.0221082,258.36,2026-10-01T11:53:48.004002,,0.0,google/gemini-2.5-flash-lite
INET_2025.pdf,INET,2025,success,,281,259,22,22,259,981958,71211,14791,0.0130375,136.87,2026-10-01T11:52:12.230666,,0.0,google/gemini-2.5-flash-lite
INKP_2025.pdf,INKP,2025,success,,273,241,32,32,241,1095067,108512,3086,0.0120856,148.97,2026-10-01T11:52:50.034235,,0.0,google/gemini-2.5-flash-lite
INOV_2025.pdf,INOV,2025,success,,246,230,16,16,230,847026,54256,4783,0.0073388,80.0,2026-10-01T11:51:52.926830,,0.0,google/gemini-2.5-flash-lite
INPC_2025.pdf,INPC,2025,success,,701,697,4,4,697,2315733,13564,1298,0.0018756,30.52,2026-10-01T11:52:23.449296,,0.0,google/gemini-2.5-flash-lite
INPP_2025.pdf,INPP,2025,success,,336,307,29,29,307,906482,98339,6110,0.0122779,139.16,2026-10-01T11:54:31.392308,,0.0,google/gemini-2.5-flash-lite
INPS_2025.pdf,INPS,2025,success,,302,289,13,13,289,882392,44083,6698,0.0070875,71.02,2026-10-01T11:53:34.479180,,0.0,google/gemini-2.5-flash-lite
INRU_2025.pdf,INRU,2025,success,,130,127,3,3,127,849318,10173,165,0.0010833,21.91,2026-10-01T11:53:11.950018,,0.0,google/gemini-2.5-flash-lite
INTA_2025.pdf,INTA,2025,success,,410,399,11,11,399,1273100,37301,1545,0.0043481,55.56,2026-10-01T11:54:07.509000,,0.0,google/gemini-2.5-flash-lite
INTD_2025.pdf,INTD,2025,success,,131,127,4,4,127,518119,13564,589,0.001592,17.61,2026-10-01T11:53:52.162672,,0.0,google/gemini-2.5-flash-lite
INTP_2025.pdf,INTP,2025,success,,540,509,31,31,509,1737326,105121,8932,0.0140849,151.44,2026-10-01T11:56:19.446567,,0.0,google/gemini-2.5-flash-lite
IOTF_2025.pdf,IOTF,2025,success,,226,199,27,27,199,648601,91557,2622,0.0102045,112.12,2026-10-01T11:55:44.279860,,0.0,google/gemini-2.5-flash-lite
IPAC_2025.pdf,IPAC,2025,success,,193,118,75,75,118,590118,250934,78621,0.0565418,502.35,2026-10-01T12:02:29.863250,,0.0,google/gemini-2.5-flash-lite
IPCC_2025.pdf,IPCC,2025,success,,620,610,10,10,610,2456294,33910,1532,0.0040038,54.29,2026-10-01T11:55:25.685785,,0.0,google/gemini-2.5-flash-lite
IPCM_2025.pdf,IPCM,2025,success,,592,561,31,31,561,2039614,102027,1784,0.0109163,173.19,2026-10-01T11:58:18.885015,,0.0,google/gemini-2.5-flash-lite
IPOL_2025.pdf,IPOL,2025,success,,322,292,30,30,292,1000253,98636,6817,0.0125904,147.34,2026-10-01T11:58:11.623599,,0.0,google/gemini-2.5-flash-lite
IPTV_2025.pdf,IPTV,2025,success,,294,251,43,43,251,932303,145813,8460,0.0179653,203.83,2026-10-01T11:59:43.277871,,0.0,google/gemini-2.5-flash-lite
IRRA_2025.pdf,IRRA,2025,success,,286,270,16,16,270,918116,50865,4164,0.0067521,84.2,2026-10-01T11:59:35.874136,,0.0,google/gemini-2.5-flash-lite
IRSX_2025.pdf,IRSX,2025,success,,376,357,19,19,357,1122618,64429,6266,0.0089493,96.91,2026-10-01T11:59:55.798363,,0.0,google/gemini-2.5-flash-lite
ISAP_2025.pdf,ISAP,2025,success,,229,213,16,16,213,669433,54256,1657,0.0060884,74.99,2026-10-01T12:00:50.872870,,0.0,google/gemini-2.5-flash-lite
ISAT_2025.pdf,ISAT,2025,success,,486,463,23,23,463,1531754,77993,6731,0.0104917,119.95,2026-10-01T12:01:43.234964,,0.0,google/gemini-2.5-flash-lite
ISEA_2025.pdf,ISEA,2025,success,,312,94,218,218,94,799853,736144,126446,0.1241928,1080.23,2026-10-01T12:17:56.032717,,0.0,google/gemini-2.5-flash-lite
ISSP_2025.pdf,ISSP,2025,success,,423,413,10,10,413,1382314,33910,372,0.0035398,40.76,2026-10-01T12:01:31.635715,,0.0,google/gemini-2.5-flash-lite
ITIC_2025.pdf,ITIC,2025,success,,276,257,19,19,257,913776,64429,2210,0.0073269,75.43,2026-10-01T12:02:47.064944,,0.0,google/gemini-2.5-flash-lite
ITMA_2025.pdf,ITMA,2025,success,,302,281,21,21,281,957250,71211,6430,0.0096931,109.19,2026-10-01T12:19:45.256707,,0.0,google/gemini-2.5-flash-lite
ITMG_2025.pdf,ITMG,2025,success,,436,418,18,18,418,1387259,61038,7255,0.0090058,111.03,2026-10-01T12:19:47.088900,,0.0,google/gemini-2.5-flash-lite
JARR_2025.pdf,JARR,2025,success,,248,224,24,24,224,653523,81384,9342,0.0118752,125.01,2026-10-01T12:20:01.075960,,0.0,google/gemini-2.5-flash-lite
JAST_2025.pdf,JAST,2025,success,,287,267,20,20,267,839740,67820,6881,0.0095344,99.79,2026-10-01T12:19:35.857703,,0.0,google/gemini-2.5-flash-lite
JATI_2025.pdf,JATI,2025,success,,213,192,21,21,192,584530,68117,6552,0.0094325,96.16,2026-10-01T12:21:12.018655,,0.0,google/gemini-2.5-flash-lite
JAWA_2025.pdf,JAWA,2025,success,,300,271,29,29,271,876078,95245,10079,0.0135561,164.52,2026-10-01T12:22:29.863880,,0.0,google/gemini-2.5-flash-lite
JAYA_2025.pdf,JAYA,2025,success,,281,271,10,10,271,798217,33910,466,0.0035774,43.34,2026-10-01T12:20:30.436753,,0.0,google/gemini-2.5-flash-lite
JECC_2025.pdf,JECC,2025,success,,284,269,15,15,269,975976,50865,11647,0.0097453,84.14,2026-10-01T12:21:25.219041,,0.0,google/gemini-2.5-flash-lite
JGLE_2025.pdf,JGLE,2025,success,,275,245,30,30,245,824777,101730,7519,0.0131806,147.3,2026-10-01T12:22:57.745508,,0.0,google/gemini-2.5-flash-lite
JIHD_2025.pdf,JIHD,2025,success,,434,408,26,26,408,1782726,88166,14471,0.01433185,136.71,2026-10-01T12:23:28.730162,,0.0,google/gemini-2.5-flash-lite
JKON_2025.pdf,JKON,2025,success,,390,363,27,27,363,1342089,91557,6661,0.0112738,127.3,2026-10-01T12:23:32.525027,,0.0,google/gemini-2.5-flash-lite
JPFA_2025.pdf,JPFA,2025,success,,408,214,194,194,214,1275539,654760,182858,0.1386192,1235.25,2026-10-01T12:43:05.121580,,0.0,google/gemini-2.5-flash-lite
JRPT_2025.pdf,JRPT,2025,success,,373,348,25,25,348,1244752,84775,7568,0.0115047,130.96,2026-10-01T12:25:08.713420,,0.0,google/gemini-2.5-flash-lite
JSMR_2025.pdf,JSMR,2025,success,,1034,1013,21,21,1013,4181794,71211,883,0.00720115,69.24,2026-10-01T12:24:38.041126,,0.0,google/gemini-2.5-flash-lite
JSPT_2025.pdf,JSPT,2025,success,,402,379,23,23,379,1202615,76961,7002,0.0104969,121.61,2026-10-01T12:25:34.219122,,0.0,google/gemini-2.5-flash-lite
JTPE_2025.pdf,JTPE,2025,success,,332,304,28,28,304,1022529,94948,16464,0.0160804,140.11,2026-10-01T12:26:58.161203,,0.0,google/gemini-2.5-flash-lite
KAEF_2025.pdf,KAEF,2025,success,,968,722,246,246,722,3050152,827404,251719,0.18314117,1721.93,2026-10-01T12:53:50.650252,,0.0,google/gemini-2.5-flash-lite
KAQI_2025.pdf,KAQI,2025,success,,235,216,19,19,216,694955,63655,1340,0.0069015,78.46,2026-10-01T12:26:52.679630,,0.0,google/gemini-2.5-flash-lite
KARW_2025.pdf,KARW,2025,success,,258,233,25,25,233,735907,84775,6513,0.0110827,132.13,2026-10-01T12:29:04.815640,,0.0,google/gemini-2.5-flash-lite
KBAG_2025.pdf,KBAG,2025,success,,269,254,15,15,254,865859,50865,1955,0.0058685,69.9,2026-10-01T12:28:08.126495,,0.0,google/gemini-2.5-flash-lite
KBLI_2025.pdf,KBLI,2025,success,,346,321,25,25,321,1071304,81681,6734,0.0108617,186.77,2026-10-01T12:31:14.903145,,0.0,google/gemini-2.5-flash-lite
KBLM_2025.pdf,KBLM,2025,success,,186,173,13,13,173,579359,44083,7018,0.0072155,76.27,2026-10-01T12:30:21.085914,,0.0,google/gemini-2.5-flash-lite
KBLV_2025.pdf,KBLV,2025,success,,298,283,15,15,283,800827,50865,7569,0.0081141,107.76,2026-10-01T12:32:08.864851,,0.0,google/gemini-2.5-flash-lite
KDSI_2025.pdf,KDSI,2025,success,,296,264,32,32,264,830248,107480,9060,0.014372,141.13,2026-10-01T12:33:36.040836,,0.0,google/gemini-2.5-flash-lite
KDTN_2025.pdf,KDTN,2025,success,,266,248,18,18,248,856970,61038,5919,0.0084714,93.22,2026-10-01T12:33:42.093101,,0.0,google/gemini-2.5-flash-lite
KEEN_2025.pdf,KEEN,2025,success,,314,288,26,26,288,1158118,84775,6051,0.0108979,133.34,2026-10-01T12:35:49.382130,,0.0,google/gemini-2.5-flash-lite
KEJU_2025.pdf,KEJU,2025,success,,342,324,18,18,324,1051411,61038,6743,0.008801,82.61,2026-10-01T12:35:04.708377,,0.0,google/gemini-2.5-flash-lite
KETR_2025.pdf,KETR,2025,success,,360,330,30,30,330,1044952,98339,6632,0.0124867,148.14,2026-10-01T12:37:32.856380,,0.0,google/gemini-2.5-flash-lite
KIAS_2025.pdf,KIAS,2025,success,,273,261,12,12,261,994336,33910,1197,0.00359665,45.32,2026-10-01T12:36:34.707185,,0.0,google/gemini-2.5-flash-lite
KICI_2025.pdf,KICI,2025,success,,121,57,64,64,57,482387,213930,77672,0.0524618,458.22,2026-10-01T12:44:12.926567,,0.0,google/gemini-2.5-flash-lite
KIJA_2025.pdf,KIJA,2025,success,,584,559,25,25,559,1709022,84775,19453,0.0162587,166.54,2026-10-01T12:40:19.404394,,0.0,google/gemini-2.5-flash-lite
KING_2025.pdf,KING,2025,success,,232,225,7,7,225,744975,23737,1231,0.0028661,33.44,2026-10-01T12:40:52.863356,,0.0,google/gemini-2.5-flash-lite
KINO_2025.pdf,KINO,2025,success,,345,333,12,12,333,1215628,40692,2331,0.0050016,60.25,2026-10-01T12:41:53.116451,,0.0,google/gemini-2.5-flash-lite
KIOS_2025.pdf,KIOS,2025,success,,255,230,25,25,230,648436,84775,10337,0.0126123,133.19,2026-10-01T12:44:06.315797,,0.0,google/gemini-2.5-flash-lite
KJEN_2025.pdf,KJEN,2025,success,,238,146,92,92,146,637346,305487,77606,0.0615911,546.49,2026-10-01T12:52:11.621453,,0.0,google/gemini-2.5-flash-lite
KKES_2025.pdf,KKES,2025,success,,337,326,11,11,326,700037,37301,8219,0.0070177,70.93,2026-10-01T12:45:17.246298,,0.0,google/gemini-2.5-flash-lite
KKGI_2025.pdf,KKGI,2025,success,,304,298,6,6,298,1178013,20346,1258,0.0025378,28.83,2026-10-01T12:44:41.754977,,0.0,google/gemini-2.5-flash-lite
KLAS_2025.pdf,KLAS,2025,success,,252,241,11,11,241,850025,37301,6194,0.00593455,67.9,2026-10-01T12:45:49.662711,,0.0,google/gemini-2.5-flash-lite
KLBF_2025.pdf,KLBF,2025,success,,376,365,11,11,365,1144737,37301,9973,0.0077193,71.86,2026-10-01T12:46:29.107620,,0.0,google/gemini-2.5-flash-lite
KLIN_2025.pdf,KLIN,2025,success,,246,228,18,18,228,698858,53779,1284,0.0058915,82.51,2026-10-01T12:47:12.181647,,0.0,google/gemini-2.5-flash-lite
KMDS_2025.pdf,KMDS,2025,success,,376,366,10,10,366,1174761,33910,7395,0.006349,67.28,2026-10-01T12:47:36.398316,,0.0,google/gemini-2.5-flash-lite
KMTR_2025.pdf,KMTR,2025,success,,365,346,19,19,346,1057198,64429,6532,0.0090557,102.04,2026-10-01T12:48:54.228479,,0.0,google/gemini-2.5-flash-lite
KOBX_2025.pdf,KOBX,2025,success,,350,327,23,23,327,1124193,77993,9781,0.0117117,122.35,2026-10-01T12:49:38.754142,,0.0,google/gemini-2.5-flash-lite
KOCI_2025.pdf,KOCI,2025,success,,243,219,24,24,219,811893,78290,8054,0.0110506,127.35,2026-10-01T12:51:01.581532,,0.0,google/gemini-2.5-flash-lite
KOIN_2025.pdf,KOIN,2025,success,,271,261,10,10,261,909789,33910,421,0.0035594,43.72,2026-10-01T12:50:22.592409,,0.0,google/gemini-2.5-flash-lite
KOKA_2025.pdf,KOKA,2025,success,,195,184,11,11,184,434207,37301,1120,0.0041781,52.88,2026-10-01T12:51:15.478536,,0.0,google/gemini-2.5-flash-lite
KONI_2025.pdf,KONI,2025,success,,230,217,13,13,217,765823,37301,1168,0.00392415,53.4,2026-10-01T12:51:54.983830,,0.0,google/gemini-2.5-flash-lite
KOPI_2025.pdf,KOPI,2025,success,,214,192,22,22,192,645946,73828,7063,0.010208,111.12,2026-10-01T12:53:06.598255,,0.0,google/gemini-2.5-flash-lite
KOTA_2025.pdf,KOTA,2025,success,,292,271,21,21,271,960304,71211,8376,0.0104715,112.87,2026-10-01T12:53:47.854682,,0.0,google/gemini-2.5-flash-lite
KPIG_2025.pdf,KPIG,2025,success,,341,316,25,25,316,1052985,84775,1760,0.0091815,105.28,2026-10-01T12:53:56.905983,,0.0,google/gemini-2.5-flash-lite
KRAS_2025.pdf,KRAS,2025,success,,660,635,25,25,635,2333455,84775,6681,0.0111499,124.33,2026-10-01T12:56:01.270845,,0.0,google/gemini-2.5-flash-lite
KREN_2025.pdf,KREN,2025,success,,403,388,15,15,388,1447753,47474,6134,0.007201,73.74,2026-10-01T12:55:10.681395,,0.0,google/gemini-2.5-flash-lite
KRYA_2025.pdf,KRYA,2025,success,,353,333,20,20,333,921223,61628,9568,0.00999,110.71,2026-10-01T12:55:47.646416,,0.0,google/gemini-2.5-flash-lite
KSIX_2025.pdf,KSIX,2025,success,,300,279,21,21,279,1020350,71211,1541,0.0077375,96.75,2026-10-01T12:55:33.691640,,0.0,google/gemini-2.5-flash-lite
KUAS_2025.pdf,KUAS,2025,success,,371,364,7,7,364,1226955,23737,1063,0.0027989,34.57,2026-10-01T12:55:45.261183,,0.0,google/gemini-2.5-flash-lite
LABA_2025.pdf,LABA,2025,success,,265,248,17,17,248,855896,56615,1578,0.0062927,69.53,2026-10-01T12:56:43.298950,,0.0,google/gemini-2.5-flash-lite
LABS_2025.pdf,LABS,2025,success,,247,227,20,20,227,868817,67820,15108,0.0128252,115.53,2026-10-01T12:57:40.789752,,0.0,google/gemini-2.5-flash-lite
LAJU_2025.pdf,LAJU,2025,success,,221,192,29,29,192,579229,94469,6290,0.0119629,145.89,2026-10-01T12:58:13.534157,,0.0,google/gemini-2.5-flash-lite
LAND_2025.pdf,LAND,2025,success,,347,324,23,23,324,1023210,77993,5161,0.0098637,91.85,2026-10-01T12:57:33.121324,,0.0,google/gemini-2.5-flash-lite
LAPD_2025.pdf,LAPD,2025,success,,228,226,2,2,226,702087,6782,620,0.0009262,14.38,2026-10-01T12:56:57.684243,,0.0,google/gemini-2.5-flash-lite
LCKM_2025.pdf,LCKM,2025,success,,174,155,19,19,155,478126,63655,4975,0.0083555,81.42,2026-10-01T12:58:19.106785,,0.0,google/gemini-2.5-flash-lite
LEAD_2025.pdf,LEAD,2025,success,,313,303,10,10,303,1039414,30519,5389,0.0052075,69.24,2026-10-01T12:58:42.361942,,0.0,google/gemini-2.5-flash-lite
LFLO_2025.pdf,LFLO,2025,success,,279,180,99,99,180,711637,335709,96601,0.07193581,602.38,2026-10-01T13:07:43.217432,,0.0,google/gemini-2.5-flash-lite
LIFE_2025.pdf,LIFE,2025,success,,510,487,23,23,487,1766894,77993,2133,0.0086525,98.91,2026-10-01T12:59:52.442961,,0.0,google/gemini-2.5-flash-lite
LINK_2025.pdf,LINK,2025,success,,379,351,28,28,351,1100423,91557,8141,0.01214849,118.04,2026-10-01T13:00:17.152527,,0.0,google/gemini-2.5-flash-lite
LION_2025.pdf,LION,2025,success,,291,273,18,18,273,927598,61038,10524,0.0103134,100.41,2026-10-01T13:00:22.772857,,0.0,google/gemini-2.5-flash-lite
LIVE_2025.pdf,LIVE,2025,success,,254,227,27,27,227,720780,91557,6504,0.0117573,115.08,2026-10-01T13:01:47.527594,,0.0,google/gemini-2.5-flash-lite
LMAX_2025.pdf,LMAX,2025,success,,141,71,70,70,71,221488,156874,42389,0.032643,387.61,2026-10-01T13:06:44.770539,,0.0,google/gemini-2.5-flash-lite
LMPI_2025.pdf,LMPI,2025,success,,170,168,2,2,168,522206,6782,1481,0.0012706,12.69,2026-10-01T13:00:35.464974,,0.0,google/gemini-2.5-flash-lite
LMSH_2025.pdf,LMSH,2025,success,,244,233,11,11,233,875808,37301,6816,0.0064565,59.55,2026-10-01T13:01:35.022136,,0.0,google/gemini-2.5-flash-lite
LOPI_2025.pdf,LOPI,2025,success,,273,250,23,23,250,846811,77993,6653,0.0104605,121.38,2026-10-01T13:03:36.410254,,0.0,google/gemini-2.5-flash-lite
LPCK_2025.pdf,LPCK,2025,success,,159,155,4,4,155,918397,13564,5513,0.0035616,36.14,2026-10-01T13:02:23.674715,,0.0,google/gemini-2.5-flash-lite
LPGI_2025.pdf,LPGI,2025,success,,470,447,23,23,447,1717646,77993,8622,0.0112481,107.73,2026-10-01T13:04:11.404319,,0.0,google/gemini-2.5-flash-lite
LPIN_2025.pdf,LPIN,2025,success,,110,104,6,6,104,581241,20346,6441,0.004611,44.31,2026-10-01T13:04:20.719522,,0.0,google/gemini-2.5-flash-lite
LPKR_2025.pdf,LPKR,2025,success,,268,265,3,3,265,792910,10173,111,0.0010617,22.9,2026-10-01T13:04:34.307211,,0.0,google/gemini-2.5-flash-lite
LPLI_2025.pdf,LPLI,2025,success,,220,180,40,40,180,580187,135640,8341,0.01527158,213.45,2026-10-01T13:07:54.167121,,0.0,google/gemini-2.5-flash-lite
LPPF_2025.pdf,LPPF,2025,success,,286,257,29,29,257,793197,98339,9205,0.0135159,127.34,2026-10-01T13:06:41.668523,,0.0,google/gemini-2.5-flash-lite
LPPS_2025.pdf,LPPS,2025,success,,166,154,12,12,154,468365,40692,6152,0.00653,61.52,2026-10-01T13:07:43.192484,,0.0,google/gemini-2.5-flash-lite
LRNA_2025.pdf,LRNA,2025,success,,307,277,30,30,277,805205,101730,7141,0.0130294,149.18,2026-10-01T13:09:13.949393,,0.0,google/gemini-2.5-flash-lite
LSIP_2025.pdf,LSIP,2025,success,,233,221,12,12,221,703870,40692,8080,0.0073012,75.82,2026-10-01T13:08:59.036781,,0.0,google/gemini-2.5-flash-lite
LTLS_2025.pdf,LTLS,2025,success,,492,488,4,4,488,1701344,13564,1145,0.0018144,32.94,2026-10-01T13:08:16.158126,,0.0,google/gemini-2.5-flash-lite
LUCK_2025.pdf,LUCK,2025,success,,249,237,12,12,237,779140,37598,8143,0.007017,82.98,2026-10-01T13:09:17.197263,,0.0,google/gemini-2.5-flash-lite
LUCY_2025.pdf,LUCY,2025,success,,234,216,18,18,216,691026,61038,202,0.0061846,69.49,2026-10-01T13:09:25.651101,,0.0,google/gemini-2.5-flash-lite
MAHA_2025.pdf,MAHA,2025,success,,340,329,11,11,329,1080055,37301,1411,0.0042945,46.2,2026-10-01T13:09:45.243025,,0.0,google/gemini-2.5-flash-lite
MAIN_2025.pdf,MAIN,2025,success,,276,252,24,24,252,822255,81384,6482,0.0107312,123.46,2026-10-01T13:11:17.415016,,0.0,google/gemini-2.5-flash-lite
MANG_2025.pdf,MANG,2025,success,,273,235,38,38,235,864782,128858,7278,0.015797,157.6,2026-10-01T13:11:54.980425,,0.0,google/gemini-2.5-flash-lite
MAPA_2025.pdf,MAPA,2025,success,,190,179,11,11,179,852041,37301,757,0.0040329,56.52,2026-10-01T13:10:22.172168,,0.0,google/gemini-2.5-flash-lite
MAPB_2025.pdf,MAPB,2025,success,,160,144,16,16,144,627605,45742,8254,0.0078758,94.07,2026-10-01T13:11:19.316752,,0.0,google/gemini-2.5-flash-lite
MAPI_2025.pdf,MAPI,2025,success,,246,230,16,16,230,1028143,54256,8031,0.008638,89.52,2026-10-01T13:11:51.692560,,0.0,google/gemini-2.5-flash-lite
MARI_2025.pdf,MARI,2025,success,,270,248,22,22,248,684521,71508,4151,0.0088112,98.33,2026-10-01T13:12:55.743492,,0.0,google/gemini-2.5-flash-lite
MARK_2025.pdf,MARK,2025,success,,285,282,3,3,282,958402,10173,1430,0.0015893,20.18,2026-10-01T13:11:39.501603,,0.0,google/gemini-2.5-flash-lite
MASB_2025.pdf,MASB,2025,success,,394,374,20,20,374,1488095,64726,11288,0.0109878,127.88,2026-10-01T13:13:47.382827,,0.0,google/gemini-2.5-flash-lite
MAXI_2025.pdf,MAXI,2025,success,,338,227,111,111,227,991602,370213,97746,0.0761197,727.81,2026-10-01T13:23:59.507382,,0.0,google/gemini-2.5-flash-lite
MAYA_2025.pdf,MAYA,2025,success,,414,402,12,12,402,1493483,40692,8743,0.0075664,65.05,2026-10-01T13:13:00.030311,,0.0,google/gemini-2.5-flash-lite
MBAP_2025.pdf,MBAP,2025,success,,288,274,14,14,274,936971,47474,6916,0.0075138,89.09,2026-10-01T13:14:24.893777,,0.0,google/gemini-2.5-flash-lite
MBMA_2025.pdf,MBMA,2025,success,,426,421,5,5,421,1598609,16955,1520,0.0023035,48.72,2026-10-01T13:13:48.748389,,0.0,google/gemini-2.5-flash-lite
MBSS_2025.pdf,MBSS,2025,success,,277,267,10,10,267,906058,33910,320,0.003519,59.08,2026-10-01T13:14:46.466536,,0.0,google/gemini-2.5-flash-lite
MBTO_2025.pdf,MBTO,2025,success,,242,227,15,15,227,863018,50865,2131,0.0059389,88.74,2026-10-01T13:15:17.486222,,0.0,google/gemini-2.5-flash-lite
MCAS_2025.pdf,MCAS,2025,success,,571,562,9,9,562,2043615,29745,5874,0.0053241,70.44,2026-10-01T13:15:35.341701,,0.0,google/gemini-2.5-flash-lite
MCOL_2025.pdf,MCOL,2025,success,,470,457,13,13,457,1627787,40989,6912,0.0068637,81.06,2026-10-01T13:16:07.528738,,0.0,google/gemini-2.5-flash-lite
MCOR_2025.pdf,MCOR,2025,success,,447,431,16,16,431,1470226,51162,1663,0.0057814,91.25,2026-10-01T13:25:30.785209,,0.0,google/gemini-2.5-flash-lite
MDIA_2025.pdf,MDIA,2025,success,,375,353,22,22,353,1274351,71508,7705,0.0102328,131.98,2026-10-01T13:26:11.517162,,0.0,google/gemini-2.5-flash-lite
MDIY_2025.pdf,MDIY,2025,success,,149,139,10,10,139,897992,33910,6749,0.0060906,76.83,2026-10-01T13:25:16.367372,,0.0,google/gemini-2.5-flash-lite
MDKA_2025.pdf,MDKA,2025,success,,472,468,4,4,468,1771330,13564,1696,0.0020348,23.69,2026-10-01T13:24:23.224795,,0.0,google/gemini-2.5-flash-lite
MDKI_2025.pdf,MDKI,2025,success,,272,247,25,25,247,974583,84775,6643,0.0111347,112.44,2026-10-01T13:26:15.728769,,0.0,google/gemini-2.5-flash-lite
MDLA_2025.pdf,MDLA,2025,success,,397,375,22,22,375,1369405,74602,2317,0.008387,104.68,2026-10-01T13:27:01.096339,,0.0,google/gemini-2.5-flash-lite
MDLN_2025.pdf,MDLN,2025,success,,331,321,10,10,321,1125617,33910,1171,0.0038594,53.29,2026-10-01T13:26:24.083190,,0.0,google/gemini-2.5-flash-lite
MDRN_2025.pdf,MDRN,2025,success,,243,0,243,243,0,597483,820622,169143,0.1497194,1483.27,2026-10-01T13:50:54.787862,,0.0,google/gemini-2.5-flash-lite
MEDC_2025.pdf,MEDC,2025,success,,528,514,14,14,514,1822738,47474,2798,0.0058666,68.68,2026-10-01T13:27:24.410798,,0.0,google/gemini-2.5-flash-lite
MEDS_2025.pdf,MEDS,2025,success,,229,189,40,40,189,587683,126358,17962,0.0198206,206.24,2026-10-01T13:29:50.324193,,0.0,google/gemini-2.5-flash-lite
MEGA_2025.pdf,MEGA,2025,success,,582,559,23,23,559,1770341,71805,6394,0.0097381,130.16,2026-10-01T13:29:11.262162,,0.0,google/gemini-2.5-flash-lite
MEJA_2025.pdf,MEJA,2025,success,,194,168,26,26,168,534398,85072,13992,0.014104,166.84,2026-10-01T13:30:11.251861,,0.0,google/gemini-2.5-flash-lite
MERI_2025.pdf,MERI,2025,success,,260,247,13,13,247,868225,44083,282,0.0045211,57.27,2026-10-01T13:30:08.536013,,0.0,google/gemini-2.5-flash-lite
MERK_2025.pdf,MERK,2025,success,,296,284,12,12,284,773053,40692,5884,0.0064228,62.76,2026-10-01T13:30:53.089497,,0.0,google/gemini-2.5-flash-lite
META_2025.pdf,META,2025,success,,358,329,29,29,329,1166888,94948,8629,0.0129464,150.93,2026-10-01T13:32:39.525815,,0.0,google/gemini-2.5-flash-lite
MFMI_2025.pdf,MFMI,2025,success,,171,155,16,16,155,553466,54256,5791,0.007742,86.59,2026-10-01T13:31:37.846486,,0.0,google/gemini-2.5-flash-lite
MGLV_2025.pdf,MGLV,2025,success,,285,257,28,28,257,886405,94948,1964,0.0102804,114.26,2026-10-01T13:32:47.355468,,0.0,google/gemini-2.5-flash-lite
MGNA_2025.pdf,MGNA,2025,success,,291,263,28,28,263,849221,94948,1367,0.0100416,107.38,2026-10-01T13:33:25.227806,,0.0,google/gemini-2.5-flash-lite
MGRO_2025.pdf,MGRO,2025,success,,384,361,23,23,361,1366012,77993,7889,0.0109549,142.7,2026-10-01T13:35:02.227987,,0.0,google/gemini-2.5-flash-lite
MHKI_2025.pdf,MHKI,2025,success,,352,333,19,19,333,1003983,64429,6576,0.0090733,110.78,2026-10-01T13:34:38.138358,,0.0,google/gemini-2.5-flash-lite
MICE_2025.pdf,MICE,2025,success,,426,409,17,17,409,1597096,57647,14855,0.01143571,101.25,2026-10-01T13:35:06.562584,,0.0,google/gemini-2.5-flash-lite
MIDI_2025.pdf,MIDI,2025,success,,387,373,14,14,373,1047025,44380,2268,0.0053452,81.73,2026-10-01T13:35:59.872582,,0.0,google/gemini-2.5-flash-lite
MIKA_2025.pdf,MIKA,2025,success,,426,404,22,22,404,1282889,71211,13961,0.0127055,114.77,2026-10-01T13:36:57.005052,,0.0,google/gemini-2.5-flash-lite
MINA_2025.pdf,MINA,2025,success,,246,227,19,19,227,764169,64429,8087,0.0096777,96.43,2026-10-01T13:36:42.994911,,0.0,google/gemini-2.5-flash-lite
MINE_2025.pdf,MINE,2025,success,,198,171,27,27,171,668375,91557,10288,0.0132709,135.4,2026-10-01T13:38:15.273060,,0.0,google/gemini-2.5-flash-lite
MIRA_2025.pdf,MIRA,2025,success,,198,195,3,3,195,595010,10173,1108,0.0014605,16.04,2026-10-01T13:36:59.040600,,0.0,google/gemini-2.5-flash-lite
MITI_2025.pdf,MITI,2025,success,,292,258,34,34,258,824580,112200,10563,0.0154452,188.93,2026-10-01T13:40:05.942421,,0.0,google/gemini-2.5-flash-lite
MKAP_2025.pdf,MKAP,2025,success,,286,270,16,16,270,927247,51162,1062,0.005541,79.64,2026-10-01T13:38:18.683479,,0.0,google/gemini-2.5-flash-lite
MKNT_2025.pdf,MKNT,2025,success,,134,133,1,1,133,271275,3391,256,0.0004415,7.21,2026-10-01T13:38:22.482431,,0.0,google/gemini-2.5-flash-lite
MKPI_2025.pdf,MKPI,2025,success,,228,222,6,6,222,829744,20346,3927,0.0036054,36.28,2026-10-01T13:38:54.963835,,0.0,google/gemini-2.5-flash-lite
MKTR_2025.pdf,MKTR,2025,success,,590,565,25,25,565,1750490,84775,11556,0.0130999,136.23,2026-10-01T13:40:38.718701,,0.0,google/gemini-2.5-flash-lite
MLBI_2025.pdf,MLBI,2025,success,,229,225,4,4,225,818912,13564,1192,0.0018332,19.89,2026-10-01T13:39:14.859589,,0.0,google/gemini-2.5-flash-lite
MLIA_2025.pdf,MLIA,2025,success,,375,311,64,64,311,932253,210539,27106,0.0318963,354.69,2026-10-01T13:45:09.550906,,0.0,google/gemini-2.5-flash-lite
MLPL_2025.pdf,MLPL,2025,success,,326,297,29,29,297,979717,98339,6839,0.0125695,134.88,2026-10-01T13:42:20.822873,,0.0,google/gemini-2.5-flash-lite
MLPT_2025.pdf,MLPT,2025,success,,352,331,21,21,331,1046613,71211,7365,0.0100671,117.83,2026-10-01T13:42:36.557362,,0.0,google/gemini-2.5-flash-lite
MMIX_2025.pdf,MMIX,2025,success,,360,332,28,28,332,1049640,91854,6759,0.011889,160.76,2026-10-01T13:45:01.586645,,0.0,google/gemini-2.5-flash-lite
MMLP_2025.pdf,MMLP,2025,success,,168,158,10,10,158,714463,33910,4254,0.0050926,64.7,2026-10-01T13:43:41.264219,,0.0,google/gemini-2.5-flash-lite
MNCN_2025.pdf,MNCN,2025,success,,339,293,46,46,293,1057793,155986,3407,0.0169614,230.34,2026-10-01T13:47:31.603304,,0.0,google/gemini-2.5-flash-lite
MOLI_2025.pdf,MOLI,2025,success,,316,300,16,16,300,998810,51162,559,0.0053398,85.61,2026-10-01T13:46:27.200228,,0.0,google/gemini-2.5-flash-lite
MORA_2025.pdf,MORA,2025,success,,354,321,33,33,321,1070980,111903,16515,0.0177963,180.12,2026-10-01T13:48:09.671244,,0.0,google/gemini-2.5-flash-lite
MPIX_2025.pdf,MPIX,2025,success,,329,312,17,17,312,722580,57647,862,0.0061095,99.76,2026-10-01T13:48:06.965715,,0.0,google/gemini-2.5-flash-lite
MPMX_2025.pdf,MPMX,2025,success,,325,313,12,12,313,1180455,37301,6783,0.0064433,92.85,2026-10-01T13:49:04.518206,,0.0,google/gemini-2.5-flash-lite
MPOW_2025.pdf,MPOW,2025,success,,153,142,11,11,142,487098,37301,892,0.0040869,45.43,2026-10-01T13:48:52.396408,,0.0,google/gemini-2.5-flash-lite
MPPA_2025.pdf,MPPA,2025,success,,345,320,25,25,320,1240390,75493,7171,0.0104177,152.18,2026-10-01T13:50:41.849964,,0.0,google/gemini-2.5-flash-lite
MPRO_2025.pdf,MPRO,2025,success,,184,168,16,16,168,588584,54256,6773,0.0081348,82.47,2026-10-01T13:50:14.866581,,0.0,google/gemini-2.5-flash-lite
MPXL_2025.pdf,MPXL,2025,success,,136,136,0,0,136,745505,0,0,0.0,4.77,2026-10-01T13:49:09.292607,,0.0,
MRAT_2025.pdf,MRAT,2025,success,,341,306,35,35,306,1098168,115591,10154,0.0156207,177.66,2026-10-01T13:52:07.002180,,0.0,google/gemini-2.5-flash-lite
MSIE_2025.pdf,MSIE,2025,success,,262,252,10,10,252,751457,33910,7037,0.0062058,54.46,2026-10-01T13:51:09.328846,,0.0,google/gemini-2.5-flash-lite
MSIN_2025.pdf,MSIN,2025,success,,251,240,11,11,240,899006,37301,1247,0.0042289,61.38,2026-10-01T13:51:43.236800,,0.0,google/gemini-2.5-flash-lite
MSJA_2025.pdf,MSJA,2025,success,,293,269,24,24,269,918667,77993,7296,0.0107177,125.36,2026-10-01T13:53:00.153659,,0.0,google/gemini-2.5-flash-lite
MSKY_2025.pdf,MSKY,2025,success,,316,278,38,38,278,940779,122670,2494,0.0132646,208.22,2026-10-01T13:56:28.407912,,0.0,google/gemini-2.5-flash-lite
MSTI_2025.pdf,MSTI,2025,success,,335,327,8,8,327,1191002,27128,5477,0.0049036,67.92,2026-10-01T13:54:08.108143,,0.0,google/gemini-2.5-flash-lite
MTDL_2025.pdf,MTDL,2025,success,,258,239,19,19,239,769657,58241,7958,0.0090073,114.64,2026-10-01T13:54:54.829556,,0.0,google/gemini-2.5-flash-lite
MTEL_2025.pdf,MTEL,2025,success,,684,658,26,26,658,2397220,88166,10693,0.0130938,149.61,2026-10-01T13:55:29.802039,,0.0,google/gemini-2.5-flash-lite
MTFN_2025.pdf,MTFN,2025,success,,187,184,3,3,184,604823,10173,2055,0.0018393,17.64,2026-10-01T13:54:25.754366,,0.0,google/gemini-2.5-flash-lite
MTLA_2025.pdf,MTLA,2025,success,,414,385,29,29,385,1448167,92151,6673,0.0118843,156.6,2026-10-01T13:57:02.361922,,0.0,google/gemini-2.5-flash-lite
MTMH_2025.pdf,MTMH,2025,success,,284,281,3,3,281,1022159,10173,970,0.0014053,17.57,2026-10-01T13:55:12.404070,,0.0,google/gemini-2.5-flash-lite
MTPS_2025.pdf,MTPS,2025,success,,336,321,15,15,321,1023572,50865,1543,0.0057037,56.65,2026-10-01T13:56:09.150150,,0.0,google/gemini-2.5-flash-lite
MTSM_2025.pdf,MTSM,2025,success,,102,98,4,4,98,250926,13564,1034,0.00177,20.15,2026-10-01T13:55:49.953371,,0.0,google/gemini-2.5-flash-lite
MTWI_2025.pdf,MTWI,2025,success,,324,311,13,13,311,1086319,44083,8597,0.0078471,68.77,2026-10-01T13:56:58.805365,,0.0,google/gemini-2.5-flash-lite
MUTU_2025.pdf,MUTU,2025,success,,289,283,6,6,283,883980,20346,1540,0.0026506,28.51,2026-10-01T13:56:37.664286,,0.0,google/gemini-2.5-flash-lite
MYOH_2025.pdf,MYOH,2025,success,,272,256,16,16,256,829745,54256,6170,0.0078936,79.09,2026-10-01T13:57:47.502842,,0.0,google/gemini-2.5-flash-lite
MYOR_2025.pdf,MYOR,2025,success,,216,197,19,19,197,751909,64429,15874,0.0127925,121.23,2026-10-01T13:58:38.892745,,0.0,google/gemini-2.5-flash-lite
MYTX_2025.pdf,MYTX,2025,success,,308,292,16,16,292,874655,54256,9299,0.00887421,90.81,2026-10-01T13:58:29.623313,,0.0,google/gemini-2.5-flash-lite
NAIK_2025.pdf,NAIK,2025,success,,297,289,8,8,289,873206,27128,145,0.0027708,36.94,2026-10-01T13:57:39.634193,,0.0,google/gemini-2.5-flash-lite
NANO_2025.pdf,NANO,2025,success,,302,279,23,23,279,1229370,77993,3124,0.0090489,107.75,2026-10-01T13:59:27.384955,,0.0,google/gemini-2.5-flash-lite
NASA_2025.pdf,NASA,2025,success,,227,205,22,22,205,717069,64542,8598,0.0098934,123.18,2026-10-01T13:59:50.825455,,0.0,google/gemini-2.5-flash-lite
NASI_2025.pdf,NASI,2025,success,,248,209,39,39,209,827836,125287,7124,0.0153783,198.45,2026-10-01T14:01:48.079219,,0.0,google/gemini-2.5-flash-lite
NATO_2025.pdf,NATO,2025,success,,230,202,28,28,202,750958,79949,10409,0.0121585,163.27,2026-10-01T14:01:22.169955,,0.0,google/gemini-2.5-flash-lite
NAYZ_2025.pdf,NAYZ,2025,success,,198,176,22,22,176,446153,74602,13218,0.0127474,113.21,2026-10-01T14:01:20.598484,,0.0,google/gemini-2.5-flash-lite
NCKL_2025.pdf,NCKL,2025,success,,416,391,25,25,391,1408057,75493,2209,0.0084329,152.16,2026-10-01T14:02:22.987397,,0.0,google/gemini-2.5-flash-lite
NELY_2025.pdf,NELY,2025,success,,234,218,16,16,218,721361,54256,7936,0.0086,111.39,2026-10-01T14:03:11.987565,,0.0,google/gemini-2.5-flash-lite
NEST_2025.pdf,NEST,2025,success,,319,295,24,24,295,791641,78290,2177,0.0086998,144.73,2026-10-01T14:03:46.901358,,0.0,google/gemini-2.5-flash-lite
NETV_2025.pdf,NETV,2025,success,,350,320,30,30,320,1100217,101730,8703,0.0136542,160.29,2026-10-01T14:04:28.561107,,0.0,google/gemini-2.5-flash-lite
NFCX_2025.pdf,NFCX,2025,success,,443,421,22,22,421,1604431,74602,6830,0.0101922,135.61,2026-10-01T14:04:38.602848,,0.0,google/gemini-2.5-flash-lite
NICE_2025.pdf,NICE,2025,success,,335,319,16,16,319,1005151,54256,1177,0.0058964,87.77,2026-10-01T14:04:39.765321,,0.0,google/gemini-2.5-flash-lite
NICK_2025.pdf,NICK,2025,success,,284,266,18,18,266,730442,61038,1261,0.00524461,62.45,2026-10-01T14:04:49.359062,,0.0,google/gemini-2.5-flash-lite
NICL_2025.pdf,NICL,2025,success,,341,327,14,14,327,1137417,47474,1430,0.0053194,61.01,2026-10-01T14:05:29.576944,,0.0,google/gemini-2.5-flash-lite
NIKL_2025.pdf,NIKL,2025,success,,336,321,15,15,321,1174337,50865,6350,0.0076265,75.67,2026-10-01T14:05:54.499378,,0.0,google/gemini-2.5-flash-lite
NINE_2025.pdf,NINE,2025,success,,88,80,8,8,80,228053,27128,16430,0.0092848,76.4,2026-10-01T14:05:56.170448,,0.0,google/gemini-2.5-flash-lite
NIRO_2025.pdf,NIRO,2025,success,,365,353,12,12,353,1157470,40692,2052,0.00489,62.21,2026-10-01T14:05:51.571451,,0.0,google/gemini-2.5-flash-lite
NISP_2025.pdf,NISP,2025,success,,484,472,12,12,472,1756439,40692,8630,0.0075212,73.02,2026-10-01T14:06:42.595919,,0.0,google/gemini-2.5-flash-lite
NOBU_2025.pdf,NOBU,2025,success,,543,509,34,34,509,1881905,112200,8221,0.0145084,188.09,2026-10-01T14:08:59.660921,,0.0,google/gemini-2.5-flash-lite
NPGF_2025.pdf,NPGF,2025,success,,344,330,14,14,330,1165786,47474,5456,0.00665881,73.44,2026-10-01T14:07:07.953019,,0.0,google/gemini-2.5-flash-lite
NRCA_2025.pdf,NRCA,2025,success,,304,283,21,21,283,942210,71211,7171,0.0099895,121.89,2026-10-01T14:07:58.063398,,0.0,google/gemini-2.5-flash-lite
NSSS_2025.pdf,NSSS,2025,success,,318,300,18,18,300,953814,61038,1154,0.00629441,96.32,2026-10-01T14:08:18.918092,,0.0,google/gemini-2.5-flash-lite
NTBK_2025.pdf,NTBK,2025,success,,244,229,15,15,229,735803,50865,402,0.0052473,109.7,2026-10-01T14:08:57.661015,,0.0,google/gemini-2.5-flash-lite
NZIA_2025.pdf,NZIA,2025,success,,198,195,3,3,195,595092,9399,9211,0.0046243,52.06,2026-10-01T14:08:50.128596,,0.0,google/gemini-2.5-flash-lite
OASA_2025.pdf,OASA,2025,success,,270,260,10,10,260,1139755,33910,7849,0.0065306,75.21,2026-10-01T14:09:34.136942,,0.0,google/gemini-2.5-flash-lite
OBAT_2025.pdf,OBAT,2025,success,,306,271,35,35,271,807075,115591,3836,0.0130935,164.6,2026-10-01T14:11:34.731204,,0.0,google/gemini-2.5-flash-lite
OBMD_2025.pdf,OBMD,2025,success,,203,184,19,19,184,605220,64429,1346,0.0069813,90.31,2026-10-01T14:10:27.976455,,0.0,google/gemini-2.5-flash-lite
OCAP_2025.pdf,OCAP,2025,success,,140,47,93,93,47,300802,315363,35001,0.0455367,508.94,2026-10-01T14:17:28.602430,,0.0,google/gemini-2.5-flash-lite
OILS_2025.pdf,OILS,2025,success,,248,0,248,248,0,534327,816216,155362,0.1437664,2433.62,2026-10-01T14:50:07.756711,,0.0,google/gemini-2.5-flash-lite
OKAS_2025.pdf,OKAS,2025,success,,487,482,5,5,482,1603644,16955,1348,0.0022347,31.94,2026-10-01T14:10:59.923323,,0.0,google/gemini-2.5-flash-lite
OLIV_2025.pdf,OLIV,2025,success,,316,283,33,33,283,862523,102027,2220,0.0110907,133.05,2026-10-01T14:13:12.974713,,0.0,google/gemini-2.5-flash-lite
OMED_2025.pdf,OMED,2025,success,,434,416,18,18,416,1463620,61038,636,0.0063582,79.26,2026-10-01T14:12:53.994576,,0.0,google/gemini-2.5-flash-lite
OMRE_2025.pdf,OMRE,2025,success,,52,45,7,7,45,333383,23737,712,0.0026585,37.22,2026-10-01T14:13:31.216625,,0.0,google/gemini-2.5-flash-lite
OPMS_2025.pdf,OPMS,2025,success,,237,221,16,16,221,752477,54256,1331,0.005958,72.86,2026-10-01T14:14:25.841537,,0.0,google/gemini-2.5-flash-lite
PACK_2025.pdf,PACK,2025,success,,306,283,23,23,283,950450,74899,746,0.0077883,130.69,2026-10-01T14:15:41.911940,,0.0,google/gemini-2.5-flash-lite
PADA_2025.pdf,PADA,2025,success,,316,299,17,17,299,949171,57647,788,0.0060799,87.19,2026-10-01T14:15:53.037311,,0.0,google/gemini-2.5-flash-lite
PADI_2025.pdf,PADI,2025,success,,238,219,19,19,219,829453,64429,7336,0.0093773,109.59,2026-10-01T14:51:57.368452,,0.0,google/gemini-2.5-flash-lite
PALM_2025.pdf,PALM,2025,success,,257,227,30,30,227,826181,94948,1285,0.0100088,168.61,2026-10-01T14:52:56.389390,,0.0,google/gemini-2.5-flash-lite
PAMG_2025.pdf,PAMG,2025,success,,265,245,20,20,245,904817,64726,6742,0.0091694,134.65,2026-10-01T14:52:22.437103,,0.0,google/gemini-2.5-flash-lite
PANI_2025.pdf,PANI,2025,success,,446,429,17,17,429,1454566,57647,7009,0.0085683,114.01,2026-10-01T14:52:01.795185,,0.0,google/gemini-2.5-flash-lite
PANR_2025.pdf,PANR,2025,success,,216,210,6,6,210,1183143,20346,1481,0.002627,44.37,2026-10-01T14:52:41.740369,,0.0,google/gemini-2.5-flash-lite
PANS_2025.pdf,PANS,2025,success,,514,510,4,4,510,1944573,10470,209,0.0011306,37.52,2026-10-01T14:52:39.318216,,0.0,google/gemini-2.5-flash-lite
PART_2025.pdf,PART,2025,success,,252,228,24,24,228,783337,78290,1290,0.008345,107.4,2026-10-01T14:54:10.083479,,0.0,google/gemini-2.5-flash-lite
PBID_2025.pdf,PBID,2025,success,,208,204,4,4,204,887505,10470,1856,0.0017894,35.8,2026-10-01T14:53:15.201332,,0.0,google/gemini-2.5-flash-lite
PBRX_2025.pdf,PBRX,2025,success,,347,316,31,31,316,976861,101730,6124,0.0126226,155.18,2026-10-01T14:55:16.919997,,0.0,google/gemini-2.5-flash-lite
PBSA_2025.pdf,PBSA,2025,success,,261,250,11,11,250,991873,37301,1093,0.0041673,64.53,2026-10-01T14:54:00.922164,,0.0,google/gemini-2.5-flash-lite
PCAR_2025.pdf,PCAR,2025,success,,263,244,19,19,244,665234,64429,4422,0.0082117,96.24,2026-10-01T14:54:51.444966,,0.0,google/gemini-2.5-flash-lite
PDES_2025.pdf,PDES,2025,success,,156,155,1,1,155,797476,3391,1144,0.0007967,13.4,2026-10-01T14:54:14.328618,,0.0,google/gemini-2.5-flash-lite
PDPP_2025.pdf,PDPP,2025,success,,398,369,29,29,369,1107021,98339,2338,0.0107691,141.86,2026-10-01T14:56:31.948910,,0.0,google/gemini-2.5-flash-lite
PEGE_2025.pdf,PEGE,2025,success,,214,210,4,4,210,587868,13564,1578,0.0019876,19.74,2026-10-01T14:54:34.065558,,0.0,google/gemini-2.5-flash-lite
PEHA_2025.pdf,PEHA,2025,success,,612,601,11,11,601,1693303,34207,1405,0.0039827,73.77,2026-10-01T14:55:47.838012,,0.0,google/gemini-2.5-flash-lite
PEVE_2025.pdf,PEVE,2025,success,,284,270,14,14,270,985278,44380,1282,0.0049508,104.04,2026-10-01T14:56:35.550940,,0.0,google/gemini-2.5-flash-lite
PGAS_2025.pdf,PGAS,2025,success,,967,943,24,24,943,3139734,75196,9992,0.0115164,157.4,2026-10-01T14:57:54.318851,,0.0,google/gemini-2.5-flash-lite
PGEO_2025.pdf,PGEO,2025,success,,689,651,38,38,651,2173607,122670,16976,0.0190574,230.36,2026-10-01T14:59:38.199143,,0.0,google/gemini-2.5-flash-lite
PGJO_2025.pdf,PGJO,2025,success,,217,202,15,15,202,799743,50865,6374,0.0076361,76.45,2026-10-01T14:57:48.399712,,0.0,google/gemini-2.5-flash-lite
PGLI_2025.pdf,PGLI,2025,success,,256,239,17,17,239,724700,57647,6985,0.0085587,93.56,2026-10-01T14:58:09.115365,,0.0,google/gemini-2.5-flash-lite
PGUN_2025.pdf,PGUN,2025,success,,185,159,26,26,159,479670,87392,12506,0.0137416,169.39,2026-10-01T15:00:37.797416,,0.0,google/gemini-2.5-flash-lite
PICO_2025.pdf,PICO,2025,success,,221,212,9,9,212,655188,30519,202,0.0031327,37.97,2026-10-01T14:58:32.290495,,0.0,google/gemini-2.5-flash-lite
PIPA_2025.pdf,PIPA,2025,success,,180,172,8,8,172,690778,27128,7708,0.005796,54.5,2026-10-01T14:59:03.616044,,0.0,google/gemini-2.5-flash-lite
PJAA_2025.pdf,PJAA,2025,success,,416,394,22,22,394,1439835,74602,6440,0.0100362,113.65,2026-10-01T15:00:25.946391,,0.0,google/gemini-2.5-flash-lite
PJHB_2025.pdf,PJHB,2025,success,,260,243,17,17,243,808546,57647,8708,0.0092479,99.43,2026-10-01T15:00:43.046186,,0.0,google/gemini-2.5-flash-lite
PKPK_2025.pdf,PKPK,2025,success,,340,320,20,20,320,925730,67820,6838,0.0095172,111.06,2026-10-01T15:01:29.265416,,0.0,google/gemini-2.5-flash-lite
PLAN_2025.pdf,PLAN,2025,success,,57,56,1,1,56,137608,297,550,0.0002497,15.74,2026-10-01T15:00:41.692284,,0.0,google/gemini-2.5-flash-lite
PLIN_2025.pdf,PLIN,2025,success,,288,266,22,22,266,948850,74602,14392,0.013217,162.33,2026-10-01T15:03:20.127408,,0.0,google/gemini-2.5-flash-lite
PMJS_2025.pdf,PMJS,2025,success,,238,213,25,25,213,728965,78587,7948,0.0110379,160.16,2026-10-01T15:03:21.854066,,0.0,google/gemini-2.5-flash-lite
PMUI_2025.pdf,PMUI,2025,success,,241,220,21,21,220,641405,71211,1479,0.0077127,95.67,2026-10-01T15:02:18.715080,,0.0,google/gemini-2.5-flash-lite
PNBN_2025.pdf,PNBN,2025,success,,954,934,20,20,934,3699815,67820,8100,0.010022,123.05,2026-10-01T15:03:32.321248,,0.0,google/gemini-2.5-flash-lite
PNBS_2025.pdf,PNBS,2025,success,,304,284,20,20,284,948016,67820,1713,0.0074672,78.04,2026-10-01T15:03:36.758818,,0.0,google/gemini-2.5-flash-lite
PNGO_2025.pdf,PNGO,2025,success,,342,338,4,4,338,1100392,13564,1117,0.0018032,31.52,2026-10-01T15:03:51.649070,,0.0,google/gemini-2.5-flash-lite
PNIN_2025.pdf,PNIN,2025,success,,434,428,6,6,428,1598108,20346,1294,0.0025522,30.47,2026-10-01T15:03:52.367036,,0.0,google/gemini-2.5-flash-lite
PNLF_2025.pdf,PNLF,2025,success,,472,468,4,4,468,1695545,12016,109,0.0012452,23.24,2026-10-01T15:03:55.637259,,0.0,google/gemini-2.5-flash-lite
PNSE_2025.pdf,PNSE,2025,success,,267,251,16,16,251,909196,54256,5898,0.0077848,87.48,2026-10-01T15:05:04.238523,,0.0,google/gemini-2.5-flash-lite
POLA_2025.pdf,POLA,2025,success,,271,241,30,30,241,930718,95245,6374,0.0120741,148.35,2026-10-01T15:06:20.099894,,0.0,google/gemini-2.5-flash-lite
POLI_2025.pdf,POLI,2025,success,,312,284,28,28,284,912136,91854,6972,0.0119742,174.15,2026-10-01T15:06:46.599313,,0.0,google/gemini-2.5-flash-lite
POLL_2025.pdf,POLL,2025,success,,210,186,24,24,186,676102,78290,7735,0.010923,123.49,2026-10-01T15:05:59.135252,,0.0,google/gemini-2.5-flash-lite
POLU_2025.pdf,POLU,2025,success,,170,165,5,5,165,460362,16955,159,0.0017591,25.45,2026-10-01T15:05:29.887283,,0.0,google/gemini-2.5-flash-lite
POLY_2025.pdf,POLY,2025,success,,309,299,10,10,299,1028371,33910,7300,0.006311,58.09,2026-10-01T15:06:27.979219,,0.0,google/gemini-2.5-flash-lite
PORT_2025.pdf,PORT,2025,success,,106,101,5,5,101,655364,13564,4784,0.00327,53.82,2026-10-01T15:06:52.956613,,0.0,google/gemini-2.5-flash-lite
POSA_2025.pdf,POSA,2025,success,,319,309,10,10,309,1226206,25877,1285,0.0025554,73.56,2026-10-01T15:07:33.659344,,0.0,google/gemini-2.5-flash-lite
POWR_2025.pdf,POWR,2025,success,,346,322,24,24,322,997262,81384,828,0.0084696,123.13,2026-10-01T15:08:31.115406,,0.0,google/gemini-2.5-flash-lite
PPGL_2025.pdf,PPGL,2025,success,,279,238,41,41,238,749718,108853,1543,0.00873014,143.09,2026-10-01T15:09:09.695362,,0.0,google/gemini-2.5-flash-lite
PPRE_2025.pdf,PPRE,2025,success,,809,697,112,112,697,2241539,370510,122262,0.08572981,833.65,2026-10-01T15:20:46.682015,,0.0,google/gemini-2.5-flash-lite
PPRI_2025.pdf,PPRI,2025,success,,293,274,19,19,274,866110,58241,819,0.0061517,111.34,2026-10-01T15:09:25.001537,,0.0,google/gemini-2.5-flash-lite
PPRO_2025.pdf,PPRO,2025,success,,576,542,34,34,542,1949082,106012,15766,0.0169076,206.38,2026-10-01T15:11:57.497376,,0.0,google/gemini-2.5-flash-lite
PRAY_2025.pdf,PRAY,2025,success,,386,360,26,26,360,1200387,81681,9288,0.0118833,135.66,2026-10-01T15:11:25.356106,,0.0,google/gemini-2.5-flash-lite
PRDA_2025.pdf,PRDA,2025,success,,418,391,27,27,391,1422892,88463,10201,0.0129267,145.16,2026-10-01T15:11:50.214778,,0.0,google/gemini-2.5-flash-lite
PRIM_2025.pdf,PRIM,2025,success,,270,247,23,23,247,703463,74899,444,0.00739651,117.72,2026-10-01T15:22:44.431474,,0.0,google/gemini-2.5-flash-lite
PSAB_2025.pdf,PSAB,2025,success,,208,185,23,23,185,639352,77993,14476,0.0135897,156.0,2026-10-01T15:23:22.710385,,0.0,google/gemini-2.5-flash-lite
PSAT_2025.pdf,PSAT,2025,success,,330,307,23,23,307,997480,77993,8638,0.0112545,110.12,2026-10-01T15:22:36.831280,,0.0,google/gemini-2.5-flash-lite
PSDN_2025.pdf,PSDN,2025,success,,144,125,19,19,125,495077,61335,6827,0.0088643,144.53,2026-10-01T15:23:11.237379,,0.0,google/gemini-2.5-flash-lite
PSGO_2025.pdf,PSGO,2025,success,,313,295,18,18,295,868945,57944,1222,0.00601221,80.4,2026-10-01T15:23:57.235176,,0.0,google/gemini-2.5-flash-lite
PSKT_2025.pdf,PSKT,2025,success,,276,249,27,27,249,977396,91557,11463,0.0137409,140.8,2026-10-01T15:25:05.229583,,0.0,google/gemini-2.5-flash-lite
PSSI_2025.pdf,PSSI,2025,success,,277,257,20,20,257,851311,67820,1906,0.0075444,87.19,2026-10-01T15:24:38.648394,,0.0,google/gemini-2.5-flash-lite
PTBA_2025.pdf,PTBA,2025,success,,950,936,14,14,936,3541847,40989,1374,0.0046485,100.44,2026-10-01T15:25:03.506250,,0.0,google/gemini-2.5-flash-lite
PTIS_2025.pdf,PTIS,2025,success,,290,262,28,28,262,933216,85666,8417,0.0119334,169.33,2026-10-01T15:26:46.613039,,0.0,google/gemini-2.5-flash-lite
PTMP_2025.pdf,PTMP,2025,success,,244,228,16,16,228,855204,44974,447,0.0046762,90.56,2026-10-01T15:26:09.206595,,0.0,google/gemini-2.5-flash-lite
PTMR_2025.pdf,PTMR,2025,success,,228,213,15,15,213,773902,35395,8605,0.0069815,78.59,2026-10-01T15:26:22.106068,,0.0,google/gemini-2.5-flash-lite
PTPP_2025.pdf,PTPP,2025,success,,927,892,35,35,892,3203083,115591,13642,0.0170159,243.62,2026-10-01T15:29:08.855312,,0.0,google/gemini-2.5-flash-lite
PTPS_2025.pdf,PTPS,2025,success,,271,250,21,21,250,824762,68117,7283,0.0097249,138.34,2026-10-01T15:28:27.544268,,0.0,google/gemini-2.5-flash-lite
PTPW_2025.pdf,PTPW,2025,success,,271,267,4,4,267,840512,7376,404,0.0008992,27.4,2026-10-01T15:26:49.609021,,0.0,google/gemini-2.5-flash-lite
PTRO_2025.pdf,PTRO,2025,success,,429,426,3,3,426,1721668,10173,1270,0.0015253,21.54,2026-10-01T15:27:08.156686,,0.0,google/gemini-2.5-flash-lite
PTSN_2025.pdf,PTSN,2025,success,,279,256,23,23,256,796487,71805,12814,0.0123061,119.97,2026-10-01T15:28:49.580271,,0.0,google/gemini-2.5-flash-lite
PTSP_2025.pdf,PTSP,2025,success,,292,255,37,37,255,942216,122076,15766,0.018514,212.97,2026-10-01T15:30:41.131284,,0.0,google/gemini-2.5-flash-lite
PUDP_2025.pdf,PUDP,2025,success,,282,265,17,17,265,737609,54256,5898,0.0077848,101.77,2026-10-01T15:30:09.322147,,0.0,google/gemini-2.5-flash-lite
PURA_2025.pdf,PURA,2025,success,,300,279,21,21,279,794002,71211,1360,0.0076651,105.7,2026-10-01T15:30:35.279584,,0.0,google/gemini-2.5-flash-lite
PURI_2025.pdf,PURI,2025,success,,434,397,37,37,397,1255209,98385,15541,0.0160549,260.49,2026-10-01T15:33:29.348946,,0.0,google/gemini-2.5-flash-lite
PWON_2025.pdf,PWON,2025,success,,454,332,122,122,332,1793855,400732,129774,0.09173908,1199.6,2026-10-01T15:50:08.929140,,0.0,google/gemini-2.5-flash-lite
PYFA_2025.pdf,PYFA,2025,success,,396,385,11,11,385,1403580,37301,1928,0.0045013,57.99,2026-10-01T15:31:33.271007,,0.0,google/gemini-2.5-flash-lite
PZZA_2025.pdf,PZZA,2025,success,,252,229,23,23,229,845588,74899,6810,0.0102139,146.09,2026-10-01T15:33:07.219964,,0.0,google/gemini-2.5-flash-lite
RAAM_2025.pdf,RAAM,2025,success,,374,365,9,9,365,1265384,27425,1263,0.0032477,48.9,2026-10-01T15:32:22.170341,,0.0,google/gemini-2.5-flash-lite
RAJA_2025.pdf,RAJA,2025,success,,366,338,28,28,338,1149222,91854,1926,0.0099558,161.23,2026-10-01T15:35:03.409725,,0.0,google/gemini-2.5-flash-lite
RALS_2025.pdf,RALS,2025,success,,332,315,17,17,315,1041494,57647,2060,0.0065887,118.28,2026-10-01T15:35:05.498251,,0.0,google/gemini-2.5-flash-lite
RANC_2025.pdf,RANC,2025,success,,306,286,20,20,286,859326,67820,2103,0.0076232,101.04,2026-10-01T15:35:10.392191,,0.0,google/gemini-2.5-flash-lite
RATU_2025.pdf,RATU,2025,success,,279,255,24,24,255,827021,81384,914,0.008504,121.55,2026-10-01T15:37:04.960793,,0.0,google/gemini-2.5-flash-lite
RBMS_2025.pdf,RBMS,2025,success,,122,120,2,2,120,322906,6782,116,0.0007246,11.56,2026-10-01T15:35:17.058650,,0.0,google/gemini-2.5-flash-lite
RCCC_2025.pdf,RCCC,2025,success,,213,195,18,18,195,568222,57944,1543,0.0064116,135.59,2026-10-01T15:37:25.988915,,0.0,google/gemini-2.5-flash-lite
RDTX_2025.pdf,RDTX,2025,success,,256,233,23,23,233,723633,74899,7119,0.0103375,141.93,2026-10-01T15:37:38.988636,,0.0,google/gemini-2.5-flash-lite
REAL_2025.pdf,REAL,2025,success,,238,173,65,65,173,667196,220415,42394,0.0389991,353.74,2026-10-01T15:42:58.701616,,0.0,google/gemini-2.5-flash-lite
RELF_2025.pdf,RELF,2025,success,,148,98,50,50,98,727622,160268,70667,0.0442936,524.55,2026-10-01T15:46:10.540735,,0.0,google/gemini-2.5-flash-lite
RELI_2025.pdf,RELI,2025,success,,431,420,11,11,420,1441622,34207,894,0.0037783,68.43,2026-10-01T15:38:47.465142,,0.0,google/gemini-2.5-flash-lite
RGAS_2025.pdf,RGAS,2025,success,,293,272,21,21,272,725226,71211,1374,0.0076707,126.52,2026-10-01T15:40:53.988957,,0.0,google/gemini-2.5-flash-lite
RICY_2025.pdf,RICY,2025,success,,310,295,15,15,295,876848,50865,1462,0.0056713,63.72,2026-10-01T15:41:57.712422,,0.0,google/gemini-2.5-flash-lite
RIGS_2025.pdf,RIGS,2025,success,,330,298,32,32,298,970493,108512,7495,0.0138492,171.1,2026-10-01T15:44:48.815117,,0.0,google/gemini-2.5-flash-lite
RISE_2025.pdf,RISE,2025,success,,318,304,14,14,304,1037802,47474,1502,0.0053482,96.73,2026-10-01T15:44:35.437163,,0.0,google/gemini-2.5-flash-lite
RLCO_2025.pdf,RLCO,2025,success,,306,293,13,13,293,867226,37895,694,0.0040671,91.33,2026-10-01T15:46:06.771238,,0.0,google/gemini-2.5-flash-lite
RMKE_2025.pdf,RMKE,2025,success,,351,334,17,17,334,1241779,57647,1489,0.0063603,99.85,2026-10-01T15:46:28.667637,,0.0,google/gemini-2.5-flash-lite
RMKO_2025.pdf,RMKO,2025,success,,298,281,17,17,281,1020006,57647,495,0.0059627,107.33,2026-10-01T15:47:54.221299,,0.0,google/gemini-2.5-flash-lite
ROCK_2025.pdf,ROCK,2025,success,,306,270,36,36,270,786099,118982,9156,0.01527179,201.77,2026-10-01T15:49:32.313605,,0.0,google/gemini-2.5-flash-lite
RODA_2025.pdf,RODA,2025,success,,182,169,13,13,169,653567,40989,1694,0.0047765,69.13,2026-10-01T15:47:37.993146,,0.0,google/gemini-2.5-flash-lite
RONY_2025.pdf,RONY,2025,success,,266,243,23,23,243,819963,71805,1138,0.0076357,189.57,2026-10-01T15:50:47.562693,,0.0,google/gemini-2.5-flash-lite
ROTI_2025.pdf,ROTI,2025,success,,236,227,9,9,227,893699,27128,1335,0.0032468,36.94,2026-10-01T15:48:31.162357,,0.0,google/gemini-2.5-flash-lite
RSCH_2025.pdf,RSCH,2025,success,,324,306,18,18,306,1004526,61038,7663,0.009169,100.94,2026-10-01T15:50:12.106449,,0.0,google/gemini-2.5-flash-lite
RSGK_2025.pdf,RSGK,2025,success,,197,187,10,10,187,890355,33910,1858,0.0041342,65.47,2026-10-01T15:50:37.790128,,0.0,google/gemini-2.5-flash-lite
RUIS_2025.pdf,RUIS,2025,success,,398,375,23,23,375,1336742,77993,9777,0.0117101,150.39,2026-10-01T15:52:39.320694,,0.0,google/gemini-2.5-flash-lite
RUNS_2025.pdf,RUNS,2025,success,,252,245,7,7,245,687128,23737,1180,0.0028457,35.44,2026-10-01T15:50:47.620933,,0.0,google/gemini-2.5-flash-lite
SAFE_2025.pdf,SAFE,2025,success,,150,140,10,10,140,481341,33910,1176,0.0038614,54.84,2026-10-01T15:51:32.637386,,0.0,google/gemini-2.5-flash-lite
SAGE_2025.pdf,SAGE,2025,success,,242,224,18,18,224,615723,61038,131,0.0061562,84.5,2026-10-01T15:54:03.856224,,0.0,google/gemini-2.5-flash-lite
SAME_2025.pdf,SAME,2025,success,,231,226,5,5,226,1155273,16955,2273,0.0026047,37.61,2026-10-01T15:53:16.963089,,0.0,google/gemini-2.5-flash-lite
SAMF_2025.pdf,SAMF,2025,success,,276,266,10,10,266,812061,33910,347,0.0035298,58.01,2026-10-01T15:53:37.360347,,0.0,google/gemini-2.5-flash-lite
SAPX_2025.pdf,SAPX,2025,success,,296,287,9,9,287,906008,30519,1192,0.0035287,51.46,2026-10-01T15:53:30.809849,,0.0,google/gemini-2.5-flash-lite
SATU_2025.pdf,SATU,2025,success,,331,303,28,28,303,938161,91854,9277,0.0128962,182.31,2026-10-01T15:56:19.282260,,0.0,google/gemini-2.5-flash-lite
SBMA_2025.pdf,SBMA,2025,success,,321,304,17,17,304,1149013,57647,1948,0.0065439,115.62,2026-10-01T15:55:26.505616,,0.0,google/gemini-2.5-flash-lite
SCCO_2025.pdf,SCCO,2025,success,,166,159,7,7,159,593420,23737,277,0.0024845,55.55,2026-10-01T15:54:32.908845,,0.0,google/gemini-2.5-flash-lite
SCMA_2025.pdf,SCMA,2025,success,,418,381,37,37,381,1349222,122373,9178,0.0159085,213.44,2026-10-01T15:57:37.302568,,0.0,google/gemini-2.5-flash-lite
SCNP_2025.pdf,SCNP,2025,success,,235,217,18,18,217,822309,61038,7329,0.0090354,105.13,2026-10-01T15:56:18.044676,,0.0,google/gemini-2.5-flash-lite
SCPI_2025.pdf,SCPI,2025,success,,293,286,7,7,286,857952,23737,5118,0.0044209,53.9,2026-10-01T15:56:20.409111,,0.0,google/gemini-2.5-flash-lite
SDMU_2025.pdf,SDMU,2025,success,,286,266,20,20,266,843030,64429,1641,0.0070993,84.99,2026-10-01T15:57:43.113568,,0.0,google/gemini-2.5-flash-lite
SDPC_2025.pdf,SDPC,2025,success,,366,347,19,19,347,1147503,64429,1390,0.0069989,84.52,2026-10-01T15:57:43.805839,,0.0,google/gemini-2.5-flash-lite
SDRA_2025.pdf,SDRA,2025,success,,668,643,25,25,643,2266770,84775,2015,0.0092835,142.52,2026-10-01T15:58:42.932686,,0.0,google/gemini-2.5-flash-lite
SEMA_2025.pdf,SEMA,2025,success,,237,230,7,7,230,709700,23737,258,0.0024769,40.6,2026-10-01T15:58:17.966829,,0.0,google/gemini-2.5-flash-lite
SFAN_2025.pdf,SFAN,2025,success,,268,141,127,127,141,700451,232218,111788,0.067937,807.43,2026-10-01T16:11:10.547280,,0.0,google/gemini-2.5-flash-lite
SGER_2025.pdf,SGER,2025,success,,296,275,21,21,275,1001083,71211,8490,0.0105171,116.06,2026-10-01T15:59:39.873770,,0.0,google/gemini-2.5-flash-lite
SGRO_2025.pdf,SGRO,2025,success,,502,485,17,17,485,1609119,57647,1946,0.0065431,93.42,2026-10-01T15:59:51.388949,,0.0,google/gemini-2.5-flash-lite
SHID_2025.pdf,SHID,2025,success,,236,210,26,26,210,652961,88166,8904,0.0123782,133.6,2026-10-01T16:00:56.539371,,0.0,google/gemini-2.5-flash-lite
SHIP_2025.pdf,SHIP,2025,success,,299,280,19,19,280,1154028,64429,1625,0.0070929,97.85,2026-10-01T16:01:17.725806,,0.0,google/gemini-2.5-flash-lite
SICO_2025.pdf,SICO,2025,success,,277,258,19,19,258,857530,64429,8442,0.0098197,107.47,2026-10-01T16:01:38.859091,,0.0,google/gemini-2.5-flash-lite
SIDO_2025.pdf,SIDO,2025,success,,406,390,16,16,390,1330452,51162,2363,0.0060614,112.66,2026-10-01T16:02:49.201772,,0.0,google/gemini-2.5-flash-lite
SILO_2025.pdf,SILO,2025,success,,408,398,10,10,398,1458712,33910,6164,0.0058566,68.9,2026-10-01T16:02:26.634086,,0.0,google/gemini-2.5-flash-lite
SIMP_2025.pdf,SIMP,2025,success,,249,234,15,15,234,819454,50865,9547,0.0089053,101.68,2026-10-01T16:03:20.543205,,0.0,google/gemini-2.5-flash-lite
SINI_2025.pdf,SINI,2025,success,,315,291,24,24,291,1031765,81384,8116,0.0113848,135.71,2026-10-01T16:04:42.346229,,0.0,google/gemini-2.5-flash-lite
SIPD_2025.pdf,SIPD,2025,success,,370,336,34,34,336,1013782,115294,10118,0.0155766,167.95,2026-10-01T16:05:37.154945,,0.0,google/gemini-2.5-flash-lite
SKBM_2025.pdf,SKBM,2025,success,,205,177,28,28,177,562332,94948,8488,0.01289,155.23,2026-10-01T16:05:56.087427,,0.0,google/gemini-2.5-flash-lite
SKLT_2025.pdf,SKLT,2025,success,,244,229,15,15,229,725813,46997,8949,0.0082793,100.96,2026-10-01T16:06:23.481877,,0.0,google/gemini-2.5-flash-lite
SKRN_2025.pdf,SKRN,2025,success,,348,334,14,14,334,903667,47474,3469,0.006135,85.03,2026-10-01T16:07:02.186156,,0.0,google/gemini-2.5-flash-lite
SLIS_2025.pdf,SLIS,2025,success,,226,201,25,25,201,606606,70845,10741,0.0113809,143.49,2026-10-01T16:08:19.583341,,0.0,google/gemini-2.5-flash-lite
SMAR_2025.pdf,SMAR,2025,success,,310,301,9,9,301,1075348,30519,8375,0.0064019,58.15,2026-10-01T16:07:21.631564,,0.0,google/gemini-2.5-flash-lite
SMBR_2025.pdf,SMBR,2025,success,,763,739,24,24,739,2612051,78290,1802,0.0085498,140.42,2026-10-01T16:09:22.612249,,0.0,google/gemini-2.5-flash-lite
SMCB_2025.pdf,SMCB,2025,success,,432,409,23,23,409,1338953,77993,750,0.0080993,81.91,2026-10-01T16:08:43.547551,,0.0,google/gemini-2.5-flash-lite
SMDM_2025.pdf,SMDM,2025,success,,308,279,29,29,279,907442,91557,6032,0.0115685,188.02,2026-10-01T16:11:27.665656,,0.0,google/gemini-2.5-flash-lite
SMDR_2025.pdf,SMDR,2025,success,,255,0,255,255,0,389379,844734,103533,0.12564675,2268.06,2026-10-01T16:46:31.607713,,0.0,google/gemini-2.5-flash-lite
SMGA_2025.pdf,SMGA,2025,success,,252,240,12,12,240,804123,37598,7927,0.0069306,96.57,2026-10-01T16:10:59.226534,,0.0,google/gemini-2.5-flash-lite
SMGR_2025.pdf,SMGR,2025,success,,662,647,15,15,647,2197405,50865,424,0.0052561,111.72,2026-10-01T16:12:50.949671,,0.0,google/gemini-2.5-flash-lite
SMIL_2025.pdf,SMIL,2025,success,,248,240,8,8,240,764330,27128,5497,0.0049116,61.8,2026-10-01T16:12:12.347566,,0.0,google/gemini-2.5-flash-lite
SMKL_2025.pdf,SMKL,2025,success,,353,338,15,15,338,951866,50865,2089,0.0059221,102.72,2026-10-01T16:13:10.522048,,0.0,google/gemini-2.5-flash-lite
SMKM_2025.pdf,SMKM,2025,success,,119,98,21,21,98,301289,49539,6067,0.0073807,122.12,2026-10-01T16:14:14.472015,,0.0,google/gemini-2.5-flash-lite
SMLE_2025.pdf,SMLE,2025,success,,337,314,23,23,314,977442,77993,2287,0.0087141,129.62,2026-10-01T16:15:00.578712,,0.0,google/gemini-2.5-flash-lite
SMMA_2025.pdf,SMMA,2025,success,,592,558,34,34,558,2043899,115294,11836,0.0162638,246.91,2026-10-01T16:17:17.433454,,0.0,google/gemini-2.5-flash-lite
SMMT_2025.pdf,SMMT,2025,success,,299,281,18,18,281,906186,61038,1882,0.0068566,110.86,2026-10-01T16:16:05.339017,,0.0,google/gemini-2.5-flash-lite
SMRA_2025.pdf,SMRA,2025,success,,377,374,3,3,374,1271554,10173,1455,0.0015993,30.67,2026-10-01T16:15:31.254166,,0.0,google/gemini-2.5-flash-lite
SMRU_2025.pdf,SMRU,2025,success,,163,147,16,16,147,466175,54256,2970,0.0066136,89.56,2026-10-01T16:17:00.817756,,0.0,google/gemini-2.5-flash-lite
SMSM_2025.pdf,SMSM,2025,success,,682,659,23,23,659,2051840,77993,14010,0.0134033,202.09,2026-10-01T16:19:27.620843,,0.0,google/gemini-2.5-flash-lite
SNLK_2025.pdf,SNLK,2025,success,,389,363,26,26,363,1228202,83522,5574,0.0105818,176.14,2026-10-01T16:19:56.961142,,0.0,google/gemini-2.5-flash-lite
SOCI_2025.pdf,SOCI,2025,success,,276,261,15,15,261,1066869,50865,6274,0.0075961,112.94,2026-10-01T16:19:10.378888,,0.0,google/gemini-2.5-flash-lite
SOFA_2025.pdf,SOFA,2025,success,,370,320,50,50,320,1003258,166456,8561,0.02007,300.03,2026-10-01T16:24:10.409029,,0.0,google/gemini-2.5-flash-lite
SOHO_2025.pdf,SOHO,2025,success,,500,472,28,28,472,1568211,88166,3312,0.00986825,179.78,2026-10-01T16:22:27.405275,,0.0,google/gemini-2.5-flash-lite
SOLA_2025.pdf,SOLA,2025,success,,364,344,20,20,344,1103694,67820,410,0.006946,129.81,2026-10-01T16:22:06.775969,,0.0,google/gemini-2.5-flash-lite
SONA_2025.pdf,SONA,2025,success,,224,212,12,12,212,691398,40692,6454,0.0066508,93.97,2026-10-01T16:48:05.609757,,0.0,google/gemini-2.5-flash-lite
SOSS_2025.pdf,SOSS,2025,success,,296,270,26,26,270,902949,88166,6393,0.0113738,153.37,2026-10-01T16:49:05.008770,,0.0,google/gemini-2.5-flash-lite
SOTS_2025.pdf,SOTS,2025,success,,309,300,9,9,300,890281,30519,3515,0.0044579,64.24,2026-10-01T16:47:35.879458,,0.0,google/gemini-2.5-flash-lite
SPMA_2025.pdf,SPMA,2025,success,,260,92,168,168,92,806988,549936,128461,0.10587877,1314.87,2026-10-01T17:08:26.508563,,0.0,google/gemini-2.5-flash-lite
SPRE_2025.pdf,SPRE,2025,success,,253,238,15,15,238,733899,50865,6063,0.0075117,80.16,2026-10-01T16:48:56.046205,,0.0,google/gemini-2.5-flash-lite
SPTO_2025.pdf,SPTO,2025,success,,364,341,23,23,341,1041228,77993,5871,0.0101477,167.53,2026-10-01T16:50:53.142202,,0.0,google/gemini-2.5-flash-lite
SQMI_2025.pdf,SQMI,2025,success,,176,171,5,5,171,563820,16955,1045,0.0021135,33.33,2026-10-01T16:49:29.376425,,0.0,google/gemini-2.5-flash-lite
SRAJ_2025.pdf,SRAJ,2025,success,,382,368,14,14,368,1235547,47474,1988,0.0055426,90.91,2026-10-01T16:50:35.918572,,0.0,google/gemini-2.5-flash-lite
SRSN_2025.pdf,SRSN,2025,success,,174,165,9,9,165,655608,30519,5921,0.0054203,72.02,2026-10-01T16:50:41.393989,,0.0,google/gemini-2.5-flash-lite
SRTG_2025.pdf,SRTG,2025,success,,173,152,21,21,152,549395,71211,6571,0.0097495,129.59,2026-10-01T16:52:45.691734,,0.0,google/gemini-2.5-flash-lite
SSIA_2025.pdf,SSIA,2025,success,,231,225,6,6,225,1551470,16955,5224,0.0037851,70.73,2026-10-01T16:51:52.130598,,0.0,google/gemini-2.5-flash-lite
SSMS_2025.pdf,SSMS,2025,success,,494,470,24,24,470,1672133,75196,2443,0.0084968,129.13,2026-10-01T16:53:02.271651,,0.0,google/gemini-2.5-flash-lite
SSTM_2025.pdf,SSTM,2025,success,,114,112,2,2,112,407684,6782,79,0.0007098,9.84,2026-10-01T16:52:01.975675,,0.0,google/gemini-2.5-flash-lite
STAA_2025.pdf,STAA,2025,success,,420,394,26,26,394,1284738,88166,2781,0.009929,181.37,2026-10-01T16:55:03.394398,,0.0,google/gemini-2.5-flash-lite
STAR_2025.pdf,STAR,2025,success,,190,178,12,12,178,647437,40692,9339,0.0078048,127.1,2026-10-01T16:54:52.807091,,0.0,google/gemini-2.5-flash-lite
STRK_2025.pdf,STRK,2025,success,,267,264,3,3,264,821765,10173,1381,0.0015697,19.5,2026-10-01T16:53:21.777417,,0.0,google/gemini-2.5-flash-lite
STTP_2025.pdf,STTP,2025,success,,203,191,12,12,191,616200,40692,3062,0.005294,55.29,2026-10-01T16:54:17.067715,,0.0,google/gemini-2.5-flash-lite
SUNI_2025.pdf,SUNI,2025,success,,286,260,26,26,260,908862,85072,12905,0.0136692,171.61,2026-10-01T16:57:08.684134,,0.0,google/gemini-2.5-flash-lite
SUPA_2025.pdf,SUPA,2025,success,,178,176,2,2,176,937577,6782,154,0.0007398,13.25,2026-10-01T16:55:06.055227,,0.0,google/gemini-2.5-flash-lite
SUPR_2025.pdf,SUPR,2025,success,,432,416,16,16,416,1394781,54256,6444,0.00775219,95.17,2026-10-01T16:56:38.595534,,0.0,google/gemini-2.5-flash-lite
SURE_2025.pdf,SURE,2025,success,,257,241,16,16,241,907939,54256,14727,0.0113164,101.71,2026-10-01T16:56:47.772112,,0.0,google/gemini-2.5-flash-lite
SURI_2025.pdf,SURI,2025,success,,227,207,20,20,207,674978,56984,1489,0.006294,75.15,2026-10-01T16:57:53.753990,,0.0,google/gemini-2.5-flash-lite
SWAT_2025.pdf,SWAT,2025,success,,249,237,12,12,237,742532,40692,1273,0.00431479,52.34,2026-10-01T16:57:40.116667,,0.0,google/gemini-2.5-flash-lite
SWID_2025.pdf,SWID,2025,success,,301,284,17,17,284,781602,54256,2473,0.0064148,72.47,2026-10-01T16:58:21.156562,,0.0,google/gemini-2.5-flash-lite
TALF_2025.pdf,TALF,2025,success,,352,330,22,22,330,1015396,69184,6382,0.00920021,111.76,2026-10-01T16:59:31.876952,,0.0,google/gemini-2.5-flash-lite
TAMA_2025.pdf,TAMA,2025,success,,257,244,13,13,244,730607,37895,1290,0.0043055,80.57,2026-10-01T16:59:14.329533,,0.0,google/gemini-2.5-flash-lite
TAMU_2025.pdf,TAMU,2025,success,,298,277,21,21,277,910927,71211,8612,0.0105659,122.08,2026-10-01T17:00:23.237642,,0.0,google/gemini-2.5-flash-lite
TAPG_2025.pdf,TAPG,2025,success,,360,343,17,17,343,1055355,54553,1569,0.0060829,90.32,2026-10-01T17:00:44.656616,,0.0,google/gemini-2.5-flash-lite
TARA_2025.pdf,TARA,2025,success,,222,200,22,22,200,661104,74602,8848,0.01072841,107.73,2026-10-01T17:01:19.607358,,0.0,google/gemini-2.5-flash-lite
TAXI_2025.pdf,TAXI,2025,success,,224,204,20,20,204,784805,64429,5796,0.0087613,109.52,2026-10-01T17:02:12.765278,,0.0,google/gemini-2.5-flash-lite
TBIG_2025.pdf,TBIG,2025,success,,381,357,24,24,357,1170447,78290,1978,0.0086202,119.87,2026-10-01T17:02:44.526248,,0.0,google/gemini-2.5-flash-lite
TBLA_2025.pdf,TBLA,2025,success,,354,323,31,31,323,1165919,102027,15440,0.0163787,160.93,2026-10-01T17:04:00.535306,,0.0,google/gemini-2.5-flash-lite
TBMS_2025.pdf,TBMS,2025,success,,207,203,4,4,203,579224,10173,816,0.0013437,16.44,2026-10-01T17:02:29.205768,,0.0,google/gemini-2.5-flash-lite
TCID_2025.pdf,TCID,2025,success,,328,311,17,17,311,1190641,54553,10216,0.0095417,106.94,2026-10-01T17:04:16.146077,,0.0,google/gemini-2.5-flash-lite
TCPI_2025.pdf,TCPI,2025,success,,318,305,13,13,305,972777,44083,7389,0.0073639,75.99,2026-10-01T17:04:00.518455,,0.0,google/gemini-2.5-flash-lite
TEBE_2025.pdf,TEBE,2025,success,,352,326,26,26,326,1067445,81681,5891,0.0105245,154.81,2026-10-01T17:06:35.353472,,0.0,google/gemini-2.5-flash-lite
TFAS_2025.pdf,TFAS,2025,success,,295,271,24,24,271,756463,81384,7908,0.0113016,115.48,2026-10-01T17:05:56.036520,,0.0,google/gemini-2.5-flash-lite
TFCO_2025.pdf,TFCO,2025,success,,203,193,10,10,193,727887,33910,2125,0.004241,60.06,2026-10-01T17:05:16.207099,,0.0,google/gemini-2.5-flash-lite
TGKA_2025.pdf,TGKA,2025,success,,318,308,10,10,308,979238,30816,1231,0.003574,49.39,2026-10-01T17:06:05.598331,,0.0,google/gemini-2.5-flash-lite
TGUK_2025.pdf,TGUK,2025,success,,338,323,15,15,323,876836,50865,8415,0.0084525,77.36,2026-10-01T17:07:13.400692,,0.0,google/gemini-2.5-flash-lite
TIFA_2025.pdf,TIFA,2025,success,,424,410,14,14,410,1540863,44083,1417,0.0049751,69.78,2026-10-01T17:07:15.381499,,0.0,google/gemini-2.5-flash-lite
TINS_2025.pdf,TINS,2025,success,,856,853,3,3,853,3126881,10173,1455,0.0015993,28.77,2026-10-01T17:07:04.125894,,0.0,google/gemini-2.5-flash-lite
TIRA_2025.pdf,TIRA,2025,success,,303,295,8,8,295,1038007,27128,255,0.0028148,58.52,2026-10-01T17:08:02.653394,,0.0,google/gemini-2.5-flash-lite
TIRT_2025.pdf,TIRT,2025,success,,212,131,81,81,131,610025,258904,74234,0.055584,529.45,2026-10-01T17:16:02.854851,,0.0,google/gemini-2.5-flash-lite
TKIM_2025.pdf,TKIM,2025,success,,220,181,39,39,181,797394,119576,7565,0.0149836,218.1,2026-10-01T17:10:53.487675,,0.0,google/gemini-2.5-flash-lite
TLDN_2025.pdf,TLDN,2025,success,,392,373,19,19,373,1314571,64429,1580,0.0070749,127.33,2026-10-01T17:10:09.986125,,0.0,google/gemini-2.5-flash-lite
TLKM_2025.pdf,TLKM,2025,success,,616,596,20,20,596,1616175,67820,2015,0.007588,81.17,2026-10-01T17:09:47.679982,,0.0,google/gemini-2.5-flash-lite
TMAS_2025.pdf,TMAS,2025,success,,278,260,18,18,260,951974,61038,1058,0.006527,93.8,2026-10-01T17:11:21.485885,,0.0,google/gemini-2.5-flash-lite
TMPO_2025.pdf,TMPO,2025,success,,126,115,11,11,115,245354,37301,1148,0.00338308,42.98,2026-10-01T17:10:52.972559,,0.0,google/gemini-2.5-flash-lite
TNCA_2025.pdf,TNCA,2025,success,,203,195,8,8,195,670743,27128,1156,0.0031752,35.88,2026-10-01T17:11:28.853461,,0.0,google/gemini-2.5-flash-lite
TOBA_2025.pdf,TOBA,2025,success,,301,299,2,2,299,1921683,6782,41,0.0006946,14.34,2026-10-01T17:16:17.226301,,0.0,google/gemini-2.5-flash-lite
TOOL_2025.pdf,TOOL,2025,success,,276,254,22,22,254,909352,74602,6998,0.0102594,118.68,2026-10-01T17:18:01.562887,,0.0,google/gemini-2.5-flash-lite
TOSK_2025.pdf,TOSK,2025,success,,308,274,34,34,274,1098135,115294,10351,0.0156698,165.7,2026-10-01T17:18:48.580514,,0.0,google/gemini-2.5-flash-lite
TOTL_2025.pdf,TOTL,2025,success,,493,466,27,27,466,1604513,79181,8391,0.0112745,174.75,2026-10-01T17:18:57.662170,,0.0,google/gemini-2.5-flash-lite
TOTO_2025.pdf,TOTO,2025,success,,378,366,12,12,366,998297,28316,2357,0.0037744,106.3,2026-10-01T17:18:03.528158,,0.0,google/gemini-2.5-flash-lite
TOWR_2025.pdf,TOWR,2025,success,,655,641,14,14,641,2232038,44380,2246,0.0053364,81.99,2026-10-01T17:19:23.558103,,0.0,google/gemini-2.5-flash-lite
TPIA_2025.pdf,TPIA,2025,success,,532,508,24,24,508,1960994,81384,8298,0.0114576,156.82,2026-10-01T17:20:40.351488,,0.0,google/gemini-2.5-flash-lite
TPMA_2025.pdf,TPMA,2025,success,,150,141,9,9,141,463720,27425,14226,0.0084329,89.5,2026-10-01T17:20:18.082968,,0.0,google/gemini-2.5-flash-lite
TRGU_2025.pdf,TRGU,2025,success,,332,311,21,21,311,783132,61929,751,0.0064933,118.34,2026-10-01T17:20:56.059577,,0.0,google/gemini-2.5-flash-lite
TRIM_2025.pdf,TRIM,2025,success,,490,453,37,37,453,1506915,106903,3819,0.0122179,309.43,2026-10-01T17:24:32.991668,,0.0,google/gemini-2.5-flash-lite
TRIN_2025.pdf,TRIN,2025,success,,401,381,20,20,381,1280989,67820,1453,0.0073632,85.0,2026-10-01T17:21:43.085182,,0.0,google/gemini-2.5-flash-lite
TRIO_2025.pdf,TRIO,2025,success,,280,262,18,18,262,969045,57944,1299,0.006314,92.51,2026-10-01T17:22:12.915403,,0.0,google/gemini-2.5-flash-lite
TRIS_2025.pdf,TRIS,2025,success,,418,405,13,13,405,1489443,40989,312,0.0042237,75.15,2026-10-01T17:22:11.215764,,0.0,google/gemini-2.5-flash-lite
TRJA_2025.pdf,TRJA,2025,success,,213,196,17,17,196,642821,57647,6997,0.0085635,198.81,2026-10-01T17:25:01.902262,,0.0,google/gemini-2.5-flash-lite
TRON_2025.pdf,TRON,2025,success,,288,284,4,4,284,853894,7376,915,0.0011036,129.4,2026-10-01T17:24:20.623978,,0.0,google/gemini-2.5-flash-lite
TRST_2025.pdf,TRST,2025,success,,288,264,24,24,264,853094,74602,6958,0.00997241,211.99,2026-10-01T17:25:44.910365,,0.0,google/gemini-2.5-flash-lite
TRUE_2025.pdf,TRUE,2025,success,,292,274,18,18,274,838771,57944,425,0.0059644,99.01,2026-10-01T17:25:59.641038,,0.0,google/gemini-2.5-flash-lite
TRUK_2025.pdf,TRUK,2025,success,,207,192,15,15,192,675694,44380,4469,0.0062256,106.71,2026-10-01T17:26:19.707901,,0.0,google/gemini-2.5-flash-lite
TRUS_2025.pdf,TRUS,2025,success,,131,128,3,3,128,388852,10173,2088,0.0018525,19.74,2026-10-01T17:25:21.642377,,0.0,google/gemini-2.5-flash-lite
TSPC_2025.pdf,TSPC,2025,success,,149,149,0,0,149,989570,0,0,0.0,3.17,2026-10-01T17:25:24.819051,,0.0,
TUGU_2025.pdf,TUGU,2025,success,,672,653,19,19,653,2356027,64429,8997,0.0100417,111.07,2026-10-01T17:27:15.889240,,0.0,google/gemini-2.5-flash-lite
TYRE_2025.pdf,TYRE,2025,success,,202,113,89,89,113,622149,295314,93224,0.066821,594.67,2026-10-01T17:35:39.578941,,0.0,google/gemini-2.5-flash-lite
UANG_2025.pdf,UANG,2025,success,,76,62,14,14,62,167680,47474,206,0.0048298,74.28,2026-10-01T17:27:13.972021,,0.0,google/gemini-2.5-flash-lite
UCID_2025.pdf,UCID,2025,success,,348,322,26,26,322,1066181,88166,8363,0.0121618,125.69,2026-10-01T17:28:25.403202,,0.0,google/gemini-2.5-flash-lite
UDNG_2025.pdf,UDNG,2025,success,,222,208,14,14,208,693657,47474,6362,0.0072922,114.93,2026-10-01T17:29:08.901971,,0.0,google/gemini-2.5-flash-lite
UFOE_2025.pdf,UFOE,2025,success,,325,100,225,225,100,1020868,737926,240554,0.1700142,1559.26,2026-10-01T17:53:15.151526,,0.0,google/gemini-2.5-flash-lite
ULTJ_2025.pdf,ULTJ,2025,success,,225,203,22,22,203,798344,74602,5197,0.009539,88.17,2026-10-01T17:29:53.578090,,0.0,google/gemini-2.5-flash-lite
UNIC_2025.pdf,UNIC,2025,success,,293,276,17,17,276,968489,57647,2541,0.0067811,83.57,2026-10-01T17:30:32.520400,,0.0,google/gemini-2.5-flash-lite
UNIQ_2025.pdf,UNIQ,2025,success,,291,206,85,85,206,747309,282047,71100,0.0566447,556.22,2026-10-01T17:39:09.797728,,0.0,google/gemini-2.5-flash-lite
UNSP_2025.pdf,UNSP,2025,success,,311,298,13,13,298,1003036,44083,2217,0.0052951,49.54,2026-10-01T17:31:22.063329,,0.0,google/gemini-2.5-flash-lite
UNTD_2025.pdf,UNTD,2025,success,,291,281,10,10,281,814586,33910,1198,0.0038702,47.46,2026-10-01T17:32:09.525746,,0.0,google/gemini-2.5-flash-lite
UNTR_2025.pdf,UNTR,2025,success,,524,500,24,24,500,1525536,75196,11414,0.0120852,133.32,2026-10-01T17:34:22.850867,,0.0,google/gemini-2.5-flash-lite
UNVR_2025.pdf,UNVR,2025,success,,482,467,15,15,467,1407340,47771,6367,0.0073239,85.4,2026-10-01T17:35:48.252065,,0.0,google/gemini-2.5-flash-lite
URBN_2025.pdf,URBN,2025,success,,290,272,18,18,272,921910,57647,1255,0.0062667,101.32,2026-10-01T17:37:20.906693,,0.0,google/gemini-2.5-flash-lite
UVCR_2025.pdf,UVCR,2025,success,,272,241,31,31,241,934557,105121,5864,0.01258671,163.69,2026-10-01T17:38:31.945997,,0.0,google/gemini-2.5-flash-lite
VAST_2025.pdf,VAST,2025,success,,329,329,0,0,329,1034071,0,0,0.0,5.64,2026-10-01T17:37:26.554098,,0.0,
VERN_2025.pdf,VERN,2025,success,,243,235,8,8,235,775697,27128,810,0.0030368,41.39,2026-10-01T17:38:07.950233,,0.0,google/gemini-2.5-flash-lite
VICI_2025.pdf,VICI,2025,success,,418,391,27,27,391,1051637,88463,2250,0.0097463,116.61,2026-10-01T17:40:04.560980,,0.0,google/gemini-2.5-flash-lite
VICO_2025.pdf,VICO,2025,success,,410,391,19,19,391,1465424,64429,1373,0.0069921,90.04,2026-10-01T17:40:01.989812,,0.0,google/gemini-2.5-flash-lite
VINS_2025.pdf,VINS,2025,success,,328,309,19,19,309,1042216,61038,7888,0.009259,98.27,2026-10-01T17:40:48.068454,,0.0,google/gemini-2.5-flash-lite
VISI_2025.pdf,VISI,2025,success,,232,172,60,60,172,581423,203460,21396,0.0289044,292.85,2026-10-01T17:44:54.844417,,0.0,google/gemini-2.5-flash-lite
VIVA_2025.pdf,VIVA,2025,success,,428,402,26,26,402,1414784,88166,8061,0.012041,133.83,2026-10-01T17:42:18.390401,,0.0,google/gemini-2.5-flash-lite
VKTR_2025.pdf,VKTR,2025,success,,286,281,5,5,281,1759881,16955,6100,0.0041355,66.18,2026-10-01T17:41:54.252185,,0.0,google/gemini-2.5-flash-lite
VOKS_2025.pdf,VOKS,2025,success,,274,262,12,12,262,861072,33910,6672,0.0060598,92.18,2026-10-01T17:43:26.438493,,0.0,google/gemini-2.5-flash-lite
VRNA_2025.pdf,VRNA,2025,success,,361,354,7,7,354,1385848,23737,1079,0.0028053,49.77,2026-10-01T17:43:08.161798,,0.0,google/gemini-2.5-flash-lite
VTNY_2025.pdf,VTNY,2025,success,,266,243,23,23,243,902197,74899,7552,0.0105107,111.74,2026-10-01T17:44:59.902436,,0.0,google/gemini-2.5-flash-lite
WAPO_2025.pdf,WAPO,2025,success,,197,179,18,18,179,484555,61038,11010,0.0105078,111.6,2026-10-01T17:45:18.038970,,0.0,google/gemini-2.5-flash-lite
WEGE_2025.pdf,WEGE,2025,success,,716,689,27,27,689,2589647,91557,6740,0.0118517,183.08,2026-10-01T17:47:57.922769,,0.0,google/gemini-2.5-flash-lite
WEHA_2025.pdf,WEHA,2025,success,,194,185,9,9,185,676757,30519,1716,0.0037383,56.43,2026-10-01T17:45:56.333799,,0.0,google/gemini-2.5-flash-lite
WIDI_2025.pdf,WIDI,2025,success,,377,356,21,21,356,867971,68117,14165,0.0124777,116.58,2026-10-01T18:41:05.700173,,0.0,google/gemini-2.5-flash-lite
WIFI_2025.pdf,WIFI,2025,success,,414,392,22,22,392,1552169,71211,6246,0.00937245,161.74,2026-10-01T18:41:50.858302,,0.0,google/gemini-2.5-flash-lite
WIIM_2025.pdf,WIIM,2025,success,,278,268,10,10,268,870725,27425,6184,0.004974,86.18,2026-10-01T18:42:31.881362,,0.0,google/gemini-2.5-flash-lite
WINE_2025.pdf,WINE,2025,success,,376,350,26,26,350,1199220,85072,7240,0.0114032,123.28,2026-10-01T18:44:35.165567,,0.0,google/gemini-2.5-flash-lite
WIKA_2025.pdf,WIKA,2025,success,,1116,1074,42,42,1074,4298843,139328,8468,0.01732,236.87,2026-10-01T18:45:47.735660,,0.0,google/gemini-2.5-flash-lite
WINR_2025.pdf,WINR,2025,success,,273,252,21,21,252,799924,71211,7207,0.0100039,92.44,2026-10-01T18:46:07.605934,,0.0,google/gemini-2.5-flash-lite
WINS_2025.pdf,WINS,2025,success,,143,138,5,5,138,866914,13861,6501,0.0039865,53.06,2026-10-01T18:46:40.806465,,0.0,google/gemini-2.5-flash-lite
WIRG_2025.pdf,WIRG,2025,success,,595,585,10,10,585,2170700,30816,6091,0.005518,85.3,2026-10-01T18:47:32.906011,,0.0,google/gemini-2.5-flash-lite
WMPP_2025.pdf,WMPP,2025,success,,220,202,18,18,202,1130598,57944,9311,0.0095188,121.12,2026-10-01T18:48:41.930009,,0.0,google/gemini-2.5-flash-lite
WMUU_2025.pdf,WMUU,2025,success,,254,237,17,17,237,849713,57647,7829,0.0088963,94.4,2026-10-01T18:49:07.309595,,0.0,google/gemini-2.5-flash-lite
WOMF_2025.pdf,WOMF,2025,success,,728,716,12,12,716,2471447,40692,1925,0.0048392,83.53,2026-10-01T18:50:05.467850,,0.0,google/gemini-2.5-flash-lite
WOOD_2025.pdf,WOOD,2025,success,,314,297,17,17,297,1031717,51162,497,0.005315,81.59,2026-10-01T18:50:28.904288,,0.0,google/gemini-2.5-flash-lite
WICO_2025.pdf,WICO,2025,success,,333,222,111,111,222,916632,376401,96298,0.07588327,681.79,2026-10-01T18:50:30.849399,,0.0,google/gemini-2.5-flash-lite
WOWS_2025.pdf,WOWS,2025,success,,273,265,8,8,265,868284,23258,3722,0.0038146,42.46,2026-10-01T18:50:48.380569,,0.0,google/gemini-2.5-flash-lite
WSBP_2025.pdf,WSBP,2025,success,,1012,995,17,17,995,3561115,57647,6852,0.0085055,160.97,2026-10-01T18:53:09.876773,,0.0,google/gemini-2.5-flash-lite
WTON_2025.pdf,WTON,2025,success,,834,811,23,23,811,2904989,74899,6368,0.0100371,154.6,2026-10-01T18:53:22.980354,,0.0,google/gemini-2.5-flash-lite
WSKT_2025.pdf,WSKT,2025,success,,1001,970,31,31,970,4060689,104347,12470,0.0154227,201.98,2026-10-01T18:53:52.833163,,0.0,google/gemini-2.5-flash-lite
YPAS_2025.pdf,YPAS,2025,success,,259,246,13,13,246,809312,44083,5321,0.0065367,66.89,2026-10-01T18:54:59.730706,,0.0,google/gemini-2.5-flash-lite
YELO_2025.pdf,YELO,2025,success,,277,250,27,27,250,827723,81978,11419,0.0127654,149.6,2026-10-01T18:55:39.486625,,0.0,google/gemini-2.5-flash-lite
YUPI_2025.pdf,YUPI,2025,success,,240,229,11,11,229,785853,31113,4071,0.0047397,68.67,2026-10-01T18:56:48.165132,,0.0,google/gemini-2.5-flash-lite
ZATA_2025.pdf,ZATA,2025,success,,236,218,18,18,218,977184,61038,8141,0.0093602,95.41,2026-10-01T18:58:23.579840,,0.0,google/gemini-2.5-flash-lite
ZINC_2025.pdf,ZINC,2025,success,,288,266,22,22,266,965680,74602,15259,0.0135638,113.55,2026-10-01T19:00:17.138347,,0.0,google/gemini-2.5-flash-lite
ZONE_2025.pdf,ZONE,2025,success,,356,337,19,19,337,1282051,64429,8008,0.0096461,83.73,2026-10-01T19:01:40.870607,,0.0,google/gemini-2.5-flash-lite
ZYRX_2025.pdf,ZYRX,2025,success,,301,286,15,15,286,818846,50865,2151,0.00568518,78.6,2026-10-01T19:02:59.473727,,0.0,google/gemini-2.5-flash-lite
YOII_2025.pdf,YOII,2025,success,,416,312,104,104,312,1361934,352664,106469,0.077854,613.93,2026-10-01T19:03:36.917519,,0.0,google/gemini-2.5-flash-lite
YULE_2025.pdf,YULE,2025,success,,273,54,219,219,54,739607,720971,133144,0.1253547,1181.08,2026-10-01T19:14:40.815205,,0.0,google/gemini-2.5-flash-lite
WGSH_2025.pdf,WGSH,2025,success,,322,0,322,322,0,919672,1057571,255519,0.20633723,2341.64,2026-10-01T19:18:10.694448,,0.0,google/gemini-2.5-flash-lite
